tpep_pickup_datetime,tpep_dropoff_datetime,PULocationID,DOLocationID,trip_distance,fare_amount,passenger_count,payment_type
2026-01-03 18:24:09,2026-01-03 18:25:09.000000000,246,3,1.1,0.69,2,1
2026-01-24 23:49:23,2026-01-25 00:36:12.507917756,137,5,2.11,1.92,2,2
2026-01-21 07:00:04,2026-01-21 07:01:04.000000000,75,73,0.64,6.67,2,2
2026-01-14 14:31:32,2026-01-14 14:47:44.684201918,79,19,0.91,1.73,2,1
2026-01-14 10:09:48,2026-01-14 10:21:29.732593980,133,67,0.29,12.12,2,2
2026-01-27 14:47:48,2026-01-27 14:49:04.744530281,70,258,0.27,29.78,3,1
2026-01-03 15:56:36,2026-01-03 15:57:47.848757472,227,48,1.41,7.75,1,2
2026-01-22 14:50:30,2026-01-22 15:09:05.446714260,25,148,1.43,14.89,1,2
2026-01-07 05:53:36,2026-01-07 05:54:36.000000000,184,184,4.41,3.42,3,1
2026-01-03 22:04:04,2026-01-03 22:35:22.344340252,7,190,3.64,2.8,1,2
2026-01-17 07:42:01,2026-01-17 07:49:31.417190170,120,243,2.16,4.14,1,1
2026-01-31 05:51:46,2026-01-31 06:00:06.248600314,171,133,0.34,14.37,1,2
2026-01-23 19:23:59,2026-01-23 19:30:41.063238662,84,97,3.14,3.29,4,2
2026-01-24 14:17:16,2026-01-24 14:23:07.908342910,128,31,0.03,0.06,4,1
2026-01-23 05:48:11,2026-01-23 06:03:59.731414862,77,219,4.18,15.36,4,2
2026-01-25 08:49:54,2026-01-25 09:03:20.394381246,171,217,4.55,0.2,3,1
2026-01-16 21:50:26,2026-01-16 21:59:36.052279424,191,237,0.14,1.65,3,2
2026-01-04 23:18:59,2026-01-04 23:20:45.786228914,21,167,0.25,11.35,3,1
2026-01-27 00:46:21,2026-01-27 00:56:10.723406700,194,82,0.07,3.09,4,2
2026-01-14 23:05:13,2026-01-14 23:12:21.488305347,183,120,0.9,8.33,4,1
2026-01-16 12:15:42,2026-01-16 12:23:20.099207700,125,59,1.53,25.58,1,2
2026-01-12 11:52:25,2026-01-12 12:12:25.300729744,212,251,0.38,71.05,3,2
2026-01-06 15:49:00,2026-01-06 15:51:01.186927668,99,59,1.67,3.06,3,1
2026-01-29 17:30:47,2026-01-29 17:33:15.173718956,118,36,0.86,27.23,4,1
2026-01-25 05:29:10,2026-01-25 05:30:10.000000000,132,18,0.26,6.91,4,1
2026-01-20 23:02:08,2026-01-20 23:06:34.703812454,256,201,0.47,21.47,2,1
2026-01-13 11:23:46,2026-01-13 11:28:37.280669374,252,203,0.37,9.01,3,2
2026-01-26 12:08:04,2026-01-26 12:15:51.678062710,155,24,0.63,24.3,1,2
2026-01-17 21:47:57,2026-01-17 21:53:31.488283818,176,83,6.51,2.66,3,2
2026-01-14 17:54:00,2026-01-14 18:19:37.353758478,134,145,8.65,2.92,1,1
2026-01-14 23:08:30,2026-01-14 23:31:07.570187940,143,28,5.67,5.12,1,2
2026-01-08 01:03:56,2026-01-08 01:10:06.625337576,232,82,0.67,3.89,2,2
2026-01-03 20:32:56,2026-01-03 20:43:13.708227548,1,255,1.1,10.05,4,2
2026-01-18 04:36:39,2026-01-18 04:43:41.306523192,155,201,3.78,17.35,1,2
2026-01-28 12:35:24,2026-01-28 12:43:47.798677518,179,220,0.59,8.51,2,1
2026-01-02 23:28:48,2026-01-02 23:38:47.244671958,204,93,3.16,26.79,2,2
2026-01-27 14:34:07,2026-01-27 14:35:48.530210356,211,175,1.98,29.99,3,1
2026-01-26 15:45:27,2026-01-26 15:52:49.723162482,226,164,6.88,9.65,2,1
2026-01-09 13:54:33,2026-01-09 13:56:21.441103410,231,85,0.49,14.6,2,2
2026-01-20 13:57:29,2026-01-20 14:45:56.952599558,256,149,1.39,24.4,4,2
2026-01-06 02:55:49,2026-01-06 03:01:25.329134824,28,112,4.04,9.95,1,1
2026-01-24 12:01:02,2026-01-24 12:07:44.326491632,10,159,0.91,19.08,1,2
2026-01-22 17:11:20,2026-01-22 17:33:11.676421214,129,81,2.35,11.07,1,1
2026-01-11 23:46:02,2026-01-11 23:48:23.410528334,164,223,1.33,6.88,4,2
2026-01-03 02:31:56,2026-01-03 03:24:45.831045170,116,182,0.48,14.88,4,1
2026-01-31 02:11:57,2026-01-31 02:17:38.270504004,9,111,4.99,37.55,2,1
2026-01-14 19:35:29,2026-01-14 19:36:29.000000000,115,186,4.85,7.18,2,2
2026-01-28 16:28:55,2026-01-28 16:36:34.403611696,64,139,0.96,8.12,3,1
2026-01-22 00:22:18,2026-01-22 00:30:22.424318142,99,136,0.64,1.34,2,2
2026-01-25 03:07:02,2026-01-25 03:08:45.440588540,164,242,0.02,18.87,1,2
2026-01-24 13:21:54,2026-01-24 13:29:33.572530332,74,55,4.78,2.44,4,2
2026-01-07 00:48:40,2026-01-07 00:52:21.066540490,26,210,0.86,1.48,4,1
2026-01-12 06:44:45,2026-01-12 07:30:51.682939914,104,157,1.45,10.09,3,1
2026-01-15 11:14:25,2026-01-15 11:59:30.626222854,15,77,1.01,14.71,3,2
2026-01-16 10:21:24,2026-01-16 10:22:58.340228964,191,77,3.23,4.05,3,2
2026-01-02 08:35:24,2026-01-02 08:52:25.076187828,61,114,5.66,0.64,1,2
2026-01-17 22:38:51,2026-01-17 22:52:08.594328228,176,165,4.96,2.53,2,1
2026-01-05 18:47:28,2026-01-05 18:51:32.370153160,151,160,3.29,17.04,3,2
2026-01-24 01:04:18,2026-01-24 01:05:18.000000000,166,105,0.36,12.13,1,1
2026-01-22 04:11:18,2026-01-22 04:15:13.296739050,75,237,0.92,15.59,2,1
2026-01-29 14:21:38,2026-01-29 14:31:16.946105612,264,44,3.14,4.37,3,1
2026-01-24 02:06:10,2026-01-24 02:09:39.271144666,150,17,0.97,13.86,2,2
2026-01-12 08:46:55,2026-01-12 09:40:45.506345200,126,179,1.49,2.67,4,2
2026-01-30 23:49:38,2026-01-30 23:56:55.561672268,8,89,3.98,10.6,3,1
2026-01-13 17:40:21,2026-01-13 17:43:43.369435944,62,251,0.36,32.88,1,1
2026-01-11 02:24:50,2026-01-11 02:27:31.111364774,86,138,9.6,23.9,3,2
2026-01-29 01:43:06,2026-01-29 01:51:06.965815290,117,118,1.32,1.05,2,2
2026-01-12 11:37:19,2026-01-12 11:41:01.764572116,164,87,0.61,18.97,4,1
2026-01-03 08:47:57,2026-01-03 09:07:32.400090408,70,111,5.82,5.68,1,2
2026-01-15 13:20:58,2026-01-15 13:22:21.753495808,98,135,1.62,14.0,2,2
2026-01-25 15:59:09,2026-01-25 16:40:59.483649318,245,131,2.19,20.64,3,1
2026-01-06 20:58:00,2026-01-06 21:10:18.370975560,166,247,2.77,30.7,4,1
2026-01-15 08:25:40,2026-01-15 08:26:40.000000000,49,37,1.1,7.42,3,2
2026-01-05 00:39:41,2026-01-05 00:48:09.929462006,71,156,5.42,5.02,2,2
2026-01-22 06:44:23,2026-01-22 06:48:55.127628452,136,142,-1.0,39.77,1,2
2026-01-15 17:55:28,2026-01-15 18:05:09.714319000,46,226,0.35,24.23,2,1
2026-01-11 05:39:57,2026-01-11 06:10:07.299276660,137,145,2.82,5.25,4,1
2026-01-18 11:59:16,2026-01-18 12:15:22.463891938,182,89,0.11,0.96,3,2
2026-01-21 18:20:29,2026-01-21 18:23:34.625382872,117,101,1.04,11.78,2,1
2026-01-30 03:35:15,2026-01-30 03:38:07.596094866,171,138,4.42,11.32,4,1
2026-01-14 13:14:27,2026-01-14 13:33:04.488715512,222,30,0.96,2.27,4,1
2026-01-05 23:33:07,2026-01-05 23:36:26.406638488,59,207,4.19,8.16,2,2
2026-01-26 19:30:45,2026-01-26 19:40:25.273152288,257,159,0.34,13.82,4,1
2026-01-20 12:32:40,2026-01-20 12:47:50.901251308,237,192,3.47,11.81,1,1
2026-01-22 16:59:50,2026-01-22 17:48:19.728704942,49,199,1.34,7.57,3,2
2026-01-04 00:20:11,2026-01-04 00:29:04.433331332,23,191,0.21,5.03,3,2
2026-01-10 16:24:02,2026-01-10 16:33:17.904058274,251,51,0.07,0.37,4,2
2026-01-24 19:16:33,2026-01-24 19:22:49.198533054,126,197,0.72,4.82,3,1
2026-01-26 19:12:04,2026-01-26 19:13:04.000000000,59,187,3.14,3.57,3,2
2026-01-14 11:48:04,2026-01-14 12:09:39.924856834,4,219,1.25,12.77,1,1
2026-01-25 22:44:40,2026-01-25 23:15:55.281009844,1,122,3.66,40.83,4,2
2026-01-27 02:13:07,2026-01-27 02:46:45.161288752,256,2,2.7,12.91,4,2
2026-01-13 00:17:02,2026-01-13 00:28:50.709100652,127,130,5.53,6.66,4,1
2026-01-28 20:10:37,2026-01-28 20:22:26.731254292,247,55,6.22,14.11,1,2
2026-01-09 22:30:57,2026-01-09 23:03:09.315231012,125,214,7.87,35.31,1,2
2026-01-08 10:13:51,2026-01-08 10:15:46.171800654,32,97,2.99,20.93,3,2
2026-01-22 03:46:35,2026-01-22 03:56:56.231056982,56,139,0.42,0.16,4,1
2026-01-20 17:45:02,2026-01-20 18:38:20.980359224,210,78,0.42,10.18,1,2
2026-01-05 07:58:33,2026-01-05 08:19:57.068941332,119,186,0.12,28.09,1,1
2026-01-26 19:33:22,2026-01-26 20:19:36.416228032,93,258,0.24,33.93,4,2
2026-01-07 04:43:54,2026-01-07 04:46:22.606436442,185,54,0.85,14.61,1,2
2026-01-25 22:50:41,2026-01-25 23:28:02.168650184,182,87,4.58,3.49,3,1
2026-01-01 05:28:39,2026-01-01 05:36:13.502641386,263,146,1.79,3.74,4,2
2026-01-25 16:51:03,2026-01-25 17:24:27.474327972,88,228,0.28,15.69,4,2
2026-01-25 09:28:18,2026-01-25 09:38:09.639365748,48,143,4.81,13.27,1,2
2026-01-25 04:35:27,2026-01-25 04:56:03.414009732,177,191,4.42,36.75,3,1
2026-01-21 14:38:56,2026-01-21 15:00:02.563884362,264,30,0.62,5.12,1,1
2026-01-15 14:50:45,2026-01-15 14:59:54.954870264,44,70,1.51,8.31,2,1
2026-01-22 20:38:34,2026-01-22 20:48:21.735631246,137,262,5.63,0.11,2,2
2026-01-09 14:10:42,2026-01-09 14:16:42.415455252,123,9,0.5,4.59,2,2
2026-01-25 04:51:44,2026-01-25 04:55:04.998557066,123,134,5.66,6.98,1,1
2026-01-18 05:24:04,2026-01-18 05:30:23.453720722,227,211,5.04,0.98,2,2
2026-01-15 05:26:00,2026-01-15 05:29:25.084810044,83,66,2.22,0.1,1,1
2026-01-16 16:10:15,2026-01-16 16:12:42.644941128,254,140,2.8,12.29,3,1
2026-01-18 15:08:36,2026-01-18 15:14:05.324234874,232,78,2.42,5.78,1,2
2026-01-02 03:43:23,2026-01-02 03:44:32.373085550,118,250,0.87,28.05,3,2
2026-01-05 08:00:32,2026-01-05 08:20:27.484666214,252,9,0.69,84.44,3,2
2026-01-08 14:38:16,2026-01-08 14:44:48.103388440,258,253,0.88,12.25,1,1
2026-01-04 13:12:37,2026-01-04 13:39:04.740514714,108,243,7.19,1.53,1,2
2026-01-14 15:04:20,2026-01-14 16:01:09.222869312,43,35,7.75,3.61,4,1
2026-01-21 17:17:30,2026-01-21 17:29:32.915472552,243,59,2.51,1.55,1,2
2026-01-21 06:53:42,2026-01-21 07:05:51.351503634,97,89,1.04,0.96,2,1
2026-01-15 14:29:44,2026-01-15 14:30:44.000000000,149,205,1.55,35.02,3,1
2026-01-27 12:10:46,2026-01-27 12:16:23.720489758,15,14,1.5,0.31,2,1
2026-01-18 12:32:08,2026-01-18 12:34:33.515403812,42,238,2.74,6.9,1,1
2026-01-03 10:55:22,2026-01-03 11:03:48.022296772,50,11,0.81,1.19,1,2
2026-01-24 17:09:32,2026-01-24 17:23:52.754980790,99,256,0.21,6.45,3,2
2026-01-18 19:30:10,2026-01-18 19:53:50.152890364,219,127,1.09,68.3,4,2
2026-01-20 16:13:49,2026-01-20 16:14:49.000000000,19,243,1.62,4.5,1,1
2026-01-18 12:38:15,2026-01-18 13:04:37.618497336,163,261,0.12,10.7,2,1
2026-01-18 03:51:47,2026-01-18 03:52:47.000000000,226,128,0.15,1.93,1,2
2026-01-03 19:22:53,2026-01-03 19:27:39.929869928,26,227,0.37,2.0,1,2
2026-01-18 08:03:00,2026-01-18 08:05:11.578643148,76,120,3.13,7.44,2,1
2026-01-25 15:24:53,2026-01-25 15:30:21.541653836,108,256,0.75,6.72,2,1
2026-01-10 10:08:19,2026-01-10 11:11:03.763255594,45,234,1.57,6.1,1,2
2026-01-19 16:30:41,2026-01-19 16:32:34.183320410,14,46,2.94,8.29,4,1
2026-01-01 22:55:42,2026-01-01 22:57:49.927066854,26,111,1.56,1.89,3,2
2026-01-11 18:32:21,2026-01-11 18:39:12.349264440,205,145,0.22,17.17,1,1
2026-01-14 12:55:03,2026-01-14 12:56:56.796453870,51,218,1.35,8.99,2,2
2026-01-31 11:09:26,2026-01-31 11:14:13.625311220,128,131,4.1,26.64,3,2
2026-01-07 15:39:03,2026-01-07 15:48:57.091059930,261,184,2.95,17.47,1,2
2026-01-09 13:45:07,2026-01-09 13:46:07.000000000,24,103,3.62,2.74,4,2
2026-01-13 15:56:43,2026-01-13 15:59:03.870509458,249,245,0.92,0.96,2,1
2026-01-31 18:32:35,2026-01-31 18:36:15.041116700,138,88,0.47,1.74,3,1
2026-01-27 10:55:54,2026-01-27 11:57:45.869426448,81,88,5.07,19.37,1,1
2026-01-02 01:48:41,2026-01-02 01:59:27.534017504,14,22,2.33,28.65,4,2
2026-01-08 06:03:03,2026-01-08 06:16:24.099512100,180,106,4.98,3.26,4,2
2026-01-26 11:19:32,2026-01-26 11:20:34.956101660,8,85,3.99,19.95,1,2
2026-01-02 19:22:38,2026-01-02 19:36:26.901590456,138,108,-1.0,37.8,1,1
2026-01-27 12:37:08,2026-01-27 13:29:08.450037398,197,86,3.26,5.21,3,1
2026-01-09 17:20:58,2026-01-09 17:22:23.406095434,38,211,1.0,0.11,1,2
2026-01-29 10:43:59,2026-01-29 10:53:36.127737710,22,192,3.56,3.25,2,2
2026-01-10 02:26:01,2026-01-10 02:46:01.321906780,90,87,2.9,17.15,2,1
2026-01-14 11:07:54,2026-01-14 11:26:47.321758314,54,184,2.1,2.07,1,2
2026-01-21 12:27:57,2026-01-21 13:06:00.841738290,145,161,2.77,3.4,1,2
2026-01-04 21:57:10,2026-01-04 22:14:11.301567832,197,122,2.52,15.38,1,2
2026-01-18 06:25:54,2026-01-18 06:26:54.000000000,31,108,4.95,34.34,3,1
2026-01-16 15:43:53,2026-01-16 15:52:08.385377852,187,263,0.73,13.48,4,1
2026-01-25 07:13:12,2026-01-25 07:19:28.512365340,235,101,5.88,11.34,3,1
2026-01-31 21:06:12,2026-01-31 21:08:01.845783648,124,132,0.4,14.42,2,2
2026-01-21 14:14:57,2026-01-21 14:18:24.778828626,74,176,3.23,4.72,3,2
2026-01-13 16:26:04,2026-01-13 16:34:18.196706266,221,198,1.41,14.53,3,1
2026-01-13 14:21:06,2026-01-13 14:27:42.816195558,13,258,1.26,4.11,4,1
2026-01-13 22:57:40,2026-01-13 23:11:02.777099506,256,141,6.83,8.96,3,1
2026-01-26 05:37:52,2026-01-26 05:39:33.796345348,96,133,0.69,0.67,2,1
2026-01-10 22:59:04,2026-01-10 23:17:49.878324502,180,159,0.06,6.52,4,1
2026-01-06 04:13:40,2026-01-06 04:30:47.960767564,256,19,1.36,11.34,1,1
2026-01-11 08:42:46,2026-01-11 08:46:42.741443818,136,230,2.11,5.28,3,1
2026-01-01 16:53:52,2026-01-01 17:05:36.191058556,192,196,0.01,8.44,3,1
2026-01-04 06:58:12,2026-01-04 07:05:11.192538216,98,117,0.48,5.38,3,2
2026-01-03 18:59:44,2026-01-03 19:11:12.468685442,31,225,3.49,44.01,2,1
2026-01-24 22:02:05,2026-01-24 22:06:17.699613080,127,165,4.62,7.67,4,2
2026-01-23 09:26:07,2026-01-23 09:28:11.602828054,210,198,0.41,12.87,2,2
2026-01-22 14:23:50,2026-01-22 14:44:34.817709554,213,193,2.21,11.2,2,1
2026-01-15 07:38:11,2026-01-15 07:47:02.362909502,205,201,1.18,5.93,4,2
2026-01-23 05:29:29,2026-01-23 05:39:50.779150328,25,85,5.24,29.77,1,1
2026-01-05 23:59:10,2026-01-06 00:00:10.000000000,33,92,2.74,28.26,4,1
2026-01-28 22:03:45,2026-01-28 22:07:00.239753004,22,161,3.85,5.18,4,2
2026-01-16 12:46:38,2026-01-16 12:52:50.998680344,169,252,6.08,28.7,2,1
2026-01-30 01:54:36,2026-01-30 02:33:52.325598161,174,238,1.17,3.3,4,1
2026-01-05 17:19:12,2026-01-05 17:33:48.036338856,120,243,1.2,3.22,2,1
2026-01-16 10:00:48,2026-01-16 10:21:12.554460660,149,195,0.15,15.54,3,1
2026-01-22 14:03:44,2026-01-22 14:37:09.697460420,163,247,2.92,12.44,2,1
2026-01-16 08:44:44,2026-01-16 09:35:53.174063930,258,82,4.15,6.66,1,2
2026-01-14 19:56:24,2026-01-14 20:02:50.398809030,48,187,7.17,50.7,3,1
2026-01-06 03:39:47,2026-01-06 03:45:59.424681584,97,193,3.18,3.15,2,1
2026-01-12 19:28:47,2026-01-12 19:29:47.000000000,259,207,9.86,10.16,4,2
2026-01-08 09:38:31,2026-01-08 09:39:31.000000000,41,149,13.76,11.85,4,1
2026-01-10 08:19:29,2026-01-10 08:37:38.121593084,236,138,3.53,31.97,3,2
2026-01-22 04:40:23,2026-01-22 04:46:12.520368416,115,95,9.45,31.27,2,1
2026-01-20 12:55:48,2026-01-20 12:56:54.996411468,76,102,0.17,13.27,3,2
2026-01-19 19:45:14,2026-01-19 19:52:27.536622044,116,96,0.22,18.52,2,1
2026-01-12 05:11:18,2026-01-12 05:12:18.000000000,93,177,3.23,1.39,2,1
2026-01-30 18:00:40,2026-01-30 18:05:08.831410768,262,190,7.95,5.43,1,1
2026-01-03 17:12:41,2026-01-03 17:31:33.616813520,215,140,2.2,6.32,2,1
2026-01-11 14:53:15,2026-01-11 15:12:47.086675626,207,195,1.55,19.09,4,1
2026-01-04 15:47:47,2026-01-04 15:48:47.000000000,136,135,1.16,4.91,4,2
2026-01-11 12:10:27,2026-01-11 12:29:09.098428608,101,196,5.27,0.01,3,1
2026-01-30 19:39:06,2026-01-30 19:49:42.017070948,172,40,2.49,1.29,2,1
2026-01-12 08:30:00,2026-01-12 08:33:59.753387358,4,197,3.35,19.95,3,1
2026-01-29 03:59:02,2026-01-29 04:55:00.321714734,225,218,2.41,4.39,4,2
2026-01-16 08:19:43,2026-01-16 08:46:44.456277652,144,116,0.27,5.05,3,2
2026-01-22 16:34:55,2026-01-22 16:51:15.906489250,180,174,1.35,15.85,2,2
2026-01-15 04:19:06,2026-01-15 04:20:06.000000000,208,128,1.51,0.15,4,1
2026-01-09 05:48:26,2026-01-09 05:54:06.363445034,233,210,6.96,35.32,4,2
2026-01-24 16:35:12,2026-01-24 16:40:54.507886146,165,52,3.82,54.67,2,1
2026-01-31 01:04:02,2026-01-31 01:17:03.578711654,171,236,0.55,21.87,4,1
2026-01-09 04:03:44,2026-01-09 04:19:45.260312186,182,92,1.27,8.97,2,2
2026-01-25 03:23:26,2026-01-25 03:27:55.106415224,224,116,0.07,5.31,1,1
2026-01-09 02:17:17,2026-01-09 02:26:18.510169550,22,49,0.57,9.65,1,1
2026-01-23 05:21:58,2026-01-23 05:29:17.566904404,166,192,0.7,36.66,1,1
2026-01-25 11:01:15,2026-01-25 11:02:43.372798566,256,242,0.39,25.53,3,1
2026-01-14 22:19:29,2026-01-14 22:22:05.560337750,160,71,1.48,6.54,1,2
2026-01-23 20:16:05,2026-01-23 20:17:56.492253386,39,167,1.17,31.87,2,1
2026-01-09 10:32:51,2026-01-09 10:36:29.506183230,189,140,0.71,2.96,4,1
2026-01-03 10:57:52,2026-01-03 11:00:39.970869850,240,48,0.84,29.48,4,2
2026-01-03 23:42:53,2026-01-03 23:55:02.786635454,226,108,0.1,25.26,2,1
2026-01-14 20:35:08,2026-01-14 20:36:41.213761724,204,234,0.77,4.05,2,1
2026-01-28 23:32:10,2026-01-28 23:59:33.372473398,232,88,0.7,3.45,1,1
2026-01-04 22:55:01,2026-01-04 23:17:09.720379090,60,170,0.22,7.27,1,1
2026-01-15 03:05:51,2026-01-15 03:16:49.379784810,37,27,3.56,9.26,4,2
2026-01-22 19:47:59,2026-01-22 19:59:34.754881190,201,252,0.15,14.89,4,1
2026-01-07 06:33:30,2026-01-07 06:40:29.138705826,69,157,2.64,8.59,1,2
2026-01-23 08:52:57,2026-01-23 09:08:47.009365728,173,161,1.12,11.53,3,2
2026-01-10 11:37:54,2026-01-10 11:45:43.053030006,87,48,3.73,4.74,4,1
2026-01-26 01:38:36,2026-01-26 01:39:36.000000000,148,60,2.91,7.06,1,2
2026-01-18 22:56:21,2026-01-18 22:59:44.219689698,143,257,5.04,1.18,1,1
2026-01-17 22:53:56,2026-01-17 23:21:34.212268550,187,64,0.04,3.9,4,1
2026-01-06 11:31:08,2026-01-06 11:44:23.804764190,52,249,1.35,6.74,3,1
2026-01-15 08:37:30,2026-01-15 08:51:49.450493406,99,35,7.25,9.09,2,1
2026-01-27 13:19:15,2026-01-27 13:50:22.427002722,221,197,5.89,1.1,3,2
2026-01-01 14:31:33,2026-01-01 14:38:29.791975170,123,26,0.33,4.04,4,2
2026-01-24 12:20:18,2026-01-24 12:38:34.307347722,73,99,1.38,10.51,3,1
2026-01-16 06:36:54,2026-01-16 06:37:59.903691930,36,35,10.54,2.14,2,2
2026-01-23 07:16:49,2026-01-23 07:24:10.043578174,11,68,2.05,8.74,2,2
2026-01-21 13:29:37,2026-01-21 13:30:52.965082366,233,253,0.09,29.86,4,1
2026-01-14 09:28:37,2026-01-14 09:32:49.311467380,215,141,2.26,12.54,2,2
2026-01-10 13:38:54,2026-01-10 13:41:05.670851808,44,128,6.07,5.09,1,1
2026-01-20 10:43:03,2026-01-20 10:58:14.331381324,92,88,0.74,24.57,4,2
2026-01-05 08:19:36,2026-01-05 08:50:27.333242730,144,36,0.9,3.73,3,1
2026-01-19 02:34:07,2026-01-19 02:35:07.000000000,169,178,4.03,10.58,4,2
2026-01-03 22:27:10,2026-01-03 22:33:25.981420863,15,6,0.19,24.38,3,1
2026-01-21 03:29:09,2026-01-21 03:37:23.372534244,41,115,1.27,5.65,1,2
2026-01-20 11:47:11,2026-01-20 12:00:57.387332312,152,53,0.12,49.95,2,1
2026-01-03 14:49:35,2026-01-03 15:10:27.199763606,97,125,2.84,22.74,1,1
2026-01-24 11:34:15,2026-01-24 11:46:44.813947470,193,137,1.34,4.82,4,1
2026-01-13 21:21:38,2026-01-13 21:46:31.155795992,52,106,0.68,25.22,2,2
2026-01-25 09:26:36,2026-01-25 09:28:17.367049122,35,34,3.99,17.07,3,1
2026-01-02 06:57:39,2026-01-02 07:09:19.811658294,77,91,0.97,5.1,3,2
2026-01-06 13:30:56,2026-01-06 14:00:03.023837174,206,80,5.95,5.75,3,1
2026-01-16 07:31:45,2026-01-16 07:37:07.723476198,63,116,5.27,3.79,3,1
2026-01-06 20:02:22,2026-01-06 20:04:04.126239472,5,226,0.76,9.55,1,2
2026-01-11 05:25:00,2026-01-11 05:48:11.185215768,88,169,0.58,26.07,2,1
2026-01-21 11:29:08,2026-01-21 11:38:41.704873195,220,248,0.17,1.88,3,2
2026-01-05 11:31:33,2026-01-05 11:50:11.974650252,169,42,1.43,23.42,3,1
2026-01-22 00:12:39,2026-01-22 00:21:41.950364790,187,249,8.14,9.07,3,1
2026-01-04 04:55:54,2026-01-04 04:59:10.660590618,240,104,1.38,13.25,2,1
2026-01-06 10:20:15,2026-01-06 10:21:15.000000000,28,254,2.25,12.78,2,2
2026-01-19 05:12:27,2026-01-19 05:20:35.936826720,122,23,0.44,10.79,2,2
2026-01-25 14:21:05,2026-01-25 14:28:30.545300024,205,125,0.42,2.04,2,2
2026-01-06 06:55:16,2026-01-06 06:59:06.390753808,220,65,0.23,4.37,1,2
2026-01-10 07:11:40,2026-01-10 07:20:35.684383984,115,9,1.7,7.1,3,2
2026-01-29 16:17:21,2026-01-29 16:35:26.250119070,9,109,0.39,2.06,3,1
2026-01-31 16:19:28,2026-01-31 16:25:30.161677276,23,18,1.07,1.55,2,2
2026-01-19 00:18:34,2026-01-19 00:23:13.394148580,252,212,1.13,16.1,3,1
2026-01-14 20:35:46,2026-01-14 20:47:51.588932614,133,65,1.88,10.32,1,2
2026-01-11 18:04:16,2026-01-11 18:09:13.738971136,57,30,0.17,3.33,2,1
2026-01-19 23:39:51,2026-01-19 23:42:07.420818420,34,227,0.93,2.18,4,1
2026-01-19 07:38:28,2026-01-19 07:57:20.031358516,215,120,0.03,8.49,2,2
2026-01-10 03:17:46,2026-01-10 03:21:22.663386382,101,164,2.78,5.0,1,1
2026-01-01 16:57:57,2026-01-01 17:03:59.780132274,165,249,0.91,2.94,3,2
2026-01-05 16:42:53,2026-01-05 16:46:46.400306372,106,128,2.56,1.8,4,1
2026-01-30 17:10:04,2026-01-30 17:18:56.819914750,111,203,0.21,3.33,2,1
2026-01-13 23:06:26,2026-01-13 23:11:58.165422188,90,63,1.0,42.33,3,2
2026-01-15 22:50:01,2026-01-15 23:17:40.568686606,148,79,0.38,4.68,3,1
2026-01-15 11:31:40,2026-01-15 12:51:02.278715224,196,249,4.38,0.96,4,1
2026-01-25 06:21:18,2026-01-25 07:13:46.017358182,112,10,0.5,31.48,3,1
2026-01-03 00:19:39,2026-01-03 00:25:30.288664998,68,137,0.06,21.27,1,1
2026-01-03 13:33:04,2026-01-03 13:34:04.000000000,228,2,14.39,31.07,3,1
2026-01-09 13:13:49,2026-01-09 13:27:09.951612250,141,113,1.64,7.67,3,2
2026-01-16 02:04:25,2026-01-16 02:10:21.564139480,14,7,0.5,4.31,1,1
2026-01-21 19:18:58,2026-01-21 19:48:53.150745052,127,260,0.8,24.63,3,2
2026-01-16 05:05:09,2026-01-16 05:11:31.909664034,135,71,1.05,6.46,2,1
2026-01-14 16:13:44,2026-01-14 16:29:51.134479844,262,192,1.78,7.94,3,2
2026-01-30 01:44:34,2026-01-30 01:52:45.934327660,45,236,0.13,0.6,4,1
2026-01-05 23:47:53,2026-01-05 23:48:53.000000000,185,29,2.35,17.01,4,2
2026-01-18 17:21:56,2026-01-18 17:22:56.000000000,92,210,1.81,14.7,1,2
2026-01-17 19:25:48,2026-01-17 19:29:46.490329524,63,161,1.01,3.73,1,1
2026-01-15 16:16:34,2026-01-15 16:17:43.527854674,154,170,3.36,6.86,2,2
2026-01-26 00:51:08,2026-01-26 00:53:31.072693928,201,121,1.16,4.74,4,2
2026-01-09 06:37:47,2026-01-09 06:55:35.061175856,182,207,3.58,9.43,4,2
2026-01-30 13:36:25,2026-01-30 13:39:33.574693642,37,112,0.01,4.93,1,2
2026-01-11 06:41:14,2026-01-11 06:47:14.258560160,108,138,1.62,5.14,1,2
2026-01-17 21:29:00,2026-01-17 21:30:00.000000000,19,99,1.01,10.47,4,1
2026-01-17 03:22:48,2026-01-17 03:25:11.440289802,47,9,0.76,2.1,3,2
2026-01-27 08:14:05,2026-01-27 08:25:15.719709272,184,146,2.26,3.17,3,2
2026-01-14 14:33:00,2026-01-14 14:51:50.377077234,246,37,0.04,0.39,3,2
2026-01-09 19:42:42,2026-01-09 19:58:39.455087052,226,231,3.8,51.32,2,2
2026-01-01 16:04:45,2026-01-01 16:18:10.104399066,175,174,3.99,21.5,3,2
2026-01-12 06:34:35,2026-01-12 06:53:43.617678038,24,255,1.04,36.91,2,1
2026-01-26 14:45:40,2026-01-26 14:48:56.035222918,82,85,4.49,0.82,1,1
2026-01-01 07:22:39,2026-01-01 07:31:04.458751764,18,34,1.67,12.63,2,2
2026-01-28 18:44:37,2026-01-28 18:49:15.001668352,74,238,2.67,13.36,3,2
2026-01-17 19:51:48,2026-01-17 20:11:20.515734114,254,179,2.76,5.8,4,2
2026-01-05 08:20:43,2026-01-05 08:32:23.333496202,246,143,0.87,3.57,2,1
2026-01-10 08:49:17,2026-01-10 08:50:39.701942678,100,119,0.08,11.7,1,1
2026-01-18 04:12:10,2026-01-18 04:28:15.261038332,207,71,2.22,13.31,2,1
2026-01-10 18:52:29,2026-01-10 19:15:34.800628568,62,25,0.71,1.15,2,2
2026-01-04 08:46:49,2026-01-04 08:51:17.547523282,242,21,3.31,11.56,2,1
2026-01-21 15:29:44,2026-01-21 15:41:09.684612806,130,15,0.58,18.66,1,1
2026-01-21 20:08:47,2026-01-21 20:09:47.000000000,20,6,2.54,5.91,3,1
2026-01-04 16:26:32,2026-01-04 16:30:16.650727544,65,81,2.19,0.59,4,1
2026-01-09 17:14:16,2026-01-09 17:42:17.368607896,89,10,0.73,2.96,3,2
2026-01-08 13:26:30,2026-01-08 13:34:18.454089456,232,85,4.97,0.09,1,1
2026-01-21 10:36:37,2026-01-21 10:37:37.000000000,14,205,4.03,6.61,1,1
2026-01-23 15:20:23,2026-01-23 15:41:14.563481432,249,69,0.16,7.01,3,2
2026-01-23 12:53:02,2026-01-23 13:37:34.184908742,41,166,8.03,10.56,2,2
2026-01-30 02:26:18,2026-01-30 02:34:36.091544520,71,56,0.26,22.49,2,1
2026-01-24 19:52:25,2026-01-24 20:39:59.126675133,162,70,1.41,1.3,3,2
2026-01-10 22:35:07,2026-01-10 22:44:43.630371994,97,197,2.61,12.65,1,1
2026-01-04 08:09:33,2026-01-04 08:12:51.860351496,249,172,0.53,8.62,3,2
2026-01-20 01:17:39,2026-01-20 01:24:03.574444230,190,238,1.59,21.34,4,1
2026-01-29 09:30:46,2026-01-29 10:10:55.512559564,140,56,0.06,2.21,4,2
2026-01-31 05:30:56,2026-01-31 05:43:27.681706220,4,237,5.85,6.49,2,1
2026-01-08 03:16:45,2026-01-08 03:37:27.010047732,224,258,0.44,9.26,2,1
2026-01-08 07:55:22,2026-01-08 08:04:11.187039406,162,37,0.77,1.61,2,1
2026-01-02 03:50:05,2026-01-02 03:51:05.000000000,31,140,0.76,32.25,1,2
2026-01-05 09:05:56,2026-01-05 09:18:56.066355572,171,128,1.63,2.89,1,1
2026-01-18 04:48:36,2026-01-18 04:49:36.000000000,62,169,2.44,55.74,2,1
2026-01-17 22:49:17,2026-01-17 23:25:04.681150394,100,5,2.98,11.96,1,1
2026-01-12 11:57:58,2026-01-12 12:24:51.808071496,139,112,0.12,15.32,4,1
2026-01-10 14:36:24,2026-01-10 14:45:42.846147552,186,27,1.67,1.94,2,1
2026-01-26 17:21:48,2026-01-26 17:50:02.219518578,56,5,3.26,4.95,4,2
,2026-01-15 06:19:20.786757342,173,211,4.14,14.53,4,1
2026-01-26 01:20:20,2026-01-26 02:16:02.062117778,143,71,3.9,5.37,1,1
2026-01-30 20:37:46,2026-01-30 20:38:52.446550954,19,222,0.21,8.05,2,2
2026-01-10 19:57:04,2026-01-10 20:08:40.880294788,186,119,9.7,0.48,1,1
2026-01-07 06:50:14,2026-01-07 06:54:47.194795820,93,124,2.07,1.23,1,2
2026-01-30 12:57:25,2026-01-30 13:05:50.767935454,144,180,3.53,6.25,4,2
2026-01-20 16:18:51,2026-01-20 16:19:51.000000000,20,111,1.61,0.17,3,2
2026-01-10 00:26:34,2026-01-10 00:32:51.334287970,63,151,1.37,7.86,4,2
2026-01-20 06:39:49,2026-01-20 06:52:05.026205230,159,168,2.39,0.68,3,1
2026-01-16 23:12:09,2026-01-16 23:17:18.391033572,255,172,0.02,5.65,4,2
2026-01-29 01:42:57,2026-01-29 01:54:19.804658484,43,213,3.89,5.26,4,2
2026-01-08 22:26:16,2026-01-08 23:35:25.182968428,40,3,3.8,1.61,4,1
2026-01-31 17:35:19,2026-01-31 17:40:05.225004736,86,10,0.13,16.02,4,2
2026-01-30 00:24:59,2026-01-30 00:25:59.000000000,130,209,1.11,5.26,2,1
2026-01-06 14:26:32,2026-01-06 14:31:21.682314836,201,25,2.2,3.3,1,2
2026-01-06 02:28:05,2026-01-06 02:38:27.526303490,174,134,2.53,6.12,3,1
2026-01-17 12:40:07,2026-01-17 12:41:07.000000000,183,160,2.45,0.21,4,2
2026-01-02 09:24:48,2026-01-02 09:26:33.089525952,108,206,3.25,0.83,3,2
2026-01-10 06:18:20,2026-01-10 07:34:02.579684108,236,90,3.53,12.24,3,2
2026-01-14 11:42:43,2026-01-14 11:50:57.642222664,105,27,0.24,19.23,3,1
2026-01-31 01:12:49,2026-01-31 01:18:50.404146190,180,221,2.24,5.55,4,1
2026-01-31 18:19:38,2026-01-31 18:43:49.593444104,197,225,0.59,6.95,1,1
2026-01-05 16:44:44,2026-01-05 16:54:14.761050452,44,131,0.62,32.01,2,1
2026-01-28 15:24:28,2026-01-28 15:38:28.294393342,135,208,2.37,25.18,1,2
2026-01-03 19:39:03,2026-01-03 19:46:10.404347922,119,106,1.04,3.22,4,2
2026-01-24 04:57:51,2026-01-24 05:45:16.250125410,40,162,0.63,50.41,2,2
2026-01-27 05:09:29,2026-01-27 05:38:24.620571560,235,59,0.26,36.99,1,1
2026-01-28 14:44:58,2026-01-28 14:47:53.247120118,162,166,1.85,1.62,2,1
2026-01-07 22:13:22,2026-01-07 22:14:34.445200072,97,102,0.37,10.26,3,1
2026-01-28 16:43:27,2026-01-28 16:47:50.659999752,61,201,0.53,0.75,4,2
2026-01-04 14:17:23,2026-01-04 14:19:37.391977664,72,175,1.36,2.42,3,2
2026-01-17 02:01:50,2026-01-17 02:27:55.015533464,8,37,1.25,20.3,2,1
2026-01-15 13:20:30,2026-01-15 13:33:43.432390122,150,231,0.16,37.84,3,1
2026-01-10 19:03:04,2026-01-10 19:09:13.493143072,121,135,2.25,21.53,1,1
2026-01-01 16:27:10,2026-01-01 16:33:26.989968100,174,88,5.81,10.0,1,2
2026-01-24 22:22:38,2026-01-24 22:34:14.892136826,214,194,0.68,5.97,4,2
2026-01-11 09:40:27,2026-01-11 09:41:27.000000000,68,67,1.04,5.59,3,1
2026-01-21 12:16:33,2026-01-21 12:24:42.896937702,66,182,1.83,11.18,3,1
2026-01-13 17:12:13,2026-01-13 17:16:55.448724142,47,64,8.94,1.55,1,1
2026-01-12 14:00:04,2026-01-12 14:05:22.262989624,236,262,1.67,28.15,1,1
2026-01-28 11:24:14,2026-01-28 11:29:44.067729908,251,189,2.02,32.04,1,1
2026-01-03 22:16:59,2026-01-03 22:38:43.098793382,166,160,3.44,10.67,3,2
2026-01-23 20:02:35,2026-01-23 20:29:02.093831912,212,118,0.73,1.63,1,1
2026-01-24 03:36:41,2026-01-24 03:56:45.243303632,253,213,6.83,17.42,1,1
2026-01-12 18:42:49,2026-01-12 18:58:49.526447428,262,152,0.94,6.55,3,1
2026-01-09 03:16:14,2026-01-09 03:27:20.075428310,243,195,1.07,5.41,2,2
2026-01-01 03:56:54,2026-01-01 03:59:32.005942026,201,53,1.13,28.18,3,2
2026-01-30 00:59:20,2026-01-30 01:06:56.184229550,28,150,1.61,0.58,1,2
2026-01-30 09:06:43,2026-01-30 09:16:39.641379544,53,100,6.79,25.47,1,1
2026-01-08 11:16:55,2026-01-08 11:34:44.305843042,45,254,1.13,0.58,1,1
2026-01-01 23:44:30,2026-01-01 23:45:30.000000000,207,216,0.63,24.67,3,2
2026-01-04 19:19:54,2026-01-04 19:43:13.162013934,85,124,2.09,9.82,2,2
2026-01-03 02:19:34,2026-01-03 02:32:43.005646792,10,46,0.62,15.47,4,1
2026-01-26 18:20:52,2026-01-26 18:25:51.663381472,153,157,2.46,6.42,3,1
2026-01-28 15:34:55,2026-01-28 16:07:29.795822302,65,96,4.36,23.66,4,2
2026-01-05 18:02:36,2026-01-05 18:04:46.969584486,79,128,2.61,0.68,1,1
2026-01-24 03:34:26,2026-01-24 03:38:06.660053798,93,104,0.57,8.72,2,2
2026-01-06 13:22:32,2026-01-06 13:35:13.239509840,52,139,1.72,4.31,1,1
2026-01-12 09:12:12,2026-01-12 09:32:20.019274086,124,48,1.99,6.38,3,2
2026-01-19 13:56:26,2026-01-19 14:02:16.142963384,65,187,4.88,13.39,1,2
2026-01-23 07:37:31,2026-01-23 07:53:32.397448036,71,72,2.31,12.35,3,2
2026-01-28 02:40:26,2026-01-28 02:42:45.937720136,261,215,0.15,3.61,4,1
2026-01-02 09:19:11,2026-01-02 09:27:22.717848182,99,171,3.16,22.25,3,1
2026-01-07 02:08:50,2026-01-07 02:12:15.818482484,239,222,0.97,0.74,2,2
2026-01-09 16:41:54,2026-01-09 17:20:35.285535630,107,58,0.17,9.07,3,2
2026-01-10 14:52:50,2026-01-10 15:12:22.040889722,226,81,0.6,2.02,3,1
2026-01-31 22:31:57,2026-01-31 22:35:58.749625824,233,74,1.8,4.47,2,2
2026-01-25 02:23:21,2026-01-25 02:27:38.799885096,2,35,2.22,68.27,2,2
2026-01-10 22:23:25,2026-01-10 22:24:25.000000000,155,142,0.56,30.95,2,2
2026-01-31 03:02:19,2026-01-31 03:03:19.000000000,194,100,2.67,12.44,2,2
2026-01-16 11:29:03,2026-01-16 11:30:03.000000000,33,145,2.24,13.75,4,1
2026-01-16 12:33:05,2026-01-16 12:35:04.424528066,110,94,5.56,16.63,3,1
2026-01-14 10:40:18,2026-01-14 10:54:08.036605578,15,131,2.53,0.84,2,2
2026-01-05 11:03:35,2026-01-05 11:05:35.558041814,237,224,0.15,1.08,3,1
2026-01-29 23:10:23,2026-01-29 23:12:17.801132660,138,243,4.47,3.32,3,2
2026-01-01 10:22:06,2026-01-01 10:28:07.068832674,222,174,9.17,26.28,4,2
2026-01-06 09:39:47,2026-01-06 09:51:10.752115112,71,97,1.53,29.63,4,1
2026-01-08 02:51:50,2026-01-08 03:24:59.566717796,208,22,0.45,5.75,1,2
2026-01-09 15:47:50,2026-01-09 15:49:10.671197864,114,188,6.86,7.87,4,1
2026-01-05 02:04:32,2026-01-05 02:16:12.672078602,138,80,4.87,8.32,2,2
2026-01-01 13:21:47,2026-01-01 13:42:46.668509588,230,61,0.52,0.07,4,1
,2026-01-22 00:11:40.000000000,29,33,1.06,8.27,2,2
2026-01-31 01:09:59,2026-01-31 01:12:05.887513106,140,226,0.23,17.25,1,2
2026-01-04 18:38:36,2026-01-04 18:46:26.153489424,157,96,2.17,28.7,2,2
2026-01-10 04:37:19,2026-01-10 04:59:07.425342742,130,150,8.06,19.87,4,2
2026-01-16 16:42:34,2026-01-16 16:53:33.453301642,81,192,1.64,14.33,2,1
2026-01-29 18:03:42,2026-01-29 19:03:57.731808630,50,211,0.38,10.69,4,1
2026-01-22 12:31:52,2026-01-22 12:34:06.117284248,119,51,0.47,12.36,1,2
2026-01-24 18:02:38,2026-01-24 18:03:38.000000000,229,61,5.05,18.37,1,2
2026-01-19 00:21:02,2026-01-19 00:30:44.991557720,237,122,0.14,8.77,1,1
2026-01-13 22:16:28,2026-01-13 22:19:27.863145550,117,125,2.18,11.2,3,2
2026-01-07 04:37:59,2026-01-07 04:39:58.126576184,192,71,4.06,7.41,1,1
2026-01-27 19:02:59,2026-01-27 19:06:37.267652150,27,61,0.71,3.44,1,2
2026-01-25 22:16:07,2026-01-25 22:28:46.029917662,157,23,1.15,4.65,3,2
2026-01-01 18:40:31,2026-01-01 18:53:25.579228306,235,34,0.49,2.75,4,2
2026-01-23 04:15:46,2026-01-23 04:18:34.245069046,250,95,6.69,1.86,3,1
2026-01-03 14:47:05,2026-01-03 15:25:30.165864218,78,168,1.41,7.42,4,2
2026-01-23 21:48:14,2026-01-23 22:01:42.749180546,72,193,9.57,27.91,1,2
2026-01-26 14:30:34,2026-01-26 14:42:51.157503621,258,5,0.22,13.0,2,2
2026-01-05 01:30:25,2026-01-05 01:53:58.891830508,116,91,5.15,55.61,2,2
2026-01-14 10:46:25,2026-01-14 11:02:33.872828746,18,101,3.25,8.08,1,1
2026-01-04 20:04:22,2026-01-04 20:12:05.463978394,243,126,5.62,5.28,2,1
2026-01-18 14:03:28,2026-01-18 14:08:42.238895350,12,158,0.36,1.25,2,2
2026-01-29 18:06:23,2026-01-29 18:07:23.000000000,244,107,1.06,1.6,4,1
2026-01-03 12:10:01,2026-01-03 12:11:09.834075964,93,259,3.67,42.84,2,1
2026-01-13 07:47:53,2026-01-13 07:52:18.738169514,54,78,0.26,41.84,4,2
2026-01-31 04:00:05,2026-01-31 04:09:01.778756642,153,194,2.3,2.77,3,2
2026-01-10 07:54:20,2026-01-10 08:08:58.970526008,204,249,3.92,21.62,2,2
2026-01-05 02:22:09,2026-01-05 02:51:47.175477720,123,243,2.23,6.94,2,1
2026-01-16 03:30:23,2026-01-16 03:39:23.689087412,17,36,-1.0,1.14,1,2
2026-01-16 18:13:45,2026-01-16 18:16:36.302627166,120,134,0.09,16.74,1,1
2026-01-21 13:10:15,2026-01-21 13:11:15.000000000,96,152,0.52,25.7,4,1
2026-01-10 17:25:14,2026-01-10 17:28:09.759360230,115,89,0.38,16.26,2,2
2026-01-30 14:59:01,2026-01-30 15:30:18.140524282,65,15,2.92,0.59,1,1
2026-01-17 03:38:27,2026-01-17 03:39:27.000000000,110,205,4.2,1.96,2,2
2026-01-09 21:06:57,2026-01-09 21:09:03.810431148,171,190,0.89,5.45,1,2
2026-01-30 18:27:05,2026-01-30 18:49:57.846101258,84,123,0.54,13.36,3,1
2026-01-29 16:03:26,2026-01-29 16:25:07.411110500,65,162,3.27,13.89,4,1
2026-01-16 11:22:42,2026-01-16 11:31:27.154273896,218,86,1.53,10.36,4,2
2026-01-01 18:29:43,2026-01-01 18:31:14.448903856,64,104,8.24,11.83,3,2
2026-01-19 12:07:13,2026-01-19 12:28:44.846529591,125,180,4.82,19.37,4,2
2026-01-18 05:04:02,2026-01-18 05:18:12.349709516,107,186,1.89,19.25,2,2
2026-01-05 14:16:01,2026-01-05 14:17:01.000000000,87,53,0.42,24.74,2,1
2026-01-20 15:40:38,2026-01-20 15:44:14.144317040,97,67,1.16,2.29,3,2
2026-01-27 01:33:01,2026-01-27 01:39:38.537375074,18,105,1.94,3.73,2,2
2026-01-04 06:47:15,2026-01-04 06:51:34.284662094,30,119,0.71,27.93,2,2
2026-01-23 10:09:07,2026-01-23 10:54:53.061772816,58,39,0.27,14.17,1,1
2026-01-05 08:24:45,2026-01-05 08:42:31.188871266,179,203,6.79,15.01,2,2
2026-01-24 05:07:36,2026-01-24 05:11:41.202025980,221,203,1.42,30.17,3,1
2026-01-13 23:49:15,2026-01-13 23:59:07.989857472,150,204,1.4,47.49,2,1
2026-01-01 04:50:39,2026-01-01 04:55:23.117105016,226,115,2.6,24.76,2,1
2026-01-30 22:52:35,2026-01-30 23:06:01.919752826,20,4,5.49,7.29,1,2
2026-01-06 03:28:55,2026-01-06 03:33:38.235943024,84,215,0.63,100.34,2,2
2026-01-19 11:27:20,2026-01-19 11:29:24.763233356,153,138,1.0,32.08,1,2
2026-01-06 15:00:44,2026-01-06 15:35:48.748439186,37,185,1.46,0.54,1,2
2026-01-29 22:10:09,2026-01-29 22:14:39.417780960,8,248,2.89,1.68,2,1
2026-01-23 21:18:51,2026-01-23 21:22:36.814751376,148,139,2.58,17.81,1,2
2026-01-25 22:26:40,2026-01-25 22:27:40.000000000,150,177,1.31,16.13,1,1
2026-01-14 09:28:02,2026-01-14 09:35:18.333350077,91,155,0.08,3.9,4,2
2026-01-15 11:43:54,2026-01-15 11:46:08.762623152,78,129,2.13,8.31,1,1
2026-01-20 15:55:12,2026-01-20 16:05:35.620520064,103,154,0.55,4.1,3,1
2026-01-25 07:51:50,2026-01-25 07:56:53.668063538,234,18,0.42,14.68,2,2
2026-01-27 06:09:10,2026-01-27 06:13:08.403812206,96,220,7.33,20.36,2,1
2026-01-01 13:16:14,2026-01-01 13:21:37.404332426,209,148,13.05,2.97,1,2
2026-01-21 13:41:22,2026-01-21 13:47:53.145011380,39,43,1.14,2.23,1,2
2026-01-04 09:12:11,2026-01-04 09:19:25.516826726,227,15,2.26,3.36,1,2
2026-01-09 22:13:16,2026-01-09 22:23:01.878850282,46,244,0.3,9.03,1,2
2026-01-26 17:05:41,2026-01-26 17:24:38.253488558,103,95,7.57,27.46,2,1
2026-01-08 18:22:54,2026-01-08 18:27:32.998533912,130,212,9.09,19.27,4,2
2026-01-25 16:49:54,2026-01-25 16:50:55.744233048,18,254,0.26,35.93,4,2
2026-01-15 08:28:40,2026-01-15 08:33:33.778357186,34,37,2.6,0.14,2,2
2026-01-08 05:05:04,2026-01-08 05:14:31.132842406,134,65,0.16,40.31,3,2
2026-01-11 08:40:39,2026-01-11 08:45:18.455989230,208,201,1.6,5.78,2,1
2026-01-17 10:53:33,2026-01-17 11:12:27.519372006,51,82,0.15,11.48,3,1
2026-01-24 17:16:10,2026-01-24 17:31:25.507924684,23,67,0.77,2.04,3,2
2026-01-19 18:52:32,2026-01-19 18:57:48.729628700,102,102,1.35,1.57,2,2
2026-01-29 22:19:06,2026-01-29 22:23:16.687659120,100,98,0.49,7.71,2,2
2026-01-27 21:35:52,2026-01-27 21:38:15.318279652,219,248,0.55,31.91,3,2
2026-01-24 08:29:42,2026-01-24 08:30:42.000000000,133,47,5.86,15.68,4,1
2026-01-19 16:42:42,2026-01-19 16:49:26.638206042,79,178,3.79,0.08,4,2
2026-01-09 23:39:09,2026-01-09 23:43:14.801856768,75,153,2.97,25.98,1,1
2026-01-13 18:57:11,2026-01-13 19:07:06.449206538,111,207,0.4,15.11,1,2
2026-01-04 16:27:26,2026-01-04 16:36:40.899143432,88,184,2.13,3.6,2,1
2026-01-12 14:23:34,2026-01-12 14:24:34.000000000,205,249,2.36,12.39,1,1
2026-01-29 17:17:43,2026-01-29 17:28:28.673075116,88,37,3.12,0.93,1,1
2026-01-14 04:51:22,2026-01-14 04:58:05.070883234,146,42,0.12,22.18,1,2
2026-01-04 12:36:51,2026-01-04 12:37:51.000000000,152,33,0.03,11.26,1,2
2026-01-21 05:02:12,2026-01-21 05:12:04.348517232,123,27,1.64,12.94,4,2
2026-01-30 20:11:07,2026-01-30 20:14:59.427266392,37,51,1.07,9.13,4,2
2026-01-27 21:24:46,2026-01-27 21:30:26.815030408,110,254,1.19,1.2,2,2
2026-01-09 11:54:46,2026-01-09 11:56:48.562401424,150,208,3.57,4.55,4,2
2026-01-15 01:41:57,2026-01-15 02:01:24.474611730,223,253,2.58,1.38,4,1
2026-01-17 11:04:34,2026-01-17 11:05:34.000000000,245,227,0.2,1.71,4,2
2026-01-08 16:23:33,2026-01-08 16:29:46.161305172,264,136,3.5,5.18,4,2
2026-01-09 07:54:24,2026-01-09 07:56:30.254779248,27,92,3.32,10.75,2,2
2026-01-08 08:04:36,2026-01-08 08:32:53.051189784,260,246,2.79,10.97,1,1
2026-01-31 19:58:06,2026-01-31 20:06:44.574167292,216,201,2.94,0.1,3,2
2026-01-24 03:02:04,2026-01-24 03:03:06.482588950,159,188,6.74,2.85,4,1
2026-01-27 01:35:49,2026-01-27 02:03:37.649408266,213,242,0.47,8.32,2,1
2026-01-26 07:31:37,2026-01-26 07:35:45.857724562,1,240,9.45,4.79,3,1
2026-01-30 17:36:09,2026-01-30 17:44:47.622324918,49,4,1.09,7.72,1,2
2026-01-04 06:19:36,2026-01-04 06:20:46.406597964,245,16,3.23,62.24,1,1
2026-01-28 07:56:04,2026-01-28 07:59:01.669038046,6,192,1.59,14.46,1,2
2026-01-03 01:31:11,2026-01-03 01:32:11.000000000,239,184,0.49,1.69,1,1
2026-01-15 17:42:47,2026-01-15 17:48:31.105685132,64,222,0.72,10.26,1,1
2026-01-19 10:15:31,2026-01-19 10:33:26.856008932,210,43,3.63,4.02,3,1
2026-01-12 02:14:55,2026-01-12 02:45:20.527056664,254,143,5.71,13.52,2,2
2026-01-05 12:45:10,2026-01-05 12:47:05.239137658,134,207,2.0,25.95,2,1
2026-01-06 23:04:19,2026-01-06 23:07:45.154556824,128,42,2.99,11.56,4,1
2026-01-26 13:33:00,2026-01-26 13:35:03.287991756,45,12,6.5,10.52,2,1
2026-01-10 21:07:50,2026-01-10 21:10:36.812303210,98,153,5.72,2.63,3,1
2026-01-10 14:53:20,2026-01-10 15:09:11.458182224,238,78,0.53,8.39,4,2
2026-01-29 14:58:52,2026-01-29 14:59:52.000000000,12,41,3.07,1.23,3,2
2026-01-05 11:02:26,2026-01-05 11:14:14.636396408,164,58,5.11,1.64,1,1
2026-01-29 08:57:30,2026-01-29 09:10:47.312182698,180,252,0.64,25.85,1,2
2026-01-29 13:12:07,2026-01-29 13:42:14.084524444,228,8,0.35,5.35,1,1
2026-01-19 13:19:42,2026-01-19 13:48:42.976681770,126,230,1.21,12.03,1,1
2026-01-06 03:09:20,2026-01-06 03:16:44.401504544,75,227,0.48,22.51,3,1
2026-01-05 19:57:37,2026-01-05 20:07:46.328756902,64,69,6.16,25.76,1,2
2026-01-09 19:49:54,2026-01-09 19:50:54.000000000,258,136,1.57,21.01,2,1
2026-01-18 21:35:50,2026-01-18 21:45:59.206417436,108,214,0.21,5.14,2,1
2026-01-05 18:17:18,2026-01-05 18:26:52.803110448,185,230,1.16,18.47,4,1
2026-01-15 03:00:34,2026-01-15 03:24:14.900058598,53,128,0.39,2.76,4,1
2026-01-04 13:55:28,2026-01-04 14:13:59.630486590,8,204,6.19,12.85,4,2
2026-01-17 17:58:16,2026-01-17 18:11:07.698756934,258,17,5.07,7.15,1,1
2026-01-01 15:44:02,2026-01-01 15:58:52.466026772,16,92,1.7,30.86,4,1
2026-01-22 23:31:22,2026-01-22 23:32:22.000000000,209,61,3.78,4.71,1,2
2026-01-02 17:12:51,2026-01-02 17:45:08.879542374,44,252,5.1,25.48,4,1
2026-01-07 00:56:50,2026-01-07 01:17:43.449916730,115,226,0.94,3.17,3,1
2026-01-06 09:55:59,2026-01-06 09:56:59.000000000,255,251,0.73,23.5,2,2
2026-01-26 18:15:34,2026-01-26 18:41:55.028377510,237,195,2.39,15.37,3,1
2026-01-02 15:42:58,2026-01-02 16:01:03.115022722,55,229,3.29,3.97,3,2
2026-01-14 07:22:09,2026-01-14 07:23:57.141820680,159,36,5.53,5.43,4,1
2026-01-19 07:48:39,2026-01-19 07:51:51.428481366,201,89,2.82,9.67,1,2
2026-01-16 23:54:02,2026-01-16 23:56:50.434032818,8,51,1.47,9.22,1,2
2026-01-22 02:27:05,2026-01-22 02:28:05.000000000,89,50,1.88,7.74,3,2
2026-01-25 21:30:26,2026-01-25 21:51:45.526116926,184,91,9.79,2.47,1,2
2026-01-13 04:51:39,2026-01-13 05:21:27.392559744,103,71,0.55,4.12,1,1
2026-01-26 16:11:38,2026-01-26 16:12:39.105316184,37,215,4.31,7.56,4,2
2026-01-10 20:35:07,2026-01-10 20:39:17.647728916,145,219,0.9,9.95,4,2
2026-01-31 12:24:37,2026-01-31 12:25:37.000000000,23,243,5.04,12.85,2,2
2026-01-16 15:22:03,2026-01-16 15:39:16.118229996,121,204,0.59,15.94,4,2
2026-01-23 19:35:38,2026-01-23 19:40:13.270982348,45,256,1.31,2.09,4,1
2026-01-28 03:00:13,2026-01-28 03:02:25.157829028,141,163,1.37,17.97,4,2
2026-01-25 13:43:57,2026-01-25 13:44:57.000000000,206,106,0.98,3.02,3,1
2026-01-27 09:14:30,2026-01-27 09:25:31.294486656,138,127,2.65,50.55,2,2
2026-01-17 15:09:57,2026-01-17 15:15:11.887558272,200,35,1.63,43.51,3,1
2026-01-02 08:20:43,2026-01-02 08:51:07.449016234,191,60,1.74,1.39,1,2
2026-01-16 06:51:14,2026-01-16 06:54:13.241439140,124,25,0.22,18.6,3,2
2026-01-06 15:02:05,2026-01-06 15:18:47.565646658,238,252,1.82,6.8,4,1
2026-01-28 13:30:09,2026-01-28 13:37:13.100128818,26,201,1.2,19.32,2,2
2026-01-08 08:08:17,2026-01-08 08:22:38.632815932,167,192,1.09,25.85,1,2
2026-01-08 01:41:02,2026-01-08 02:06:11.413614758,104,86,4.4,47.39,2,2
2026-01-08 17:32:39,2026-01-08 17:54:27.458081298,219,166,2.88,4.09,4,2
2026-01-20 22:04:09,2026-01-20 22:10:39.645481530,65,261,1.89,-5.0,4,1
2026-01-18 16:59:49,2026-01-18 17:01:12.806915854,56,45,4.57,19.18,4,2
2026-01-30 09:56:15,2026-01-30 10:06:04.351459026,47,131,0.1,8.32,1,2
2026-01-13 21:41:57,2026-01-13 21:42:57.000000000,106,103,1.01,10.52,4,2
2026-01-09 18:00:53,2026-01-09 18:05:54.484332002,170,251,2.23,46.84,4,1
2026-01-02 12:38:42,2026-01-02 12:59:52.627383972,186,220,9.45,14.75,2,2
2026-01-01 05:15:52,2026-01-01 05:28:10.690966264,225,125,2.86,4.08,2,2
2026-01-12 13:58:08,2026-01-12 14:14:49.565538254,119,122,0.62,4.86,2,2
2026-01-29 16:48:29,2026-01-29 17:12:07.719699854,89,103,3.0,7.6,4,2
2026-01-17 05:40:19,2026-01-17 05:50:46.652808148,248,176,0.18,30.16,3,1
2026-01-28 16:47:57,2026-01-28 16:57:40.479910848,6,219,2.07,1.57,4,2
2026-01-04 03:38:38,2026-01-04 03:52:33.493396094,122,47,2.42,2.8,1,2
2026-01-03 21:25:50,2026-01-03 22:08:10.987715870,72,70,0.27,1.08,4,1
2026-01-26 20:05:35,2026-01-26 20:29:46.995539420,195,116,5.93,32.49,1,1
2026-01-04 07:24:57,2026-01-04 07:33:17.123153292,140,241,5.89,0.4,4,1
2026-01-02 14:39:34,2026-01-02 14:54:09.992337928,157,247,3.79,36.5,4,1
2026-01-13 12:38:41,2026-01-13 13:18:35.658370046,158,182,4.42,51.99,4,2
2026-01-29 16:04:56,2026-01-29 16:08:21.946343840,235,62,2.31,39.11,3,2
2026-01-22 08:54:04,2026-01-22 09:07:00.176956558,65,92,1.41,20.48,1,2
2026-01-04 01:44:24,2026-01-04 01:49:42.859266516,138,98,0.53,2.33,4,1
2026-01-26 22:49:31,2026-01-26 22:53:22.368764968,108,71,0.34,7.23,4,2
2026-01-27 03:37:11,2026-01-27 03:39:51.532817612,243,236,2.0,7.06,4,1
2026-01-25 19:43:05,2026-01-25 20:01:34.495487336,83,30,2.1,3.58,3,1
2026-01-28 23:34:26,2026-01-28 23:54:56.109638672,13,241,1.54,8.12,3,1
2026-01-08 10:28:09,2026-01-08 10:37:27.205894236,142,183,1.18,27.61,4,2
2026-01-31 08:48:02,2026-01-31 08:51:13.534525520,66,34,1.67,11.45,3,1
2026-01-10 22:35:52,2026-01-10 22:49:54.561428602,177,137,0.03,8.28,1,1
2026-01-25 20:42:26,2026-01-25 20:48:44.919221114,187,21,6.16,1.81,3,1
2026-01-18 23:02:50,2026-01-18 23:04:05.929856600,147,176,1.94,5.95,1,2
2026-01-25 03:55:52,2026-01-25 04:01:41.080855168,75,104,0.07,29.0,4,1
2026-01-20 11:05:51,2026-01-20 11:17:04.254818766,16,248,1.37,4.14,4,1
2026-01-20 22:00:27,2026-01-20 22:13:07.625492676,238,116,7.11,7.66,4,1
2026-01-20 02:30:55,2026-01-20 03:07:59.116977417,238,72,1.1,44.53,3,1
2026-01-25 03:34:23,2026-01-25 03:42:35.780959568,143,25,1.03,19.14,1,1
2026-01-23 21:50:52,2026-01-23 21:59:13.120133230,239,250,1.03,1.92,2,1
2026-01-05 04:06:24,2026-01-05 04:10:01.945277238,125,223,2.67,1.09,3,1
2026-01-26 14:35:05,2026-01-26 14:42:31.614022604,163,68,1.1,19.71,3,1
2026-01-17 14:50:04,2026-01-17 14:51:04.000000000,35,248,2.35,12.93,3,2
2026-01-11 00:22:26,2026-01-11 00:52:28.948706600,184,57,1.39,11.94,4,1
2026-01-16 22:34:54,2026-01-16 22:55:59.105921784,137,44,0.4,6.47,4,2
2026-01-30 23:26:08,2026-01-30 23:30:43.785278798,160,180,1.72,20.68,3,1
2026-01-27 14:02:01,2026-01-27 14:04:59.183049394,159,122,1.84,24.45,1,1
2026-01-26 20:16:18,2026-01-26 20:20:49.365692022,114,184,0.89,98.49,3,1
2026-01-15 08:19:21,2026-01-15 08:41:17.072041980,120,191,-1.0,8.85,2,2
2026-01-25 07:23:54,2026-01-25 07:24:54.000000000,144,253,1.77,0.02,2,1
2026-01-12 22:30:23,2026-01-12 22:42:03.075709286,205,87,0.56,43.87,2,1
2026-01-22 06:30:25,2026-01-22 06:31:25.000000000,255,173,0.63,1.95,3,1
2026-01-20 19:50:06,2026-01-20 20:19:03.591927876,41,57,0.7,2.56,2,1
2026-01-08 17:51:00,2026-01-08 17:52:00.000000000,194,232,0.32,64.99,3,2
2026-01-09 06:14:55,2026-01-09 06:33:33.949083148,53,127,7.38,38.87,3,2
2026-01-02 21:28:59,2026-01-02 21:40:35.719554698,54,238,0.55,11.39,4,2
2026-01-05 07:59:15,2026-01-05 08:16:25.458371250,122,51,1.87,28.79,4,2
2026-01-14 10:36:44,2026-01-14 10:50:00.538881356,144,140,1.87,13.36,4,2
2026-01-15 19:32:26,2026-01-15 20:13:43.278224828,48,248,1.13,21.99,3,1
2026-01-06 02:50:59,2026-01-06 02:55:47.864906966,8,35,3.23,17.41,2,1
2026-01-13 22:09:56,2026-01-13 22:25:06.838903796,257,256,1.31,8.05,3,1
2026-01-19 17:30:29,2026-01-19 17:37:13.909874432,67,199,3.02,39.22,1,2
2026-01-08 05:01:55,2026-01-08 05:21:05.327067766,92,204,0.42,1.44,3,2
2026-01-11 11:38:53,2026-01-11 11:39:54.750433400,231,176,0.44,17.76,2,1
2026-01-12 09:25:43,2026-01-12 09:53:31.359184918,28,66,13.76,1.62,2,1
2026-01-16 15:45:36,2026-01-16 16:46:03.673464342,115,179,0.83,9.84,3,2
2026-01-12 08:35:45,2026-01-12 08:47:51.251462568,120,135,1.97,0.03,4,2
2026-01-23 20:17:12,2026-01-23 20:27:36.517593168,28,81,0.45,22.61,3,1
2026-01-11 03:39:24,2026-01-11 03:46:25.950323232,9,230,0.82,25.13,4,1
2026-01-14 10:49:09,2026-01-14 11:08:00.452410692,48,213,1.1,4.05,2,1
2026-01-12 18:19:16,2026-01-12 18:26:57.758751232,29,110,17.94,13.66,3,1
2026-01-06 16:05:21,2026-01-06 16:10:57.802080930,16,164,2.13,7.63,1,1
2026-01-22 06:11:34,2026-01-22 06:14:32.180199436,191,131,0.61,1.74,3,2
2026-01-08 07:10:19,2026-01-08 07:19:41.281959508,27,78,1.37,8.57,4,1
2026-01-10 04:52:33,2026-01-10 04:57:18.490886826,1,168,0.64,13.3,3,1
2026-01-25 13:48:26,2026-01-25 14:10:35.262049166,153,109,0.44,3.71,3,2
2026-01-30 09:57:01,2026-01-30 09:58:29.338716490,177,195,0.09,6.89,3,1
2026-01-21 19:06:26,2026-01-21 19:42:36.163049864,22,72,1.05,15.2,4,2
2026-01-29 09:45:46,2026-01-29 09:46:54.352894528,188,190,1.41,24.87,2,2
2026-01-27 11:31:04,2026-01-27 11:45:19.523561602,257,160,2.08,12.28,3,1
2026-01-15 21:47:50,2026-01-15 21:59:17.248287206,14,159,4.49,3.74,3,2
2026-01-24 21:05:45,2026-01-24 21:06:45.000000000,230,235,1.95,1.62,3,2
2026-01-11 04:18:02,2026-01-11 04:20:43.629853904,189,32,19.73,1.16,4,2
2026-01-15 06:36:35,2026-01-15 06:37:35.000000000,50,129,3.86,0.21,4,1
2026-01-17 14:21:48,2026-01-17 14:59:18.587119200,163,28,3.99,5.14,1,2
2026-01-30 18:36:24,2026-01-30 18:37:48.657582336,176,10,0.28,2.28,2,1
2026-01-27 07:19:44,2026-01-27 07:30:42.264137948,48,248,0.31,21.29,4,2
2026-01-16 04:00:15,2026-01-16 04:08:08.520090312,66,34,3.77,0.92,1,1
2026-01-21 05:31:29,2026-01-21 06:13:27.767597330,122,45,3.94,0.03,2,1
2026-01-07 06:33:11,2026-01-07 06:38:24.246427988,178,81,6.96,9.32,1,2
2026-01-25 22:28:03,2026-01-25 22:40:49.721234490,33,98,0.86,19.68,3,1
2026-01-18 03:27:36,2026-01-18 03:36:14.154385302,103,43,1.74,0.71,2,2
2026-01-17 12:20:43,2026-01-17 12:24:14.635026430,42,105,1.51,6.15,4,1
2026-01-24 18:06:53,2026-01-24 18:07:53.000000000,55,21,6.83,62.2,2,1
2026-01-20 14:53:26,2026-01-20 15:11:47.439935876,254,259,0.07,5.99,3,1
2026-01-03 05:54:55,2026-01-03 05:56:53.006886040,50,77,0.1,44.62,3,2
2026-01-09 22:23:15,2026-01-09 22:34:37.754570670,195,48,3.1,8.02,1,2
2026-01-06 11:28:44,2026-01-06 12:17:14.476430306,78,126,7.04,25.97,3,2
2026-01-23 18:45:37,2026-01-23 19:05:11.072589652,9,169,1.62,2.02,4,2
2026-01-02 02:08:58,2026-01-02 02:28:27.613347748,112,99,0.6,24.52,3,1
2026-01-07 06:35:20,2026-01-07 06:50:32.401767212,38,39,0.72,7.61,4,1
2026-01-19 12:29:56,2026-01-19 12:31:51.815373902,189,107,0.31,7.97,2,2
2026-01-22 12:55:47,2026-01-22 13:03:15.739512752,254,225,2.49,1.23,4,2
2026-01-16 14:27:31,2026-01-16 15:03:43.775528950,125,59,0.67,7.56,3,2
2026-01-27 16:22:29,2026-01-27 16:36:33.795304580,264,33,1.53,2.26,4,2
2026-01-29 11:41:29,2026-01-29 11:44:54.103245896,103,227,2.58,17.91,1,2
2026-01-05 02:17:04,2026-01-05 02:18:19.355210097,211,174,4.36,43.23,3,1
2026-01-30 12:40:05,2026-01-30 12:48:12.128742686,50,128,0.13,3.52,3,2
2026-01-20 01:05:54,2026-01-20 01:14:06.327934422,149,175,0.59,2.95,1,1
2026-01-20 17:20:49,2026-01-20 17:21:49.000000000,8,228,2.93,31.21,2,1
2026-01-03 22:45:04,2026-01-03 22:54:13.147879498,87,1,5.53,2.17,2,2
2026-01-20 06:40:21,2026-01-20 06:56:02.852878938,66,13,0.89,10.32,2,2
2026-01-23 11:55:56,2026-01-23 12:06:17.252726342,233,43,1.04,97.44,1,2
2026-01-19 00:06:30,2026-01-19 00:13:20.553138840,43,126,0.12,4.18,2,1
2026-01-03 14:51:46,2026-01-03 15:03:04.790591446,172,217,0.01,2.99,4,1
2026-01-17 05:16:52,2026-01-17 05:20:33.105899050,38,187,3.97,15.33,4,2
2026-01-30 00:20:21,2026-01-30 00:21:21.000000000,107,117,7.77,5.74,4,1
2026-01-23 10:13:18,2026-01-23 10:19:10.345752426,7,101,2.48,-5.0,2,1
2026-01-05 06:13:53,2026-01-05 06:28:06.692275484,212,258,10.32,1.26,2,1
2026-01-30 18:11:39,2026-01-30 18:31:27.166554582,202,105,3.59,6.56,2,1
2026-01-30 17:24:24,2026-01-30 17:25:53.882933910,234,216,0.49,17.7,2,2
2026-01-06 06:01:48,2026-01-06 06:15:07.037737188,101,130,6.81,22.74,3,1
2026-01-25 19:51:28,2026-01-25 19:57:40.957664836,202,116,0.85,0.24,3,1
2026-01-13 14:35:51,2026-01-13 14:38:37.438017066,238,48,0.3,4.35,3,1
2026-01-19 09:41:57,2026-01-19 09:59:51.898366284,108,230,4.8,4.55,1,2
2026-01-14 19:13:07,2026-01-14 19:23:26.218650454,217,33,4.88,2.08,3,2
2026-01-25 06:16:20,2026-01-25 06:53:15.790380854,196,124,2.74,24.53,3,1
2026-01-31 21:30:53,2026-01-31 21:36:25.610695934,84,258,1.68,13.3,3,1
2026-01-25 15:33:55,2026-01-25 15:41:08.175410878,161,221,0.28,14.15,1,1
2026-01-29 20:56:25,2026-01-29 21:18:40.598658754,102,207,9.27,4.18,1,2
2026-01-30 07:50:38,2026-01-30 08:27:49.991451854,159,23,1.48,15.53,3,2
2026-01-03 19:02:18,2026-01-03 19:03:33.380256462,96,253,0.66,21.28,3,2
2026-01-08 20:31:01,2026-01-08 20:36:43.309818544,128,251,2.68,1.3,2,2
2026-01-23 09:03:40,2026-01-23 09:08:12.315491247,170,3,0.44,4.85,2,1
2026-01-19 07:00:59,2026-01-19 07:05:20.541646172,168,75,1.91,4.6,1,1
2026-01-02 13:18:31,2026-01-02 13:27:22.704257278,85,76,0.88,15.15,2,2
2026-01-03 22:42:59,2026-01-03 22:44:57.527562098,218,236,0.21,40.58,3,2
2026-01-17 03:17:14,2026-01-17 03:20:11.983412096,178,185,0.48,5.28,4,1
2026-01-20 02:25:38,2026-01-20 02:33:45.612859166,75,79,8.44,5.98,2,1
2026-01-06 04:46:59,2026-01-06 04:48:04.323741722,59,252,0.15,13.3,4,1
2026-01-06 07:26:26,2026-01-06 07:37:46.195343768,124,68,2.7,9.51,1,1
2026-01-05 00:13:44,2026-01-05 00:23:18.802564142,246,61,8.46,11.16,4,2
2026-01-18 12:19:23,2026-01-18 12:24:23.353990046,257,25,3.04,4.23,4,2
2026-01-01 05:50:35,2026-01-01 06:19:14.725208450,106,95,0.54,50.55,2,1
2026-01-18 17:53:17,2026-01-18 18:15:37.128201632,31,215,11.49,26.11,2,2
2026-01-15 18:05:27,2026-01-15 18:25:09.872071242,65,107,2.69,11.49,3,1
2026-01-15 10:41:34,2026-01-15 10:42:34.000000000,245,46,10.58,3.15,3,1
2026-01-22 01:22:53,2026-01-22 02:20:25.173461150,253,171,0.5,1.29,3,2
2026-01-17 04:50:16,2026-01-17 05:13:39.076345408,186,234,-1.0,12.24,1,2
2026-01-23 13:26:42,2026-01-23 13:27:42.000000000,53,251,0.84,15.53,1,1
2026-01-24 16:21:32,2026-01-24 16:22:32.000000000,219,168,0.12,19.65,1,1
2026-01-29 12:34:03,2026-01-29 12:38:22.611000816,211,27,5.29,0.05,1,2
2026-01-25 18:38:17,2026-01-25 18:41:34.393934120,118,160,0.08,17.02,4,2
2026-01-17 01:10:24,2026-01-17 01:17:35.806247256,261,31,1.99,9.69,1,1
2026-01-16 06:09:43,2026-01-16 06:11:17.909725168,80,182,2.26,4.72,4,2
2026-01-08 07:22:01,2026-01-08 07:35:34.873396485,124,113,1.42,20.49,1,1
2026-01-19 14:05:51,2026-01-19 14:20:07.190816514,14,73,0.17,22.99,1,1
2026-01-05 07:31:00,2026-01-05 07:39:37.368595326,132,254,2.03,24.44,4,1
2026-01-29 20:50:23,2026-01-29 21:04:31.173618116,37,161,5.71,36.06,1,1
2026-01-27 04:42:46,2026-01-27 04:50:38.623923460,172,38,1.57,1.17,1,2
2026-01-04 17:04:54,2026-01-04 17:14:09.268957638,230,171,2.73,64.87,4,1
2026-01-25 08:45:04,2026-01-25 09:03:49.923690286,40,160,0.85,38.33,3,2
2026-01-04 15:07:30,2026-01-04 15:16:31.066962606,233,32,0.83,20.4,1,1
2026-01-23 08:35:29,2026-01-23 08:36:29.000000000,47,206,0.32,21.49,1,1
2026-01-03 17:15:19,2026-01-03 17:18:35.066598610,257,182,1.27,13.53,1,2
2026-01-16 03:12:57,2026-01-16 03:37:32.049108600,120,175,0.17,9.29,3,1
2026-01-21 09:27:01,2026-01-21 09:28:01.000000000,194,85,1.41,21.17,4,1
2026-01-23 14:14:06,2026-01-23 14:15:24.998879904,239,245,1.93,0.33,3,2
2026-01-13 23:26:40,2026-01-13 23:30:57.830625724,84,219,5.74,17.58,4,1
2026-01-29 13:41:16,2026-01-29 13:44:36.187385584,200,250,3.23,8.87,2,2
2026-01-25 00:05:42,2026-01-25 00:19:09.549259950,40,170,0.12,3.24,2,2
2026-01-07 10:56:56,2026-01-07 11:18:49.920265514,149,124,0.6,2.44,4,2
2026-01-21 19:23:46,2026-01-21 19:27:09.888019858,6,19,1.43,25.0,3,1
2026-01-23 15:31:03,2026-01-23 15:50:17.649824982,10,22,0.84,15.65,4,1
2026-01-11 08:13:35,2026-01-11 08:24:44.929765064,183,62,1.51,2.77,4,2
2026-01-23 21:14:38,2026-01-23 21:20:21.025488512,43,260,1.22,14.27,3,2
2026-01-28 20:23:04,2026-01-28 20:26:00.557462020,244,218,0.64,15.81,1,2
2026-01-26 07:55:58,2026-01-26 08:08:29.933712717,44,224,0.35,5.6,3,2
2026-01-24 15:19:26,2026-01-24 15:29:27.883419086,148,213,1.13,9.89,3,2
2026-01-20 16:03:57,2026-01-20 16:04:57.000000000,254,71,3.16,42.77,4,1
2026-01-09 09:16:40,2026-01-09 09:24:02.228190760,247,4,5.06,29.51,1,2
2026-01-25 15:38:45,2026-01-25 15:39:49.340518140,66,120,3.48,7.69,1,1
2026-01-12 06:57:31,2026-01-12 07:51:29.189260612,50,61,2.03,16.29,2,1
2026-01-17 11:57:15,2026-01-17 12:03:00.134554902,59,12,0.87,3.59,1,1
2026-01-10 17:56:36,2026-01-10 18:04:26.567933352,75,80,1.96,17.02,2,2
2026-01-10 16:53:04,2026-01-10 17:08:36.775012599,203,98,2.57,2.8,1,1
2026-01-05 21:15:47,2026-01-05 21:40:53.622508502,162,233,5.46,13.64,3,2
2026-01-30 19:12:19,2026-01-30 19:29:09.608001766,65,175,4.2,15.29,1,2
2026-01-05 13:57:02,2026-01-05 13:58:02.000000000,203,5,1.71,0.29,4,2
2026-01-03 16:10:35,2026-01-03 16:42:39.341634932,115,155,0.58,5.51,1,1
2026-01-30 00:28:43,2026-01-30 00:35:41.717300008,170,153,5.84,0.87,3,2
2026-01-18 04:55:47,2026-01-18 04:56:48.894549176,96,138,2.71,5.34,3,2
2026-01-14 13:48:02,2026-01-14 13:49:02.000000000,256,114,3.68,5.39,2,2
2026-01-23 20:41:36,2026-01-23 20:51:10.902145116,262,153,1.29,4.25,2,2
2026-01-12 21:11:23,2026-01-12 21:12:36.727625684,262,182,3.23,38.22,4,2
2026-01-04 23:10:25,2026-01-04 23:19:04.550146126,202,237,1.9,0.18,2,1
2026-01-23 14:53:10,2026-01-23 15:05:26.571890554,29,152,2.09,17.41,3,1
2026-01-06 10:56:37,2026-01-06 10:59:57.395892820,261,231,2.9,1.56,4,1
2026-01-18 03:25:36,2026-01-18 03:56:02.488531470,183,183,4.27,53.76,1,2
2026-01-30 10:06:18,2026-01-30 10:11:41.730706464,141,229,5.68,13.24,4,2
2026-01-30 00:29:17,2026-01-30 00:30:17.000000000,145,21,3.35,20.48,2,2
2026-01-12 04:25:21,2026-01-12 04:31:28.178733840,125,67,1.06,18.35,4,2
2026-01-25 04:32:39,2026-01-25 04:49:36.543835224,245,60,1.14,1.18,2,2
2026-01-19 23:49:50,2026-01-20 00:20:06.590034752,182,64,2.31,17.66,2,1
2026-01-15 20:39:03,2026-01-15 20:46:28.270816686,207,132,5.18,12.6,4,2
2026-01-05 08:06:23,2026-01-05 08:15:48.955891202,257,196,0.63,16.97,4,1
2026-01-12 16:00:41,2026-01-12 16:08:46.248471764,254,255,2.25,36.82,4,1
2026-01-21 05:01:37,2026-01-21 05:08:30.560705614,99,82,0.63,2.78,1,1
2026-01-31 14:03:13,2026-01-31 14:05:15.553976032,142,205,8.66,18.22,2,1
2026-01-01 03:38:18,2026-01-01 03:44:07.685933076,52,195,2.79,0.27,3,1
2026-01-23 06:00:49,2026-01-23 06:12:48.687959032,122,227,5.19,5.98,4,2
2026-01-27 05:40:28,2026-01-27 05:42:04.966053316,63,12,0.75,16.77,4,2
2026-01-30 11:41:19,2026-01-30 12:58:17.516969110,264,6,5.41,0.52,4,1
2026-01-14 03:18:35,2026-01-14 03:20:10.388251040,241,149,0.72,16.15,1,2
2026-01-04 16:08:53,2026-01-04 16:13:43.457458310,70,232,0.69,26.82,4,2
2026-01-09 09:35:58,2026-01-09 09:53:06.283889596,137,28,2.18,9.27,1,1
2026-01-27 08:47:49,2026-01-27 08:54:51.020947342,235,214,1.01,1.06,4,1
2026-01-28 05:11:00,2026-01-28 05:15:18.822156462,218,250,0.02,1.64,2,2
2026-01-20 17:58:58,2026-01-20 17:59:58.000000000,91,61,1.75,2.92,3,2
2026-01-04 19:19:08,2026-01-04 19:21:36.134905136,133,103,0.37,2.13,4,1
2026-01-04 18:42:35,2026-01-04 19:16:42.167307278,96,227,4.03,4.44,2,2
2026-01-15 19:45:36,2026-01-15 20:11:42.494219934,117,112,0.42,24.84,4,1
2026-01-19 05:39:50,2026-01-19 06:22:55.602106616,179,160,0.01,12.77,1,2
2026-01-02 00:05:22,2026-01-02 00:06:22.000000000,189,30,0.21,8.08,1,1
2026-01-22 06:27:20,2026-01-22 06:31:37.861864184,223,252,1.3,22.77,4,2
2026-01-17 21:06:55,2026-01-17 21:10:57.236394520,213,136,0.23,9.96,2,2
2026-01-01 09:09:11,2026-01-01 09:24:17.606990072,9,130,2.06,13.17,3,2
2026-01-03 23:11:02,2026-01-03 23:16:00.178679120,160,43,0.19,12.15,3,2
2026-01-15 02:00:45,2026-01-15 02:11:38.553360486,79,259,3.0,11.16,3,2
2026-01-23 09:36:12,2026-01-23 10:09:02.130651996,9,240,0.07,0.52,4,1
,2026-01-26 14:06:50.000000000,102,133,2.14,33.66,3,1
2026-01-14 08:53:18,2026-01-14 09:01:09.770307732,9,11,3.82,48.56,2,2
2026-01-10 03:44:49,2026-01-10 04:49:01.680243796,101,68,2.13,23.28,1,2
2026-01-31 00:25:22,2026-01-31 00:33:14.160338818,25,43,4.13,18.41,3,2
2026-01-15 05:09:35,2026-01-15 05:15:56.813183078,16,155,6.19,24.36,4,1
2026-01-10 18:38:59,2026-01-10 19:00:39.652653938,193,8,0.83,0.35,2,1
2026-01-14 17:04:54,2026-01-14 17:19:27.279003702,38,149,1.49,0.27,1,2
2026-01-01 08:59:46,2026-01-01 09:19:06.860711638,178,246,1.35,18.99,1,1
2026-01-10 08:38:02,2026-01-10 08:50:18.527433181,150,178,3.08,12.2,1,2
2026-01-16 23:34:21,2026-01-16 23:45:09.020510832,10,28,0.49,2.83,2,1
2026-01-29 11:19:14,2026-01-29 11:36:39.398173118,160,204,3.53,28.6,1,2
2026-01-23 21:14:24,2026-01-23 21:52:14.907798684,196,73,5.34,8.07,2,2
2026-01-25 05:16:57,2026-01-25 05:58:23.340155274,17,81,0.25,4.74,3,2
2026-01-17 21:24:24,2026-01-17 21:28:35.042138100,192,138,0.81,12.35,4,1
2026-01-04 10:16:39,2026-01-04 10:20:02.329905810,94,16,7.87,2.62,2,1
2026-01-13 02:50:57,2026-01-13 02:51:57.000000000,173,123,1.42,1.35,4,2
2026-01-31 21:47:37,2026-01-31 22:00:35.733951898,49,36,7.95,4.14,1,2
2026-01-02 08:51:47,2026-01-02 08:52:53.767702460,185,204,0.39,17.24,3,2
2026-01-28 06:07:29,2026-01-28 06:28:15.376627790,139,144,0.45,7.56,3,2
2026-01-22 05:15:53,2026-01-22 05:18:05.423270684,149,13,3.01,1.81,4,1
2026-01-09 19:13:40,2026-01-09 19:21:59.362911850,234,25,1.34,13.59,4,2
2026-01-25 02:49:24,2026-01-25 02:57:39.436541280,190,114,1.39,54.57,3,2
2026-01-26 22:39:03,2026-01-26 22:59:02.945119566,43,148,1.17,5.94,1,2
2026-01-02 08:09:18,2026-01-02 08:21:08.581377246,237,236,0.41,13.51,2,2
2026-01-04 07:10:34,2026-01-04 07:21:12.802038712,263,25,0.42,6.3,1,1
2026-01-21 15:19:03,2026-01-21 15:48:39.395407866,28,59,0.05,23.28,4,1
2026-01-31 23:20:02,2026-01-31 23:31:13.042224920,94,93,0.95,9.68,4,1
2026-01-01 17:49:51,2026-01-01 18:10:24.528401226,128,119,1.27,4.99,2,1
2026-01-21 15:16:09,2026-01-21 15:22:26.153167278,187,65,2.16,0.12,2,2
2026-01-05 05:34:27,2026-01-05 05:39:28.639760916,256,83,0.71,2.97,1,2
2026-01-21 03:41:34,2026-01-21 03:50:59.573379010,222,75,5.19,11.79,2,2
2026-01-20 07:44:46,2026-01-20 07:49:45.025324588,205,158,1.9,5.35,4,2
2026-01-03 19:17:16,2026-01-03 19:40:04.127676346,38,31,0.14,36.06,4,2
2026-01-22 02:27:42,2026-01-22 02:58:34.677428670,252,252,0.58,20.67,2,2
2026-01-28 19:23:34,2026-01-28 19:29:33.830418616,170,213,1.73,18.08,2,2
2026-01-27 18:24:07,2026-01-27 18:25:50.756492488,242,29,0.11,26.55,3,1
2026-01-01 21:34:32,2026-01-01 21:51:03.882184244,100,41,2.68,0.76,3,1
2026-01-08 14:57:42,2026-01-08 14:58:42.000000000,75,128,7.83,12.75,3,1
2026-01-08 11:10:33,2026-01-08 11:22:28.477011564,253,24,2.58,2.4,1,2
2026-01-15 01:14:58,2026-01-15 01:22:31.452929506,218,10,3.42,10.18,3,1
2026-01-05 10:24:29,2026-01-05 10:34:43.312923554,252,196,5.54,4.38,4,2
2026-01-27 11:38:02,2026-01-27 11:50:39.887764814,258,144,0.26,17.92,1,2
2026-01-25 01:54:55,2026-01-25 01:58:15.857334874,191,76,0.07,4.98,4,1
2026-01-26 01:24:43,2026-01-26 01:28:05.344946674,131,216,1.31,6.53,4,1
2026-01-07 03:27:50,2026-01-07 03:42:07.056429554,225,250,0.77,17.62,1,2
2026-01-01 10:50:31,2026-01-01 10:53:15.348573904,247,36,1.37,1.22,4,1
2026-01-29 05:30:53,2026-01-29 05:31:53.000000000,1,212,0.68,3.15,4,2
2026-01-09 22:56:52,2026-01-09 23:11:27.641657038,8,161,1.0,1.3,1,1
2026-01-21 08:15:50,2026-01-21 08:28:05.884984034,37,96,0.29,6.49,3,2
2026-01-29 04:37:14,2026-01-29 04:43:26.267259428,112,243,0.12,27.23,2,1
2026-01-02 02:54:18,2026-01-02 03:00:22.244261633,55,214,0.8,49.3,1,1
2026-01-01 04:04:19,2026-01-01 04:12:54.886061590,260,67,0.78,35.53,1,1
2026-01-01 04:02:23,2026-01-01 04:08:29.538680036,140,242,1.99,12.04,4,2
2026-01-05 20:18:22,2026-01-05 20:22:59.302778584,251,218,0.4,10.73,2,1
2026-01-02 14:26:00,2026-01-02 14:28:46.341583452,56,65,1.34,0.34,2,1
2026-01-26 10:03:56,2026-01-26 10:19:01.120154792,23,115,0.85,6.62,2,1
2026-01-19 18:48:29,2026-01-19 18:50:47.858658218,138,197,2.31,16.99,2,1
2026-01-31 09:09:17,2026-01-31 09:29:02.794565864,92,154,1.37,8.01,1,1
2026-01-25 20:18:08,2026-01-25 20:22:57.330056492,163,5,1.37,29.26,1,2
2026-01-30 20:36:42,2026-01-30 20:52:24.556584960,94,116,1.59,22.79,3,1
2026-01-08 09:28:59,2026-01-08 09:30:17.896025828,148,194,0.87,5.97,1,2
2026-01-09 22:07:22,2026-01-09 22:39:57.825741832,13,247,0.26,146.17,4,1
2026-01-27 07:57:36,2026-01-27 07:58:46.280627718,78,160,0.15,1.08,3,1
2026-01-08 14:11:34,2026-01-08 14:37:33.340994044,158,178,3.09,6.71,2,2
2026-01-02 18:34:50,2026-01-02 18:44:55.620081320,246,158,0.72,7.3,4,1
2026-01-21 17:49:58,2026-01-21 17:57:18.685318570,103,201,9.19,65.12,4,1
2026-01-25 19:55:01,2026-01-25 19:58:27.045188980,25,57,1.19,16.4,3,2
2026-01-31 00:20:16,2026-01-31 00:45:49.486566298,119,41,0.26,7.29,3,2
2026-01-29 18:16:47,2026-01-29 18:31:37.892976284,38,169,0.21,3.19,3,2
2026-01-04 17:27:05,2026-01-04 17:52:21.550233896,39,171,0.71,7.71,1,1
2026-01-24 22:26:55,2026-01-24 23:17:34.521241816,261,81,0.41,3.52,2,1
2026-01-27 05:31:08,2026-01-27 06:29:50.358345488,227,8,1.61,21.34,3,1
2026-01-22 15:24:06,2026-01-22 15:47:21.609337182,232,37,3.04,5.95,1,2
2026-01-26 09:55:51,2026-01-26 10:01:55.304309706,149,4,-1.0,5.69,2,2
2026-01-26 23:27:26,2026-01-26 23:31:21.188783078,44,61,1.04,20.51,4,1
2026-01-14 20:14:00,2026-01-14 20:29:50.776702620,247,203,0.62,4.69,1,1
2026-01-02 05:52:21,2026-01-02 05:53:21.000000000,179,47,1.99,16.17,2,1
2026-01-15 03:24:30,2026-01-15 03:46:33.532055652,241,246,0.16,24.39,3,1
2026-01-07 06:07:33,2026-01-07 06:23:49.474882236,207,46,0.79,2.94,1,1
2026-01-04 12:36:52,2026-01-04 12:49:00.543233038,204,58,3.09,40.86,3,1
2026-01-04 20:56:35,2026-01-04 21:13:07.545373933,39,131,0.55,8.7,3,2
2026-01-22 14:50:46,2026-01-22 15:03:21.000616468,110,45,1.59,10.01,2,1
2026-01-16 15:22:15,2026-01-16 15:23:15.000000000,254,112,0.02,98.54,3,2
2026-01-17 17:38:23,2026-01-17 17:55:23.140038224,76,91,3.72,4.22,4,2
2026-01-24 02:25:11,2026-01-24 02:51:47.110632668,158,256,0.23,2.31,4,2
2026-01-17 23:54:40,2026-01-17 23:57:11.642005714,227,71,0.13,38.14,3,1
2026-01-20 12:43:43,2026-01-20 13:08:31.311795394,75,235,0.09,4.95,4,1
2026-01-03 16:00:07,2026-01-03 16:41:20.619775060,107,245,4.7,5.86,4,2
2026-01-27 09:14:29,2026-01-27 09:25:00.860369077,169,82,1.74,41.46,3,2
2026-01-14 21:53:34,2026-01-14 22:07:02.359072282,54,197,0.1,14.04,4,1
2026-01-05 19:28:42,2026-01-05 19:34:51.507645864,51,138,1.8,38.28,1,1
2026-01-26 05:06:59,2026-01-26 05:15:35.197716536,70,39,0.62,1.21,3,2
2026-01-23 18:33:29,2026-01-23 18:52:22.052394272,171,179,3.86,10.64,2,1
2026-01-02 15:27:04,2026-01-02 15:38:36.012917752,130,212,4.69,13.66,3,2
2026-01-06 23:37:22,2026-01-06 23:46:51.044180596,137,166,3.86,11.99,1,1
2026-01-01 11:43:03,2026-01-01 11:52:17.843302974,230,250,0.48,1.24,4,1
2026-01-09 09:26:40,2026-01-09 09:40:25.389742762,217,1,3.83,33.41,2,2
2026-01-04 02:23:07,2026-01-04 02:24:07.000000000,161,4,6.51,9.29,3,2
2026-01-23 00:10:08,2026-01-23 00:18:02.915458898,103,53,3.46,12.18,3,1
2026-01-17 04:46:46,2026-01-17 04:59:15.840484408,76,25,0.7,3.82,4,2
2026-01-31 09:16:20,2026-01-31 09:20:47.318146766,44,53,0.98,9.63,1,1
2026-01-24 05:34:17,2026-01-24 05:45:19.804819286,48,189,2.34,6.79,3,1
2026-01-19 22:59:18,2026-01-19 23:13:16.318841814,147,140,1.84,5.84,4,2
2026-01-16 18:55:44,2026-01-16 19:08:43.284510758,251,87,8.34,3.97,2,1
2026-01-02 16:32:53,2026-01-02 16:36:36.706631774,51,207,2.97,8.77,4,1
2026-01-03 04:13:46,2026-01-03 04:27:24.490724242,193,164,9.5,1.13,2,2
2026-01-20 02:32:01,2026-01-20 02:42:40.172773282,28,22,4.28,0.86,1,1
2026-01-01 03:15:29,2026-01-01 03:33:04.048877366,112,253,3.81,12.13,4,2
2026-01-02 07:30:31,2026-01-02 07:39:33.121962351,46,125,1.61,5.1,4,2
2026-01-07 19:02:13,2026-01-07 19:08:46.862766292,105,13,2.71,5.14,3,2
2026-01-28 09:48:15,2026-01-28 09:49:15.000000000,26,250,7.72,0.78,4,1
2026-01-15 05:26:38,2026-01-15 05:29:23.909995202,76,219,4.97,5.01,1,2
2026-01-22 23:55:34,2026-01-22 23:56:34.000000000,23,116,8.28,7.7,4,1
2026-01-13 18:12:08,2026-01-13 18:15:57.757545134,178,46,2.34,37.63,3,1
2026-01-06 08:48:25,2026-01-06 08:57:30.240675940,71,42,2.51,4.67,3,2
2026-01-12 12:08:25,2026-01-12 12:12:33.785790562,161,3,0.95,6.61,4,2
2026-01-03 20:14:25,2026-01-03 20:16:09.326780602,89,91,1.27,4.52,2,1
2026-01-24 21:04:06,2026-01-24 21:12:08.303343822,38,122,2.2,2.67,1,2
2026-01-06 16:32:55,2026-01-06 16:48:48.512511934,139,95,2.24,25.39,2,1
2026-01-12 16:01:27,2026-01-12 16:12:35.499084480,193,130,0.03,8.35,2,2
2026-01-31 09:08:24,2026-01-31 09:30:11.876187198,3,106,0.03,60.14,4,2
2026-01-19 08:25:14,2026-01-19 08:29:22.450145738,91,227,3.42,6.17,4,1
2026-01-15 05:10:08,2026-01-15 05:57:04.058476760,88,235,0.5,0.36,3,2
2026-01-17 20:00:05,2026-01-17 20:01:47.649334976,24,80,0.09,3.71,1,1
2026-01-25 07:21:22,2026-01-25 07:37:14.871991942,12,2,0.59,6.7,2,2
2026-01-08 21:20:03,2026-01-08 21:21:03.000000000,101,18,3.57,16.3,2,1
2026-01-20 17:29:16,2026-01-20 17:40:15.704969350,100,66,8.86,20.12,2,1
2026-01-28 01:16:56,2026-01-28 01:53:41.996486882,17,36,2.12,16.26,1,2
2026-01-18 17:52:31,2026-01-18 18:27:45.023033374,174,92,6.71,5.78,3,1
2026-01-14 20:13:32,2026-01-14 20:14:44.942795558,62,194,0.74,24.68,3,1
2026-01-05 11:58:36,2026-01-05 11:59:36.000000000,154,65,3.36,2.0,2,2
2026-01-08 16:43:38,2026-01-08 16:45:38.666022836,241,47,0.71,16.76,4,2
2026-01-30 07:50:31,2026-01-30 07:57:31.796948560,142,174,0.41,3.64,2,2
2026-01-17 18:41:50,2026-01-17 18:50:39.582882800,168,206,2.96,0.75,1,1
2026-01-10 08:11:56,2026-01-10 08:13:06.767624402,88,38,3.23,1.43,4,2
2026-01-13 23:15:57,2026-01-13 23:28:10.813339608,18,21,11.59,7.44,3,2
2026-01-18 22:02:41,2026-01-18 22:29:48.277547966,86,22,0.94,19.62,2,1
2026-01-17 15:56:06,2026-01-17 16:02:01.145831310,107,52,0.14,7.3,1,1
2026-01-22 16:37:59,2026-01-22 16:42:18.080274734,93,99,1.28,17.34,3,1
2026-01-08 23:34:28,2026-01-08 23:54:24.752491306,141,126,8.46,2.99,2,2
2026-01-21 03:01:46,2026-01-21 03:35:05.874288190,239,67,12.08,3.72,3,2
2026-01-14 17:21:06,2026-01-14 17:32:08.266592886,219,241,1.0,2.79,3,2
2026-01-30 03:48:08,2026-01-30 03:49:08.000000000,22,56,0.98,15.28,1,1
2026-01-05 21:29:40,2026-01-05 21:31:24.905086594,69,137,0.66,0.1,4,2
2026-01-05 14:26:18,2026-01-05 14:41:12.292432890,74,19,1.51,3.44,2,1
2026-01-15 07:28:26,2026-01-15 07:44:24.669339824,233,118,1.32,2.83,1,1
2026-01-16 18:12:51,2026-01-16 18:15:08.317369416,79,84,3.16,26.02,2,1
2026-01-22 10:00:40,2026-01-22 10:33:36.008176858,185,162,3.65,36.13,1,1
2026-01-13 12:36:05,2026-01-13 12:40:03.888406028,118,35,2.48,13.13,1,1
2026-01-29 07:48:16,2026-01-29 07:57:29.897392042,257,235,3.17,3.06,2,1
2026-01-15 16:46:53,2026-01-15 17:20:35.605503794,223,155,1.82,1.16,2,2
2026-01-05 00:13:34,2026-01-05 00:33:52.238966392,211,217,0.09,9.66,1,1
2026-01-04 16:41:52,2026-01-04 16:42:52.000000000,227,109,0.61,9.64,4,1
2026-01-31 04:12:50,2026-01-31 04:19:06.497384774,41,39,4.39,7.67,4,2
2026-01-05 03:45:59,2026-01-05 03:52:43.568518232,120,204,0.55,20.92,4,2
2026-01-30 09:12:04,2026-01-30 09:14:00.969133300,104,260,0.63,36.38,4,1
2026-01-09 14:53:17,2026-01-09 15:04:09.981707030,74,263,2.5,27.24,1,1
2026-01-03 21:29:47,2026-01-03 21:40:03.503340980,263,67,0.37,28.96,2,1
2026-01-10 10:42:00,2026-01-10 10:51:47.151968886,65,6,0.54,15.68,3,1
2026-01-20 01:20:07,2026-01-20 01:26:32.826547936,160,137,5.35,84.27,2,1
2026-01-14 06:21:35,2026-01-14 06:23:37.359906266,135,6,0.09,1.84,2,2
2026-01-25 08:28:18,2026-01-25 08:30:04.476793920,162,22,0.6,32.59,1,2
2026-01-19 22:34:29,2026-01-19 22:36:58.284907700,7,254,1.71,39.11,2,2
2026-01-13 10:10:59,2026-01-13 10:19:16.999800524,167,106,0.32,0.66,2,1
2026-01-20 16:09:50,2026-01-20 16:14:12.832970660,155,67,0.11,3.12,4,2
2026-01-31 02:46:05,2026-01-31 03:11:55.606659686,134,231,2.69,2.78,2,2
2026-01-13 18:23:14,2026-01-13 18:24:14.000000000,70,9,0.56,26.09,4,1
2026-01-05 18:09:43,2026-01-05 18:16:30.864133786,7,217,5.05,10.31,4,2
2026-01-13 16:08:04,2026-01-13 16:12:10.672883038,106,204,1.23,11.38,4,1
2026-01-27 01:02:43,2026-01-27 01:23:56.302145122,24,105,0.68,11.35,4,2
2026-01-07 17:54:56,2026-01-07 18:07:47.907972638,160,153,0.94,27.34,3,2
2026-01-30 10:09:43,2026-01-30 10:13:20.272687540,159,130,1.88,22.01,3,1
2026-01-19 05:41:59,2026-01-19 05:46:08.302602524,235,207,0.51,10.2,4,1
2026-01-19 15:34:14,2026-01-19 15:40:43.556768720,169,215,1.77,0.54,4,2
2026-01-10 19:52:42,2026-01-10 20:06:39.193702944,92,157,4.5,5.56,4,1
2026-01-29 12:49:12,2026-01-29 12:52:18.724334748,123,45,0.03,15.99,3,1
2026-01-02 02:49:42,2026-01-02 03:01:37.626228288,27,84,2.39,1.33,4,2
2026-01-10 06:12:41,2026-01-10 06:15:00.653646548,126,257,3.83,27.68,2,2
2026-01-13 23:17:22,2026-01-13 23:19:35.908779460,57,153,2.07,12.08,2,1
2026-01-15 19:05:34,2026-01-15 19:09:23.222625826,201,7,4.34,6.31,2,2
2026-01-15 16:45:16,2026-01-15 17:36:50.087375913,113,175,2.93,8.15,4,2
2026-01-05 14:03:20,2026-01-05 14:13:25.357592726,102,203,1.28,19.76,1,1
2026-01-07 23:50:27,2026-01-08 00:14:33.808404876,91,70,1.67,2.29,3,1
2026-01-03 22:51:36,2026-01-03 22:57:45.423803376,156,234,2.86,9.8,3,2
2026-01-18 17:54:31,2026-01-18 18:12:17.137613074,71,159,0.83,22.01,1,2
2026-01-11 21:02:46,2026-01-11 21:17:49.482758116,183,138,1.54,27.34,4,1
2026-01-18 12:56:03,2026-01-18 13:03:21.622830804,35,60,3.97,2.3,2,1
2026-01-19 06:44:50,2026-01-19 06:52:46.138536620,14,226,1.45,4.85,3,2
2026-01-22 18:17:22,2026-01-22 18:30:29.294008396,193,151,0.23,4.35,1,2
2026-01-17 22:59:40,2026-01-17 23:02:47.743740046,147,263,1.24,7.29,3,1
2026-01-21 02:04:25,2026-01-21 03:05:00.801955078,24,180,0.5,7.89,3,1
2026-01-19 04:50:22,2026-01-19 04:53:47.593199218,45,263,0.66,46.43,1,2
2026-01-21 05:24:36,2026-01-21 05:25:42.910248744,51,5,0.8,17.58,3,2
2026-01-20 02:46:59,2026-01-20 02:56:20.856446372,242,256,1.08,77.06,2,2
2026-01-10 19:15:47,2026-01-10 19:18:11.338426904,18,35,0.4,30.62,3,1
2026-01-08 15:14:08,2026-01-08 15:15:08.000000000,26,56,0.63,27.53,3,1
2026-01-25 09:50:58,2026-01-25 09:52:21.701568010,229,71,0.03,8.12,4,1
2026-01-11 14:58:12,2026-01-11 15:32:40.489696254,54,70,1.29,41.39,1,1
2026-01-18 00:33:48,2026-01-18 00:42:06.028809498,248,97,0.3,1.84,2,1
2026-01-07 02:32:52,2026-01-07 02:36:43.351905196,76,236,3.22,40.45,3,2
2026-01-14 08:58:30,2026-01-14 09:18:39.420356532,44,246,4.47,1.97,3,2
2026-01-17 10:04:11,2026-01-17 10:25:32.951117906,22,95,2.99,14.94,1,2
2026-01-20 09:45:11,2026-01-20 09:46:11.000000000,119,3,0.1,17.82,1,2
2026-01-17 07:37:27,2026-01-17 08:06:35.021887344,91,184,1.65,2.01,3,2
2026-01-12 04:19:44,2026-01-12 04:21:48.756366644,225,43,0.3,4.67,1,1
2026-01-30 19:33:28,2026-01-30 19:46:58.697461108,42,46,0.79,2.19,1,1
2026-01-16 21:28:40,2026-01-16 21:53:18.075093676,64,55,7.87,4.45,3,1
2026-01-26 01:22:31,2026-01-26 01:27:40.115957026,55,56,4.57,6.55,2,1
2026-01-23 20:06:32,2026-01-23 20:22:15.734316554,43,220,0.17,1.2,4,1
2026-01-18 07:23:16,2026-01-18 07:39:07.088031718,132,215,0.02,6.61,2,2
2026-01-28 11:29:01,2026-01-28 11:31:30.892972798,127,64,2.99,9.68,4,2
2026-01-04 23:25:52,2026-01-04 23:29:12.990596536,139,105,0.03,11.73,3,2
2026-01-29 13:15:59,2026-01-29 13:17:43.666174820,204,164,1.86,6.14,4,2
2026-01-27 08:34:05,2026-01-27 08:35:05.000000000,251,167,1.91,7.17,3,1
2026-01-16 14:42:10,2026-01-16 14:51:39.589317424,115,114,0.57,6.3,2,2
2026-01-23 17:38:37,2026-01-23 17:41:24.801457114,25,32,0.31,6.91,3,1
2026-01-17 03:05:04,2026-01-17 03:14:56.678289910,235,88,0.98,2.51,4,2
2026-01-09 07:57:38,2026-01-09 08:14:40.397915018,142,26,2.7,3.23,1,2
2026-01-25 19:06:12,2026-01-25 19:13:42.827500404,97,163,9.72,0.11,3,2
2026-01-08 14:57:57,2026-01-08 15:03:33.299505528,21,163,0.51,5.12,4,2
2026-01-10 17:57:04,2026-01-10 18:17:55.832467444,102,222,10.96,9.14,1,2
2026-01-17 02:21:10,2026-01-17 02:26:37.471223872,43,212,2.37,3.11,1,1
2026-01-26 23:00:44,2026-01-26 23:12:16.668458719,153,110,14.7,35.29,2,1
2026-01-12 21:38:27,2026-01-12 21:52:26.010239808,229,2,3.96,3.25,1,2
2026-01-16 07:38:28,2026-01-16 07:47:51.459752728,107,5,0.15,29.95,1,2
2026-01-02 06:59:56,2026-01-02 07:18:43.665240506,95,57,3.25,10.19,1,1
2026-01-04 14:11:50,2026-01-04 14:25:48.794202230,14,223,3.22,16.9,3,2
2026-01-02 17:37:29,2026-01-02 17:43:09.501817706,207,139,1.74,3.59,2,2
2026-01-03 05:36:43,2026-01-03 05:41:15.380648374,178,194,1.27,9.79,4,1
2026-01-27 22:10:45,2026-01-27 22:12:49.312455024,79,56,0.31,12.49,2,2
2026-01-27 02:26:34,2026-01-27 02:36:55.724285626,87,178,3.32,13.35,2,2
2026-01-26 11:29:00,2026-01-26 11:38:01.247035098,209,72,1.48,2.03,2,2
2026-01-02 17:20:33,2026-01-02 17:46:57.503028852,5,168,1.96,6.36,3,1
2026-01-03 09:46:04,2026-01-03 09:48:30.477707800,61,138,0.36,21.73,2,2
2026-01-09 16:46:29,2026-01-09 16:50:46.413818726,36,183,2.04,28.79,2,1
2026-01-18 12:34:46,2026-01-18 12:49:21.684841438,166,69,0.89,7.85,1,2
2026-01-11 08:35:33,2026-01-11 08:52:34.752420336,164,29,1.62,39.41,4,1
2026-01-16 02:44:40,2026-01-16 02:56:31.781136802,182,75,0.97,1.59,3,2
2026-01-06 08:42:28,2026-01-06 08:43:58.675133362,214,155,1.41,22.74,4,2
2026-01-23 15:41:55,2026-01-23 15:52:10.221265671,125,259,2.53,14.94,1,1
2026-01-10 17:32:12,2026-01-10 17:40:02.641702026,70,238,1.8,4.05,1,2
2026-01-03 01:30:22,2026-01-03 01:45:49.697586280,121,246,0.93,15.24,4,1
2026-01-24 00:33:47,2026-01-24 00:34:47.000000000,146,245,4.7,59.08,3,1
2026-01-28 23:40:28,2026-01-28 23:55:01.671234850,172,90,2.49,13.52,4,2
2026-01-01 10:55:26,2026-01-01 10:56:26.000000000,223,46,4.04,11.67,2,2
2026-01-14 12:53:05,2026-01-14 13:23:58.656838652,189,144,0.52,9.58,3,2
2026-01-26 15:25:01,2026-01-26 16:09:45.370394764,93,22,1.75,9.18,1,1
2026-01-22 21:23:11,2026-01-22 21:44:48.044219798,121,83,1.55,20.92,1,1
2026-01-27 13:16:18,2026-01-27 13:21:18.627685968,230,120,0.44,23.85,4,1
2026-01-13 20:54:58,2026-01-13 21:05:35.433940144,127,148,0.54,24.8,2,1
2026-01-12 12:57:45,2026-01-12 13:00:31.573739508,27,46,0.28,-5.0,3,2
2026-01-22 23:37:36,2026-01-23 00:02:35.252893314,65,24,0.61,12.58,3,2
2026-01-05 18:17:16,2026-01-05 18:25:56.989160308,29,131,5.68,5.34,4,2
2026-01-08 10:07:46,2026-01-08 10:09:54.743504116,151,218,3.3,16.97,1,2
2026-01-19 15:01:30,2026-01-19 15:16:10.271513424,252,204,3.94,40.99,4,1
2026-01-21 17:19:48,2026-01-21 17:21:59.369359704,144,178,2.81,3.48,2,2
2026-01-04 17:02:10,2026-01-04 18:00:55.901946238,74,84,0.26,4.52,1,1
2026-01-16 18:10:58,2026-01-16 18:41:49.054344814,233,40,1.12,6.34,1,1
2026-01-12 07:30:00,2026-01-12 07:36:54.642249630,113,260,1.72,4.64,2,2
2026-01-16 13:17:52,2026-01-16 13:21:33.566183326,134,63,1.86,41.36,4,2
2026-01-30 17:04:16,2026-01-30 17:06:56.397604522,160,62,0.0,15.93,1,2
2026-01-03 08:59:53,2026-01-03 09:16:30.985417772,36,157,3.12,15.07,3,1
2026-01-31 20:37:32,2026-01-31 21:07:39.282043220,194,209,3.27,14.52,2,2
2026-01-14 22:29:11,2026-01-14 22:39:02.465708726,198,10,0.02,76.01,2,2
2026-01-24 22:26:45,2026-01-24 22:39:52.273121292,214,195,3.82,19.09,1,1
2026-01-14 03:48:22,2026-01-14 03:53:16.891267540,18,210,1.1,5.7,4,1
2026-01-10 15:21:19,2026-01-10 15:42:30.835094872,123,227,0.76,4.09,1,2
2026-01-24 21:19:34,2026-01-24 21:23:46.882974592,16,224,0.14,75.07,2,1
2026-01-22 07:37:22,2026-01-22 07:41:05.504149486,237,139,1.23,13.29,4,1
2026-01-05 11:10:44,2026-01-05 11:11:44.000000000,199,85,1.65,13.42,2,2
2026-01-22 20:49:20,2026-01-22 20:52:19.559463758,160,149,1.0,10.26,3,1
2026-01-24 08:17:22,2026-01-24 08:26:33.161144812,236,35,0.04,2.63,2,1
2026-01-13 00:33:15,2026-01-13 00:34:15.000000000,80,233,0.44,34.67,2,1
2026-01-29 16:40:59,2026-01-29 16:51:34.242082838,109,203,7.0,15.76,3,2
2026-01-20 20:49:16,2026-01-20 21:20:48.462709054,139,122,3.87,14.47,3,2
2026-01-11 08:13:10,2026-01-11 08:23:00.052022248,144,215,0.84,12.32,1,2
2026-01-01 07:58:52,2026-01-01 08:09:59.421583036,31,255,1.29,4.14,4,1
2026-01-21 22:10:13,2026-01-21 22:12:53.801106154,245,53,6.48,3.93,1,2
2026-01-07 11:32:20,2026-01-07 11:35:26.385818360,25,169,2.28,0.6,1,1
2026-01-24 10:51:20,2026-01-24 11:15:04.281964652,255,134,0.0,2.48,2,1
2026-01-17 06:39:56,2026-01-17 06:44:20.037742142,149,230,0.24,42.29,2,1
2026-01-15 11:14:40,2026-01-15 11:15:40.000000000,2,221,0.42,87.68,1,2
2026-01-06 01:49:51,2026-01-06 01:53:09.017074158,90,108,0.21,87.63,1,2
2026-01-23 01:21:35,2026-01-23 01:23:34.907425784,192,149,3.51,5.09,3,2
2026-01-06 03:26:04,2026-01-06 03:27:04.000000000,120,208,7.82,0.36,1,2
2026-01-13 22:48:31,2026-01-13 22:52:24.061084348,171,220,0.22,-5.0,3,2
2026-01-26 22:12:37,2026-01-26 22:36:34.108280140,184,196,0.47,1.37,3,1
2026-01-29 12:45:07,2026-01-29 13:16:56.267390806,78,260,0.04,31.26,4,1
2026-01-31 15:54:53,2026-01-31 16:00:33.250194074,32,4,3.12,0.01,3,2
2026-01-30 16:45:39,2026-01-30 16:50:37.512462384,152,120,2.83,1.36,2,2
2026-01-18 05:38:28,2026-01-18 05:39:28.000000000,250,225,6.41,7.23,2,1
2026-01-07 05:09:27,2026-01-07 05:19:59.543557296,236,117,4.93,38.72,3,1
2026-01-27 00:16:04,2026-01-27 00:25:28.139686030,240,84,1.12,8.24,2,2
2026-01-25 20:24:47,2026-01-25 20:36:52.974091790,49,244,0.52,40.41,3,1
2026-01-31 16:47:57,2026-01-31 16:50:51.374573016,135,69,4.27,25.64,2,2
2026-01-21 04:18:18,2026-01-21 04:40:56.351544366,163,11,1.13,46.86,4,2
2026-01-05 09:20:50,2026-01-05 09:45:08.348155664,135,256,1.92,4.15,2,2
2026-01-16 14:09:33,2026-01-16 14:57:34.338924942,75,123,1.37,2.17,2,2
2026-01-14 21:29:41,2026-01-14 21:32:54.516537860,154,93,0.05,14.84,4,2
2026-01-27 03:09:09,2026-01-27 03:19:30.715170474,161,185,1.57,2.82,3,2
2026-01-13 04:04:26,2026-01-13 04:06:27.356886542,151,100,5.67,0.15,1,2
2026-01-11 04:28:22,2026-01-11 04:37:55.396054708,161,33,3.65,1.16,3,2
2026-01-03 11:33:24,2026-01-03 11:36:35.114737680,123,139,2.69,1.97,3,2
2026-01-26 21:34:46,2026-01-26 21:39:45.553129936,35,223,14.09,28.27,3,1
2026-01-24 09:57:56,2026-01-24 10:02:31.833529040,91,73,1.5,7.03,3,2
2026-01-02 06:40:24,2026-01-02 06:56:57.837274548,8,174,0.23,10.76,2,2
2026-01-14 10:43:53,2026-01-14 10:58:11.476317284,203,123,0.28,13.96,4,1
2026-01-15 20:54:37,2026-01-15 21:26:52.125293248,84,168,1.63,30.16,4,1
2026-01-15 13:10:45,2026-01-15 13:20:23.065495044,12,232,1.83,1.72,4,2
2026-01-29 11:41:05,2026-01-29 12:00:39.742865786,23,168,0.32,15.02,2,1
2026-01-05 16:06:02,2026-01-05 16:07:02.378912228,188,36,1.1,3.5,1,2
2026-01-10 11:55:13,2026-01-10 12:07:49.950763900,85,246,3.72,6.06,1,2
2026-01-06 14:36:33,2026-01-06 14:37:33.000000000,78,77,5.52,26.19,1,1
2026-01-08 13:35:56,2026-01-08 13:59:53.713810724,38,222,1.19,6.0,2,2
2026-01-29 02:53:06,2026-01-29 02:54:06.000000000,211,127,0.34,3.12,4,2
2026-01-30 03:53:50,2026-01-30 04:38:52.213068632,149,83,0.37,19.18,1,2
2026-01-02 09:13:08,2026-01-02 09:35:49.179034160,208,8,0.04,2.32,3,2
2026-01-20 14:16:34,2026-01-20 14:17:57.223870300,3,229,1.12,6.83,1,1
2026-01-08 05:14:31,2026-01-08 05:15:31.000000000,47,179,3.45,32.56,1,1
2026-01-06 23:15:55,2026-01-06 23:20:32.708603560,219,225,2.12,8.19,3,1
2026-01-10 01:17:31,2026-01-10 01:19:19.273038520,83,150,5.75,4.63,2,2
2026-01-07 00:37:26,2026-01-07 00:55:42.471709015,80,201,3.1,6.73,4,2
2026-01-16 04:42:25,2026-01-16 04:58:30.615170644,98,133,3.59,1.5,2,2
2026-01-31 20:44:03,2026-01-31 21:00:32.241332346,171,10,5.7,7.63,2,2
2026-01-19 04:18:54,2026-01-19 04:22:31.846575762,202,238,3.57,0.17,2,2
2026-01-23 10:05:34,2026-01-23 10:06:34.000000000,52,108,2.35,4.26,3,2
2026-01-16 07:00:27,2026-01-16 07:10:46.130762454,228,10,4.28,5.5,2,1
2026-01-01 10:20:49,2026-01-01 10:23:41.694610750,96,48,1.55,23.23,4,2
2026-01-03 14:34:54,2026-01-03 14:39:28.373682360,132,58,0.4,19.5,1,1
2026-01-09 08:02:28,2026-01-09 08:20:46.010190346,96,79,0.19,8.87,2,2
2026-01-08 13:17:18,2026-01-08 13:33:23.320879986,40,217,0.3,2.25,1,1
2026-01-27 01:23:28,2026-01-27 01:41:08.648671360,196,194,0.9,3.36,4,2
2026-01-27 03:37:47,2026-01-27 03:43:57.098147198,174,110,1.79,3.91,2,2
2026-01-27 11:27:58,2026-01-27 11:35:46.432352590,159,31,0.25,2.18,3,1
2026-01-20 18:21:57,2026-01-20 18:31:36.589166082,184,248,0.43,35.08,2,1
2026-01-18 05:47:34,2026-01-18 05:48:34.000000000,170,200,3.45,18.4,1,2
2026-01-21 02:58:00,2026-01-21 03:03:18.341656122,124,45,6.23,60.67,1,2
2026-01-13 14:39:51,2026-01-13 14:47:00.132008970,138,244,0.22,-5.0,1,2
2026-01-21 18:37:52,2026-01-21 19:01:50.906900962,46,75,1.53,26.4,1,2
2026-01-25 15:03:55,2026-01-25 15:14:04.500540844,51,53,1.84,2.68,3,1
2026-01-24 15:35:59,2026-01-24 15:37:46.876318832,130,45,0.37,43.18,3,2
2026-01-20 00:41:23,2026-01-20 01:08:32.420956982,80,34,1.53,0.18,2,1
2026-01-02 19:13:57,2026-01-02 19:16:47.360299824,223,115,1.29,6.24,4,1
2026-01-23 11:21:44,2026-01-23 11:27:48.361878398,81,98,0.04,46.91,1,2
2026-01-12 08:45:23,2026-01-12 08:51:44.781286964,100,103,1.86,21.71,2,2
2026-01-24 01:17:18,2026-01-24 01:38:55.627908300,226,50,2.25,4.83,4,1
2026-01-17 17:24:30,2026-01-17 17:26:49.081005750,39,80,1.53,2.69,4,2
2026-01-28 07:36:07,2026-01-28 07:40:55.738923346,244,262,14.76,10.58,2,2
2026-01-11 11:48:41,2026-01-11 11:50:11.022257779,41,238,1.7,2.18,2,2
2026-01-29 20:57:26,2026-01-29 21:07:43.985402522,74,144,1.65,2.45,4,2
2026-01-27 04:17:32,2026-01-27 04:19:47.643202670,229,17,7.29,18.8,3,2
2026-01-11 06:20:37,2026-01-11 06:27:36.188626324,104,77,0.11,1.2,2,1
2026-01-15 23:02:02,2026-01-15 23:06:25.713351638,198,192,0.34,9.46,2,1
2026-01-17 11:19:22,2026-01-17 11:34:22.556440696,252,196,1.63,21.79,3,2
2026-01-24 19:51:32,2026-01-24 19:56:44.031689246,73,89,1.25,31.22,3,1
2026-01-22 08:43:58,2026-01-22 08:53:59.331286522,22,18,2.86,5.35,4,1
2026-01-27 09:53:58,2026-01-27 10:09:08.336304952,221,63,3.66,9.5,4,2
2026-01-12 11:10:53,2026-01-12 11:18:02.161957976,63,255,2.5,26.53,4,2
2026-01-16 15:33:53,2026-01-16 15:36:41.715804254,144,215,7.14,6.61,3,1
2026-01-14 08:33:48,2026-01-14 08:34:48.000000000,9,56,3.7,4.75,2,2
2026-01-29 04:42:24,2026-01-29 04:47:49.462596570,230,110,4.06,0.9,3,1
2026-01-10 10:54:20,2026-01-10 11:11:37.567499234,20,250,2.17,23.87,3,1
2026-01-19 04:49:12,2026-01-19 05:00:25.579619652,235,32,0.37,7.12,2,1
2026-01-04 17:24:13,2026-01-04 17:33:00.845661928,185,36,5.24,13.87,3,1
2026-01-27 08:36:14,2026-01-27 08:43:19.006212122,236,187,0.2,12.2,1,2
2026-01-12 21:51:29,2026-01-12 21:52:59.296544780,227,196,3.46,3.07,3,2
2026-01-11 13:23:58,2026-01-11 13:31:20.342702608,126,236,6.11,4.47,3,1
2026-01-19 01:41:25,2026-01-19 02:06:34.018224946,98,108,1.95,12.48,2,1
2026-01-16 11:07:11,2026-01-16 11:18:27.982046575,219,156,2.52,53.21,1,1
2026-01-27 06:53:39,2026-01-27 07:05:07.158058512,255,14,1.08,13.86,1,1
2026-01-17 11:22:11,2026-01-17 11:30:11.467581350,227,54,0.95,13.83,1,1
2026-01-17 00:38:38,2026-01-17 00:54:25.847118368,50,84,0.81,13.33,2,2
2026-01-04 06:06:17,2026-01-04 06:10:48.641918732,7,242,0.63,5.09,4,1
2026-01-01 16:19:19,2026-01-01 16:37:04.662811408,15,109,5.26,4.55,4,1
2026-01-13 08:31:23,2026-01-13 08:42:11.037806114,218,120,4.47,12.04,4,1
2026-01-31 22:39:55,2026-01-31 22:53:28.317865144,43,52,1.08,39.03,1,2
2026-01-29 10:29:57,2026-01-29 10:30:57.000000000,86,49,1.2,15.15,4,2
2026-01-20 11:57:39,2026-01-20 12:12:14.038667268,189,165,3.65,7.62,3,1
2026-01-20 13:20:21,2026-01-20 13:24:54.936694236,217,10,1.82,8.07,4,2
2026-01-13 03:16:43,2026-01-13 03:43:50.581166955,141,113,1.14,18.75,4,2
2026-01-06 12:03:53,2026-01-06 12:29:44.469337526,32,95,0.84,3.96,3,1
2026-01-01 06:21:31,2026-01-01 07:04:43.923503734,150,140,1.97,24.25,2,2
2026-01-11 12:06:30,2026-01-11 12:08:50.897374926,111,132,2.53,22.47,1,1
2026-01-10 19:27:08,2026-01-10 20:20:25.826948192,79,208,2.37,22.97,2,1
2026-01-06 22:33:09,2026-01-06 22:44:50.242315728,191,213,0.95,14.94,4,1
2026-01-09 00:49:12,2026-01-09 00:50:17.907346128,65,151,0.06,2.0,1,2
2026-01-01 18:28:06,2026-01-01 18:32:55.148178024,235,250,3.36,10.9,3,2
2026-01-19 20:19:20,2026-01-19 20:50:32.308850372,136,224,1.04,27.0,4,2
2026-01-29 18:01:50,2026-01-29 18:36:35.563064498,130,162,8.0,7.44,2,2
2026-01-22 09:57:18,2026-01-22 10:06:17.867163276,13,2,1.14,12.04,1,2
2026-01-14 21:27:58,2026-01-14 21:33:25.788466066,76,149,0.29,7.18,2,1
2026-01-14 00:40:46,2026-01-14 00:58:12.105081022,49,30,2.59,5.5,4,1
2026-01-10 12:48:21,2026-01-10 13:23:45.774847032,205,138,0.07,5.35,3,2
2026-01-05 09:57:00,2026-01-05 10:11:27.216090528,39,46,0.8,17.94,1,2
2026-01-19 13:16:01,2026-01-19 13:33:19.790965864,49,98,0.43,18.32,2,1
2026-01-18 13:29:37,2026-01-18 13:34:56.693604988,215,14,1.73,2.96,2,1
2026-01-01 05:26:31,2026-01-01 05:41:05.931677962,77,164,3.27,14.12,2,2
2026-01-13 21:08:52,2026-01-13 21:17:49.372627342,151,201,1.55,5.49,3,1
2026-01-09 14:50:54,2026-01-09 15:07:36.018000900,109,139,0.28,4.47,4,1
2026-01-06 06:41:22,2026-01-06 07:09:27.745132216,11,58,1.12,7.6,4,1
2026-01-22 19:03:24,2026-01-22 19:13:38.312660460,20,264,6.56,3.87,3,1
2026-01-17 07:12:52,2026-01-17 07:19:59.487961300,137,116,4.56,0.95,1,2
2026-01-20 15:31:28,2026-01-20 15:40:11.285485384,85,224,0.88,0.17,3,2
2026-01-23 02:49:49,2026-01-23 03:24:57.186535612,73,168,5.15,4.59,3,2
2026-01-31 10:27:49,2026-01-31 10:32:44.175482548,145,220,1.38,20.92,4,1
2026-01-25 21:15:19,2026-01-25 21:21:46.616999944,52,41,1.45,2.6,2,1
2026-01-20 05:32:46,2026-01-20 05:36:30.808774744,57,115,1.78,5.73,3,2
2026-01-28 05:59:31,2026-01-28 06:09:03.742520092,145,4,1.14,2.76,2,1
2026-01-15 19:15:51,2026-01-15 19:53:32.431577658,2,178,2.73,20.5,3,2
2026-01-31 12:39:58,2026-01-31 13:02:49.766302996,257,212,0.3,9.86,2,1
2026-01-24 14:30:20,2026-01-24 14:38:02.030605622,225,60,1.08,1.88,4,2
2026-01-21 04:15:25,2026-01-21 04:17:49.076347636,15,259,1.92,26.03,3,1
2026-01-29 00:04:33,2026-01-29 00:05:36.302931456,17,148,0.25,14.8,1,2
2026-01-16 23:13:07,2026-01-16 23:28:02.525897956,257,69,7.47,7.97,4,1
2026-01-23 08:11:52,2026-01-23 08:13:59.852848594,65,138,5.51,2.89,3,2
2026-01-09 19:50:23,2026-01-09 19:51:49.493026508,248,179,4.27,9.38,2,2
2026-01-30 20:37:44,2026-01-30 20:44:18.598453676,117,191,1.93,6.22,4,2
2026-01-20 07:47:07,2026-01-20 08:02:46.904851246,107,207,1.7,2.67,3,1
2026-01-25 05:48:42,2026-01-25 06:05:00.641756982,190,90,4.11,1.73,2,1
2026-01-15 06:47:19,2026-01-15 06:54:11.293252084,57,139,0.49,2.94,1,1
2026-01-27 20:54:00,2026-01-27 21:05:46.272528798,54,124,0.92,2.77,2,1
2026-01-03 07:11:18,2026-01-03 07:30:00.000563898,10,94,4.05,9.3,4,1
2026-01-04 12:53:36,2026-01-04 13:05:45.303023400,79,248,1.9,5.93,4,1
2026-01-16 17:17:40,2026-01-16 17:22:50.307034342,45,42,0.12,10.83,3,1
2026-01-23 16:54:56,2026-01-23 16:57:58.718232608,104,246,0.41,12.73,4,1
2026-01-26 02:03:32,2026-01-26 02:11:36.690531926,112,176,0.12,15.78,3,1
2026-01-14 15:25:33,2026-01-14 15:40:54.836337624,186,224,1.61,10.19,4,2
2026-01-21 03:21:24,2026-01-21 03:34:30.782967576,79,2,0.33,1.9,2,1
2026-01-18 03:30:33,2026-01-18 03:32:24.344667804,56,47,1.21,27.96,1,1
2026-01-30 19:22:23,2026-01-30 19:26:35.949639104,222,203,9.45,24.73,1,1
2026-01-21 06:39:07,2026-01-21 06:42:38.123845702,74,115,0.7,0.79,4,1
2026-01-13 22:07:54,2026-01-13 22:18:51.617851212,255,241,6.96,1.62,4,2
2026-01-31 01:32:32,2026-01-31 02:06:32.859802580,66,47,0.53,11.02,1,2
2026-01-04 07:47:46,2026-01-04 08:02:51.593827522,231,85,2.57,2.29,1,2
2026-01-31 12:31:33,2026-01-31 12:32:33.000000000,103,98,1.63,7.17,3,1
2026-01-05 18:35:08,2026-01-05 18:37:50.045367782,32,57,1.75,5.69,4,1
2026-01-09 22:26:30,2026-01-09 22:28:58.465535868,4,68,0.71,14.47,4,1
2026-01-26 11:10:25,2026-01-26 11:14:31.844094646,75,41,0.33,0.15,4,2
2026-01-23 17:54:45,2026-01-23 17:56:41.167895778,238,101,0.48,17.91,2,2
2026-01-31 01:56:36,2026-01-31 02:09:04.451945646,226,156,1.58,16.08,4,1
2026-01-24 05:59:15,2026-01-24 06:28:04.520227122,65,194,1.49,1.02,3,1
2026-01-20 17:56:03,2026-01-20 18:19:08.839994472,184,33,2.28,2.56,4,1
2026-01-11 17:47:26,2026-01-11 18:02:27.682448018,73,20,1.45,3.05,3,1
2026-01-01 03:30:22,2026-01-01 03:34:44.836704778,180,153,2.06,13.42,3,2
2026-01-04 20:09:32,2026-01-04 20:16:14.402217134,79,222,1.46,9.84,1,2
2026-01-10 05:32:46,2026-01-10 05:33:46.000000000,22,152,3.21,56.93,1,2
2026-01-02 06:27:52,2026-01-02 06:49:20.652668998,15,22,3.38,65.34,1,2
2026-01-16 18:05:08,2026-01-16 18:11:57.509827586,160,23,0.0,7.55,2,2
2026-01-25 02:20:35,2026-01-25 02:25:22.725670646,49,185,4.07,39.9,1,1
2026-01-30 20:39:41,2026-01-30 21:22:15.224396036,92,65,0.01,1.6,4,2
2026-01-16 04:20:11,2026-01-16 04:24:02.377787780,199,30,3.54,7.28,3,2
2026-01-28 03:00:13,2026-01-28 03:14:26.791360804,20,203,0.63,10.82,3,2
2026-01-31 13:14:30,2026-01-31 13:25:18.745833192,12,206,0.35,8.03,3,2
2026-01-27 15:42:44,2026-01-27 15:50:49.346209412,179,131,2.91,3.1,3,2
2026-01-15 09:56:24,2026-01-15 10:08:01.545307722,161,11,1.26,1.58,3,2
2026-01-11 01:59:37,2026-01-11 02:07:29.272315834,256,50,13.3,6.7,4,2
2026-01-31 07:34:12,2026-01-31 07:43:23.982142752,195,256,1.97,9.8,4,2
2026-01-08 11:58:55,2026-01-08 12:02:49.576531588,256,240,0.2,0.29,3,1
2026-01-13 18:12:45,2026-01-13 18:17:32.188326210,33,137,2.84,0.89,1,1
2026-01-03 07:04:43,2026-01-03 07:47:25.167845080,77,24,2.77,26.9,3,2
2026-01-25 14:29:58,2026-01-25 14:31:29.755481194,46,191,2.37,2.16,3,1
2026-01-21 03:28:43,2026-01-21 03:29:43.000000000,202,240,0.39,15.59,1,1
2026-01-03 15:06:19,2026-01-03 15:46:48.708531406,230,141,0.59,12.03,1,1
2026-01-07 21:06:52,2026-01-07 21:08:51.805003726,245,211,0.49,0.56,3,2
2026-01-18 05:15:48,2026-01-18 05:31:36.860284710,66,124,1.46,14.03,2,2
2026-01-17 18:03:59,2026-01-17 18:11:15.855034400,12,5,4.14,1.77,4,1
2026-01-25 20:43:56,2026-01-25 20:48:51.286664306,6,56,3.57,4.54,4,1
2026-01-09 05:58:35,2026-01-09 06:05:17.802142526,117,21,1.8,34.19,4,2
2026-01-29 15:58:40,2026-01-29 16:03:05.576121292,132,151,5.61,1.67,1,2
2026-01-14 18:41:18,2026-01-14 18:56:18.457998612,99,245,2.59,1.13,1,2
2026-01-26 12:00:06,2026-01-26 12:33:03.044158926,191,238,4.05,31.47,2,2
2026-01-08 09:21:19,2026-01-08 09:26:59.480444686,168,120,0.57,27.7,2,2
2026-01-02 03:30:22,2026-01-02 03:31:39.420357280,134,147,0.33,7.14,4,2
2026-01-02 16:57:35,2026-01-02 17:08:03.217852178,115,191,10.3,4.26,2,1
2026-01-12 13:17:25,2026-01-12 13:36:18.866660344,70,45,0.24,10.91,4,1
2026-01-30 13:08:45,2026-01-30 13:22:14.405548938,129,254,4.32,15.16,4,2
2026-01-02 12:13:53,2026-01-02 12:27:46.806029420,121,221,2.39,7.68,2,2
2026-01-12 10:31:10,2026-01-12 10:41:37.485731932,151,206,0.73,31.07,1,2
2026-01-04 09:18:21,2026-01-04 09:21:10.991227320,24,211,1.35,10.76,4,1
2026-01-29 21:05:02,2026-01-29 21:23:33.145044896,65,120,0.64,2.76,3,1
2026-01-21 22:25:38,2026-01-21 22:28:38.481382214,148,240,4.91,0.47,1,1
2026-01-24 15:26:33,2026-01-24 15:36:44.998734030,196,211,1.17,12.71,4,2
2026-01-23 02:39:50,2026-01-23 02:41:40.340273594,224,127,1.77,33.83,3,1
2026-01-21 08:49:39,2026-01-21 09:06:28.623128736,111,69,1.14,15.98,3,1
2026-01-24 23:38:53,2026-01-24 23:50:31.485388748,161,161,1.29,20.63,1,1
2026-01-01 06:02:41,2026-01-01 06:31:15.164416796,4,210,0.46,3.67,2,1
2026-01-27 19:53:58,2026-01-27 19:57:45.806114974,252,91,2.29,64.38,2,2
2026-01-23 22:27:34,2026-01-23 22:41:48.688441504,35,224,4.92,12.07,2,1
2026-01-23 22:08:13,2026-01-23 22:13:11.962912582,185,142,8.17,40.75,4,1
2026-01-13 04:43:00,2026-01-13 05:16:07.301971008,230,171,1.88,27.42,3,2
2026-01-25 19:50:54,2026-01-25 19:52:00.144108306,187,71,7.06,5.17,2,1
2026-01-12 20:04:22,2026-01-12 20:26:18.678965350,37,241,7.59,16.66,2,1
2026-01-02 12:25:44,2026-01-02 12:29:29.520256202,226,169,4.66,5.57,1,2
2026-01-29 03:24:58,2026-01-29 03:28:59.971562044,68,83,0.28,20.99,4,1
2026-01-08 06:29:38,2026-01-08 06:37:44.180655380,74,208,0.17,1.6,4,1
2026-01-04 03:48:49,2026-01-04 04:27:11.662705186,251,181,4.31,9.22,4,1
2026-01-20 06:41:30,2026-01-20 06:46:27.748362972,212,6,6.11,27.87,4,2
2026-01-08 05:50:16,2026-01-08 05:52:31.459137501,229,61,4.13,0.72,1,2
2026-01-27 14:26:42,2026-01-27 14:40:14.422953599,37,186,3.99,4.69,1,1
2026-01-14 18:09:00,2026-01-14 18:24:50.048940648,254,244,5.86,3.66,3,2
2026-01-01 03:20:53,2026-01-01 03:21:53.000000000,244,186,2.82,3.88,2,2
2026-01-30 12:04:41,2026-01-30 13:01:23.310827684,191,3,0.68,49.04,3,2
2026-01-16 22:53:03,2026-01-16 22:59:49.139499222,230,143,1.93,26.08,4,1
2026-01-09 03:39:18,2026-01-09 03:47:40.693273326,185,39,0.36,12.51,3,2
2026-01-21 23:54:06,2026-01-22 00:01:44.461375656,139,15,3.67,6.86,1,2
2026-01-17 10:46:27,2026-01-17 10:51:43.273034640,89,180,7.74,63.33,1,2
2026-01-01 22:01:40,2026-01-01 22:10:57.153370246,24,2,3.33,16.47,4,2
2026-01-24 13:10:39,2026-01-24 13:11:41.234349342,193,220,0.02,9.2,1,2
2026-01-13 10:36:30,2026-01-13 10:43:50.440630050,148,120,1.12,4.52,3,2
2026-01-22 16:39:50,2026-01-22 17:30:46.250619218,111,240,3.9,4.55,4,2
2026-01-28 18:21:08,2026-01-28 18:22:08.000000000,44,101,4.9,4.68,4,2
2026-01-19 22:17:45,2026-01-19 22:19:52.755355926,80,175,0.1,4.1,3,2
2026-01-21 19:40:47,2026-01-21 20:30:31.995004202,244,47,2.03,4.34,2,2
2026-01-08 21:27:35,2026-01-08 21:35:34.449119342,68,242,0.65,3.89,1,1
2026-01-08 08:49:04,2026-01-08 08:59:43.232310076,6,240,1.36,2.06,4,2
2026-01-13 20:45:40,2026-01-13 20:50:52.599328702,8,36,1.52,32.41,3,2
2026-01-27 10:28:08,2026-01-27 10:34:05.783030648,145,246,0.59,17.04,2,2
2026-01-17 05:59:58,2026-01-17 06:02:53.731434130,1,181,2.02,5.25,3,2
2026-01-11 18:56:07,2026-01-11 19:00:42.007992388,119,75,0.85,9.57,3,1
2026-01-25 04:01:48,2026-01-25 04:03:04.711218606,247,199,2.18,8.06,1,1
2026-01-27 10:53:18,2026-01-27 11:00:11.357565078,8,173,3.11,12.95,2,1
2026-01-28 23:29:05,2026-01-28 23:30:14.304564446,172,150,5.74,33.68,1,2
2026-01-10 06:24:50,2026-01-10 06:47:03.233605370,127,242,5.87,22.22,2,2
2026-01-22 23:58:20,2026-01-23 00:00:33.148226432,148,244,3.25,39.94,4,1
2026-01-19 07:11:53,2026-01-19 07:12:53.000000000,84,182,0.2,7.8,1,1
2026-01-14 22:02:06,2026-01-14 22:04:32.522325924,245,217,0.37,5.69,1,1
2026-01-13 07:19:24,2026-01-13 07:22:49.453900350,193,109,0.3,41.7,2,1
2026-01-04 13:13:39,2026-01-04 13:19:51.779917638,75,232,1.17,19.62,3,2
2026-01-09 12:28:11,2026-01-09 12:32:03.299781488,13,57,-1.0,3.33,3,1
2026-01-18 00:57:03,2026-01-18 01:22:44.891956092,11,221,5.89,6.18,1,2
2026-01-28 11:35:55,2026-01-28 12:04:50.782565344,181,138,0.7,39.76,3,1
2026-01-27 20:33:29,2026-01-27 20:51:15.381509846,150,120,1.91,14.24,3,1
2026-01-06 19:34:10,2026-01-06 19:42:47.209507678,136,143,3.99,28.83,1,2
2026-01-22 01:24:57,2026-01-22 01:25:57.000000000,233,71,3.86,25.16,3,1
2026-01-03 15:05:59,2026-01-03 15:11:25.571051258,261,235,6.28,2.77,2,2
2026-01-21 22:12:35,2026-01-21 22:21:32.766086270,203,245,0.12,0.04,2,2
2026-01-11 14:23:37,2026-01-11 14:31:42.402703762,77,177,2.12,5.71,4,2
2026-01-14 22:41:13,2026-01-14 22:54:20.990920257,147,111,1.05,5.18,2,2
2026-01-23 05:55:24,2026-01-23 06:20:51.332907426,165,119,4.26,15.32,4,2
2026-01-14 04:07:01,2026-01-14 04:25:55.528110868,170,105,7.74,7.92,2,1
2026-01-26 00:43:44,2026-01-26 00:48:09.894028100,201,122,4.44,3.22,2,1
2026-01-17 12:59:02,2026-01-17 13:02:44.500156034,206,180,4.58,4.66,2,2
2026-01-31 23:03:54,2026-01-31 23:06:15.532556610,135,255,1.45,8.41,1,1
2026-01-20 18:51:04,2026-01-20 19:10:58.043643676,198,232,0.65,16.84,1,2
2026-01-10 04:29:36,2026-01-10 04:30:36.000000000,47,209,2.43,27.54,4,1
2026-01-25 00:48:49,2026-01-25 01:19:35.641049776,248,2,0.75,11.0,3,2
2026-01-13 15:30:31,2026-01-13 15:40:05.368779232,188,30,0.89,72.42,4,2
2026-01-17 13:25:16,2026-01-17 13:42:14.637212512,34,208,1.03,0.77,4,1
2026-01-05 05:47:42,2026-01-05 05:51:39.176171298,160,185,2.13,29.52,2,2
2026-01-04 16:47:28,2026-01-04 16:50:17.971418170,229,84,3.59,17.6,4,1
2026-01-18 19:42:16,2026-01-18 19:43:16.000000000,252,154,0.76,8.01,2,1
2026-01-06 18:53:52,2026-01-06 18:55:12.689501890,102,2,4.74,56.66,2,1
2026-01-31 22:11:58,2026-01-31 22:12:58.000000000,113,237,0.3,34.68,1,1
2026-01-27 12:37:16,2026-01-27 12:39:05.530540624,134,169,0.89,9.68,4,1
2026-01-22 17:27:19,2026-01-22 17:43:23.814695236,260,90,1.66,14.02,3,2
2026-01-23 18:36:58,2026-01-23 18:45:26.789707948,250,143,0.27,17.46,3,1
2026-01-19 10:50:18,2026-01-19 11:10:30.609264438,32,82,3.65,19.34,3,1
2026-01-02 20:51:22,2026-01-02 20:52:22.000000000,173,8,2.59,8.94,1,2
2026-01-13 03:55:21,2026-01-13 03:59:03.926947050,175,108,1.31,23.34,1,2
2026-01-16 08:52:34,2026-01-16 08:56:41.428055350,107,254,1.41,1.56,1,2
2026-01-29 08:58:56,2026-01-29 09:03:40.227997700,229,122,1.28,1.77,4,1
2026-01-07 19:18:05,2026-01-07 19:25:29.501310824,73,77,2.91,7.29,4,2
2026-01-16 09:42:21,2026-01-16 09:43:21.692390478,148,245,0.37,36.29,1,1
2026-01-11 15:59:07,2026-01-11 16:07:52.239229192,4,28,3.54,20.6,3,1
2026-01-05 03:58:08,2026-01-05 04:10:37.140914318,41,245,0.05,0.33,1,2
2026-01-04 04:38:43,2026-01-04 04:45:30.887139646,252,152,1.5,11.55,2,2
2026-01-12 07:50:29,2026-01-12 07:52:46.672931834,205,126,2.92,19.17,3,1
2026-01-03 13:19:17,2026-01-03 13:21:52.715569238,258,89,1.81,3.12,1,1
2026-01-03 01:58:19,2026-01-03 02:01:35.373000201,243,108,0.01,20.93,2,1
2026-01-11 21:02:45,2026-01-11 21:29:46.433889822,170,38,1.96,30.89,2,2
2026-01-07 06:16:20,2026-01-07 06:26:01.590872036,204,128,1.41,7.45,1,2
2026-01-18 04:46:41,2026-01-18 04:54:13.588195099,18,140,1.76,6.76,1,1
2026-01-01 13:08:44,2026-01-01 13:25:55.816643036,35,224,0.05,9.26,3,2
2026-01-10 08:32:55,2026-01-10 08:35:12.991446586,63,87,0.88,1.66,4,1
2026-01-15 01:14:24,2026-01-15 01:15:50.797369986,15,149,1.21,6.15,3,1
2026-01-30 20:34:45,2026-01-30 20:37:47.821993038,187,163,0.56,23.94,4,1
2026-01-20 16:05:52,2026-01-20 16:11:15.055290616,2,172,0.07,15.73,1,1
2026-01-28 07:15:18,2026-01-28 07:48:47.878792536,112,41,12.76,8.59,4,2
2026-01-11 15:24:34,2026-01-11 16:03:47.394890122,46,102,2.87,2.56,1,2
2026-01-14 22:35:03,2026-01-14 22:41:57.514063002,61,255,0.62,12.3,2,2
2026-01-14 00:45:50,2026-01-14 00:46:50.000000000,164,135,2.39,26.88,1,1
2026-01-28 12:13:17,2026-01-28 12:36:17.305758266,210,18,1.44,5.01,3,1
2026-01-30 17:39:06,2026-01-30 18:02:10.831764462,85,49,0.16,8.94,4,2
2026-01-30 19:58:36,2026-01-30 20:18:01.792809222,204,20,6.68,6.84,2,2
2026-01-24 07:27:38,2026-01-24 07:36:59.099404274,175,262,0.32,18.21,2,2
2026-01-16 14:18:53,2026-01-16 14:19:53.000000000,3,78,1.37,27.05,2,2
2026-01-17 18:23:50,2026-01-17 18:37:05.067533630,197,165,2.53,7.12,2,2
2026-01-31 09:29:58,2026-01-31 09:39:02.082732862,218,225,13.51,26.62,1,1
2026-01-09 19:41:54,2026-01-09 19:42:54.000000000,202,179,1.02,10.92,1,2
2026-01-11 17:57:01,2026-01-11 18:06:42.536923594,225,54,4.0,11.17,2,2
2026-01-28 19:21:56,2026-01-28 19:39:01.462575896,83,141,2.84,3.14,4,1
2026-01-12 23:25:25,2026-01-12 23:26:25.000000000,90,40,14.52,8.36,2,2
2026-01-08 06:54:44,2026-01-08 07:04:34.868713784,121,213,2.25,4.79,2,2
2026-01-18 08:59:21,2026-01-18 09:03:43.329453096,102,84,0.26,43.08,4,2
2026-01-11 02:03:17,2026-01-11 02:08:19.641709172,18,224,0.54,9.06,2,1
2026-01-28 14:48:35,2026-01-28 15:24:25.495073720,195,100,0.96,2.57,1,1
2026-01-29 04:20:39,2026-01-29 04:23:04.229884128,83,224,3.06,2.82,4,1
2026-01-10 11:40:17,2026-01-10 11:49:53.692528514,72,99,5.19,0.83,4,2
2026-01-17 09:58:45,2026-01-17 10:01:15.958459992,50,186,0.11,30.72,3,2
2026-01-31 12:05:25,2026-01-31 12:56:08.389999258,252,80,4.69,0.87,4,2
2026-01-24 00:17:04,2026-01-24 00:28:21.428919640,16,76,7.47,3.58,4,2
2026-01-07 16:25:36,2026-01-07 16:26:36.000000000,65,177,0.26,1.69,1,1
2026-01-19 07:30:50,2026-01-19 07:59:52.628065178,215,113,0.62,0.63,1,2
2026-01-20 05:11:54,2026-01-20 05:12:54.000000000,261,35,9.37,28.69,1,1
2026-01-21 06:09:31,2026-01-21 06:20:33.806879482,261,90,0.86,12.0,3,2
2026-01-01 18:36:27,2026-01-01 18:49:20.618755344,245,119,2.41,4.75,3,1
2026-01-10 06:44:28,2026-01-10 07:07:43.621483821,67,26,0.16,46.22,4,2
2026-01-27 11:49:57,2026-01-27 11:55:47.373561648,253,71,0.2,18.65,1,2
2026-01-08 11:34:50,2026-01-08 11:49:59.117355608,125,35,5.02,1.58,3,2
2026-01-10 06:58:24,2026-01-10 07:17:39.770965170,219,221,2.05,3.4,4,1
2026-01-10 23:56:03,2026-01-10 23:58:24.675049464,164,159,0.94,4.2,1,2
2026-01-06 11:58:35,2026-01-06 12:08:00.602609504,219,129,0.37,17.48,3,1
2026-01-05 19:38:54,2026-01-05 20:00:31.246061946,141,123,2.83,25.62,3,1
2026-01-11 18:10:46,2026-01-11 18:12:00.909187264,86,163,0.02,20.27,4,1
2026-01-28 02:29:23,2026-01-28 02:30:23.000000000,156,255,4.05,5.3,1,2
2026-01-01 01:08:31,2026-01-01 01:24:56.980814584,203,125,0.0,5.93,2,2
2026-01-09 18:44:08,2026-01-09 18:45:29.281603490,64,205,2.17,2.89,3,1
2026-01-02 21:06:23,2026-01-02 21:19:58.972935026,82,88,0.13,37.71,2,1
2026-01-18 09:44:53,2026-01-18 09:50:12.075347744,127,92,0.45,3.98,3,2
2026-01-08 18:26:51,2026-01-08 18:35:52.636755978,165,35,1.45,6.27,1,1
2026-01-25 13:13:44,2026-01-25 13:30:27.295173662,161,130,1.88,6.23,1,2
2026-01-19 03:15:08,2026-01-19 03:16:08.000000000,34,146,3.05,19.03,3,1
2026-01-25 07:09:54,2026-01-25 07:20:51.270446700,187,81,4.18,22.99,3,2
2026-01-20 16:22:16,2026-01-20 16:24:53.092063582,33,99,2.68,26.76,2,2
2026-01-14 14:09:33,2026-01-14 14:12:32.482816098,219,244,1.71,13.52,3,2
2026-01-27 16:33:34,2026-01-27 16:43:42.416167654,200,20,1.56,22.63,3,1
2026-01-15 18:20:07,2026-01-15 18:36:24.299996608,183,149,5.92,7.94,1,2
2026-01-30 10:45:04,2026-01-30 10:53:34.110346876,80,17,0.38,20.26,2,1
2026-01-31 20:03:29,2026-01-31 20:13:40.578891764,145,80,1.31,18.11,1,1
2026-01-19 06:13:54,2026-01-19 06:16:41.919604506,172,49,0.21,47.61,4,1
2026-01-21 21:54:01,2026-01-21 21:57:30.597436756,109,80,2.74,13.75,4,2
2026-01-08 22:12:46,2026-01-08 22:17:23.080655920,128,230,2.29,37.41,4,1
2026-01-26 06:05:27,2026-01-26 06:12:47.426795652,144,139,2.0,5.2,4,1
2026-01-21 19:39:52,2026-01-21 19:49:39.424612900,194,220,0.95,4.95,2,1
2026-01-28 23:30:00,2026-01-28 23:35:23.396132976,4,146,1.29,6.24,1,2
2026-01-09 06:39:14,2026-01-09 06:41:03.854925662,217,177,1.33,1.79,3,2
2026-01-25 09:58:00,2026-01-25 10:06:22.416469908,234,89,2.65,5.03,2,2
2026-01-15 13:53:06,2026-01-15 14:22:28.531149630,153,198,3.71,0.29,3,2
2026-01-06 17:46:24,2026-01-06 17:57:35.487912222,64,50,1.06,15.33,3,2
2026-01-06 07:22:13,2026-01-06 07:55:39.401043868,251,147,3.52,3.39,4,1
2026-01-18 10:15:18,2026-01-18 10:50:13.328194026,25,85,3.84,31.59,3,1
2026-01-10 21:40:13,2026-01-10 21:46:44.180792584,40,116,2.17,0.5,4,1
2026-01-04 03:48:33,2026-01-04 03:50:29.347653816,3,122,5.8,5.73,3,2
2026-01-14 05:47:48,2026-01-14 05:48:48.000000000,82,49,3.03,16.31,2,1
2026-01-21 05:46:26,2026-01-21 05:47:26.000000000,212,8,0.4,10.4,1,1
2026-01-10 21:17:53,2026-01-10 21:19:51.134971544,71,188,1.68,7.85,1,2
2026-01-30 14:46:47,2026-01-30 14:53:48.611666432,58,38,5.49,36.88,4,2
2026-01-25 03:58:59,2026-01-25 04:33:51.227484752,76,75,1.96,1.43,2,1
2026-01-16 21:28:21,2026-01-16 21:30:56.125287198,53,220,1.0,8.79,1,2
2026-01-29 23:22:56,2026-01-29 23:29:41.096684972,62,218,4.57,3.36,4,2
2026-01-14 10:07:53,2026-01-14 10:12:24.774445609,152,221,0.49,1.77,4,2
2026-01-05 07:54:48,2026-01-05 08:34:04.085378304,219,10,4.38,3.89,2,1
2026-01-02 02:40:01,2026-01-02 02:41:47.082237124,135,138,5.21,29.19,3,2
2026-01-30 01:53:22,2026-01-30 01:58:30.762696466,147,187,5.42,1.19,1,1
2026-01-30 18:04:20,2026-01-30 18:05:20.183707676,98,94,2.16,3.85,1,2
2026-01-23 22:00:07,2026-01-23 22:22:07.545498640,126,263,0.37,11.97,1,2
2026-01-04 04:38:02,2026-01-04 04:39:46.147827968,71,143,2.07,5.55,2,1
2026-01-10 02:28:33,2026-01-10 02:38:03.036305526,9,107,4.57,8.52,3,2
2026-01-02 06:33:46,2026-01-02 07:01:31.997304112,260,156,1.36,57.1,4,1
2026-01-02 14:07:44,2026-01-02 14:42:46.031375185,30,215,2.83,44.97,4,1
2026-01-08 15:04:24,2026-01-08 15:10:05.964802476,230,177,4.8,7.2,2,1
2026-01-18 17:40:24,2026-01-18 17:59:02.173993830,160,232,2.63,56.4,1,2
2026-01-03 00:45:16,2026-01-03 00:49:50.589383974,60,187,0.03,7.28,1,2
2026-01-31 12:32:35,2026-01-31 12:33:54.346585028,196,5,0.54,8.65,1,1
2026-01-15 02:36:27,2026-01-15 02:45:19.338712032,19,82,0.34,5.77,4,2
2026-01-09 04:18:03,2026-01-09 04:26:52.600193838,121,140,0.82,39.48,3,1
2026-01-16 23:58:09,2026-01-16 23:59:09.000000000,62,17,7.92,1.0,2,2
2026-01-25 11:52:32,2026-01-25 11:55:59.639840498,130,112,1.19,6.34,2,1
2026-01-10 16:33:07,2026-01-10 16:51:27.451507264,218,80,0.2,6.15,2,2
2026-01-02 11:21:00,2026-01-02 11:43:16.854202458,241,137,1.03,13.65,2,2
2026-01-02 13:54:52,2026-01-02 14:14:00.043938526,82,23,0.05,0.18,4,2
2026-01-27 09:52:39,2026-01-27 09:54:40.913666531,229,199,0.89,18.96,4,2
2026-01-04 11:01:50,2026-01-04 11:15:04.384216808,97,155,0.86,10.44,4,1
2026-01-20 16:51:33,2026-01-20 16:59:07.898569002,150,127,2.26,15.84,4,2
2026-01-12 22:04:16,2026-01-12 22:13:21.761873416,242,85,0.34,25.53,4,1
2026-01-25 02:28:21,2026-01-25 02:32:18.686218278,208,4,0.34,3.83,3,1
2026-01-02 21:01:59,2026-01-02 21:36:31.332281342,261,170,0.64,14.57,1,2
2026-01-28 19:57:26,2026-01-28 20:07:17.978698694,2,47,1.79,25.86,1,1
2026-01-22 15:27:11,2026-01-22 15:34:38.182526174,252,103,0.3,22.08,2,2
2026-01-14 22:15:45,2026-01-14 22:23:23.190376464,200,162,0.07,23.68,4,2
2026-01-07 10:01:23,2026-01-07 10:17:25.956199898,2,48,1.35,8.64,3,2
2026-01-31 06:59:36,2026-01-31 07:02:08.639975945,182,216,1.11,0.24,1,2
2026-01-10 08:44:28,2026-01-10 08:46:25.068414070,47,6,5.11,33.74,4,1
2026-01-16 04:56:27,2026-01-16 05:18:20.175355122,193,128,2.74,10.88,3,2
2026-01-13 05:13:46,2026-01-13 05:28:48.650392996,6,232,15.44,4.14,3,1
2026-01-08 03:31:46,2026-01-08 03:33:58.956240148,41,90,11.1,2.07,3,1
2026-01-13 21:57:27,2026-01-13 21:59:35.814864834,218,140,3.41,1.49,4,1
2026-01-05 16:42:16,2026-01-05 16:45:20.898215254,54,123,0.17,13.09,3,2
2026-01-01 01:14:08,2026-01-01 01:39:53.487694970,126,75,1.68,6.68,3,1
2026-01-09 23:45:17,2026-01-10 00:52:40.975751534,61,25,0.26,26.48,3,2
2026-01-04 11:22:49,2026-01-04 11:24:22.368326655,68,179,3.57,3.51,2,2
2026-01-13 20:35:43,2026-01-13 20:45:49.501227616,117,27,1.25,39.07,4,1
2026-01-27 17:53:48,2026-01-27 17:56:20.241961836,205,198,0.27,5.83,4,1
2026-01-06 00:57:05,2026-01-06 01:03:02.660203712,109,37,0.5,18.8,1,2
2026-01-01 00:55:02,2026-01-01 01:10:55.727365322,258,183,3.75,7.85,1,2
2026-01-04 10:39:14,2026-01-04 10:46:39.519700268,238,168,0.17,11.18,4,1
2026-01-16 18:04:35,2026-01-16 18:20:12.830909300,206,85,3.05,0.98,4,2
2026-01-09 12:28:46,2026-01-09 12:35:46.957330737,47,53,0.97,30.12,4,2
2026-01-16 04:11:22,2026-01-16 04:28:32.551328524,4,65,10.61,1.32,2,2
2026-01-01 21:45:37,2026-01-01 21:50:27.033714964,137,191,0.29,8.99,3,1
2026-01-11 07:49:19,2026-01-11 07:56:09.287966374,192,51,3.45,0.6,2,2
2026-01-13 17:08:24,2026-01-13 17:11:20.456187642,137,173,0.04,9.02,4,1
2026-01-14 08:54:26,2026-01-14 09:15:57.138782011,140,27,2.39,27.91,2,1
2026-01-18 02:03:42,2026-01-18 02:29:49.534836023,198,148,2.13,0.83,3,2
2026-01-25 04:45:08,2026-01-25 05:01:12.322910054,38,118,0.14,15.79,2,2
2026-01-15 11:37:08,2026-01-15 11:44:40.774679336,254,255,0.3,28.88,4,1
2026-01-27 01:51:20,2026-01-27 02:23:58.834674188,102,229,5.53,9.47,4,1
2026-01-17 10:07:23,2026-01-17 10:23:36.314891762,99,57,1.73,0.6,1,1
2026-01-09 01:41:57,2026-01-09 01:56:24.253783350,115,104,3.9,3.43,3,1
2026-01-08 02:23:22,2026-01-08 02:26:32.815439902,101,180,2.95,28.44,1,1
2026-01-10 23:55:58,2026-01-11 00:03:58.108580116,48,246,1.3,44.01,3,1
2026-01-19 12:30:47,2026-01-19 12:46:06.482524574,90,68,0.25,11.66,4,2
2026-01-08 12:24:26,2026-01-08 12:30:24.711879356,119,82,0.17,26.39,2,2
2026-01-29 08:08:42,2026-01-29 08:13:55.236934308,130,23,0.8,9.49,4,2
2026-01-15 21:01:06,2026-01-15 21:09:09.956482068,75,107,8.23,0.56,1,2
2026-01-27 18:16:29,2026-01-27 18:48:53.043496802,81,229,4.33,0.56,3,1
2026-01-22 04:20:39,2026-01-22 04:27:09.673039823,164,243,0.14,66.76,3,2
2026-01-11 08:00:51,2026-01-11 08:02:59.875006812,186,41,1.29,26.71,1,2
2026-01-08 01:49:12,2026-01-08 01:55:38.923035024,178,82,2.07,0.1,4,1
2026-01-24 01:29:40,2026-01-24 01:49:40.170991960,11,227,2.73,35.49,1,2
2026-01-11 06:04:02,2026-01-11 06:06:24.497381330,4,58,0.92,19.19,4,2
2026-01-08 15:40:10,2026-01-08 15:58:21.307439392,121,192,2.6,14.16,2,2
2026-01-29 20:12:22,2026-01-29 20:20:53.600425899,75,61,0.2,13.97,3,1
2026-01-15 23:04:35,2026-01-15 23:05:35.000000000,239,28,2.02,27.71,3,2
2026-01-02 12:08:07,2026-01-02 12:33:27.278355760,67,41,1.46,4.87,3,2
2026-01-16 08:06:25,2026-01-16 08:10:11.216055526,45,237,0.45,32.61,3,2
2026-01-15 06:48:45,2026-01-15 06:49:45.000000000,141,65,2.56,8.65,2,1
2026-01-27 18:47:33,2026-01-27 18:52:06.501112812,40,86,1.63,7.1,1,2
2026-01-23 01:23:57,2026-01-23 01:26:02.063818782,70,248,1.67,18.22,1,2
2026-01-06 22:22:11,2026-01-06 22:43:16.681451738,68,221,2.84,53.83,2,2
2026-01-05 15:56:16,2026-01-05 15:57:36.067216078,215,203,0.58,2.59,3,1
2026-01-19 17:04:27,2026-01-19 17:11:52.549466892,60,121,0.28,6.39,3,1
2026-01-02 11:14:46,2026-01-02 11:28:44.166417850,1,22,1.54,0.39,3,2
2026-01-10 21:20:52,2026-01-10 21:47:07.958979502,197,118,2.49,16.12,1,1
2026-01-05 06:49:29,2026-01-05 07:12:47.561103308,17,121,1.71,7.13,2,2
2026-01-01 15:17:53,2026-01-01 15:35:51.780717392,205,124,3.24,24.65,1,1
2026-01-29 11:36:16,2026-01-29 11:40:42.787965964,175,81,0.03,16.29,2,1
2026-01-03 18:49:36,2026-01-03 18:57:38.910536724,184,46,3.56,5.97,3,1
2026-01-01 06:53:21,2026-01-01 07:05:46.718770884,69,117,5.66,1.47,3,1
2026-01-29 22:04:17,2026-01-29 22:12:00.025580894,262,168,0.76,57.17,4,2
2026-01-06 20:06:41,2026-01-06 20:08:12.587678636,235,197,0.2,22.38,1,2
2026-01-26 07:31:08,2026-01-26 07:43:02.875945070,23,171,0.58,11.17,1,1
2026-01-01 23:16:29,2026-01-01 23:25:20.437282502,133,95,0.14,29.37,4,1
2026-01-05 18:14:44,2026-01-05 18:19:50.673751274,206,194,0.29,8.68,3,2
2026-01-04 10:18:29,2026-01-04 10:24:51.928365680,30,219,3.81,103.05,2,2
2026-01-22 21:27:34,2026-01-22 21:38:18.944923216,160,15,4.17,4.09,4,1
2026-01-20 05:23:27,2026-01-20 05:25:27.120079836,65,178,1.04,27.65,4,1
2026-01-15 17:46:24,2026-01-15 17:54:52.229339724,245,74,1.06,26.73,2,1
2026-01-08 11:46:45,2026-01-08 11:59:26.192722770,5,226,0.06,45.51,1,2
2026-01-03 18:06:42,2026-01-03 18:20:42.492308238,235,47,5.42,10.67,4,1
2026-01-18 15:29:37,2026-01-18 15:31:22.735969942,186,197,0.13,8.72,3,1
2026-01-08 03:39:05,2026-01-08 04:14:25.900972388,257,220,0.17,27.48,3,2
2026-01-19 07:06:19,2026-01-19 07:07:54.470095558,192,118,1.98,18.87,4,1
2026-01-22 07:28:34,2026-01-22 07:33:20.653738324,134,255,1.27,5.37,3,2
2026-01-27 07:58:47,2026-01-27 08:17:49.381456424,21,131,1.84,5.34,1,2
2026-01-16 07:31:29,2026-01-16 07:32:29.000000000,225,22,0.17,16.58,1,2
2026-01-01 03:31:39,2026-01-01 03:51:16.341954732,39,240,0.27,21.16,3,1
2026-01-09 16:48:58,2026-01-09 17:15:20.274579448,191,147,0.85,2.71,1,1
2026-01-27 10:54:24,2026-01-27 11:06:15.363525948,214,70,0.88,21.8,3,1
2026-01-17 12:44:19,2026-01-17 12:52:36.526175392,157,101,3.05,15.2,4,1
2026-01-20 04:37:28,2026-01-20 04:43:03.159373852,69,165,0.13,13.29,2,1
2026-01-15 04:37:13,2026-01-15 04:38:25.646712730,174,219,0.45,2.62,4,1
2026-01-06 01:04:52,2026-01-06 01:10:35.990867734,249,196,3.59,13.91,3,1
2026-01-28 19:08:51,2026-01-28 19:31:01.612101498,226,48,1.56,15.26,2,1
2026-01-24 23:03:55,2026-01-24 23:16:29.166159424,33,67,1.52,5.98,1,2
2026-01-31 20:24:59,2026-01-31 20:25:59.000000000,202,202,2.43,2.26,3,2
2026-01-27 12:29:08,2026-01-27 12:30:08.000000000,205,148,3.45,2.26,3,1
2026-01-10 00:36:11,2026-01-10 00:57:31.683328310,1,249,2.83,0.63,4,2
2026-01-08 21:10:19,2026-01-08 21:36:14.538518242,155,57,5.07,4.72,3,1
2026-01-08 16:51:53,2026-01-08 17:00:44.589590528,88,184,1.04,1.76,3,2
2026-01-29 11:34:56,2026-01-29 11:56:33.093371132,148,88,-1.0,17.87,1,2
2026-01-18 06:21:35,2026-01-18 06:29:17.199819566,186,110,0.18,3.57,4,2
2026-01-15 02:06:58,2026-01-15 02:11:21.675107146,211,163,9.38,25.59,4,2
2026-01-31 00:23:11,2026-01-31 00:49:58.547592884,219,2,0.32,1.62,4,1
2026-01-19 16:56:52,2026-01-19 17:09:10.061282470,163,81,1.47,7.42,4,1
2026-01-29 04:37:02,2026-01-29 04:38:33.987863234,179,9,2.66,7.52,1,2
2026-01-31 12:34:45,2026-01-31 12:42:28.083106890,188,84,6.32,33.61,4,1
2026-01-03 11:06:27,2026-01-03 11:15:56.822483580,116,230,2.05,11.68,2,2
2026-01-12 04:58:58,2026-01-12 05:24:16.521985024,253,217,0.56,44.43,1,1
2026-01-23 18:11:58,2026-01-23 18:22:11.250526390,102,85,1.5,30.1,3,2
2026-01-26 04:59:25,2026-01-26 05:07:48.083019004,199,119,0.99,10.25,4,1
2026-01-05 14:28:22,2026-01-05 14:29:53.862198634,63,114,1.39,27.99,3,2
2026-01-10 20:53:20,2026-01-10 21:02:48.314166962,54,246,2.38,8.56,4,2
2026-01-17 23:50:26,2026-01-17 23:55:42.038229380,100,195,0.82,0.15,1,2
2026-01-25 18:36:53,2026-01-25 18:43:27.261834758,67,85,0.28,1.41,2,1
2026-01-04 12:02:51,2026-01-04 12:08:19.388355186,150,101,0.48,3.99,1,2
2026-01-19 14:56:45,2026-01-19 15:01:45.624079470,191,216,2.47,3.06,2,2
2026-01-10 04:33:12,2026-01-10 04:34:12.000000000,124,128,0.41,4.44,3,2
2026-01-07 16:58:07,2026-01-07 17:07:13.543099666,129,137,1.6,9.5,4,2
2026-01-16 23:27:25,2026-01-16 23:55:50.908000558,9,155,3.46,19.31,2,1
2026-01-13 20:02:07,2026-01-13 20:05:58.837523170,36,47,1.42,6.72,2,2
2026-01-20 16:58:09,2026-01-20 17:24:38.460685044,69,198,2.05,0.19,1,2
2026-01-10 20:19:15,2026-01-10 20:20:15.000000000,178,194,6.87,7.63,1,2
2026-01-26 12:31:02,2026-01-26 12:40:38.507916332,121,233,0.66,3.53,1,2
2026-01-03 10:06:45,2026-01-03 10:10:10.715163828,184,190,3.28,19.0,1,1
2026-01-27 17:14:17,2026-01-27 17:23:44.924995604,75,159,0.95,0.45,3,1
2026-01-01 22:11:49,2026-01-01 22:29:33.361127200,67,90,2.79,61.63,1,2
2026-01-23 19:30:23,2026-01-23 19:34:45.856963118,59,253,0.42,31.26,2,2
2026-01-11 17:46:48,2026-01-11 17:51:46.310740296,10,30,0.64,40.26,4,2
2026-01-12 21:12:03,2026-01-12 21:27:34.932938933,1,46,0.73,13.41,3,2
2026-01-01 14:09:41,2026-01-01 14:10:41.000000000,193,233,2.05,3.21,1,1
2026-01-22 18:21:44,2026-01-22 18:28:24.693125840,132,67,1.8,5.06,3,2
2026-01-06 03:07:22,2026-01-06 03:15:17.973724708,252,241,5.93,10.07,2,1
2026-01-21 10:24:45,2026-01-21 10:28:21.720333972,6,198,0.81,10.67,1,2
2026-01-23 11:32:11,2026-01-23 11:48:51.956952002,261,84,2.57,0.47,3,1
2026-01-27 04:51:27,2026-01-27 05:14:08.707072992,199,151,3.92,4.46,4,2
2026-01-22 22:49:11,2026-01-22 22:50:11.000000000,181,85,4.81,2.61,2,1
2026-01-10 08:18:58,2026-01-10 08:26:26.932448932,49,240,2.11,16.64,2,1
2026-01-23 21:30:13,2026-01-23 22:02:31.522977154,150,69,0.81,23.38,3,2
2026-01-26 14:30:25,2026-01-26 14:55:58.123174198,165,112,0.7,23.18,3,2
2026-01-10 19:57:43,2026-01-10 19:58:43.000000000,23,33,1.27,10.93,1,1
2026-01-04 20:23:15,2026-01-04 20:32:25.218917100,39,70,1.66,10.66,4,2
2026-01-28 14:10:28,2026-01-28 14:12:01.453302496,214,49,3.93,18.02,3,1
2026-01-05 14:04:02,2026-01-05 14:15:22.144977236,202,193,0.4,38.49,1,2
2026-01-19 09:48:35,2026-01-19 09:51:29.558788838,107,104,0.27,8.9,4,1
2026-01-08 07:47:33,2026-01-08 07:57:38.972348400,205,225,3.45,-5.0,2,2
2026-01-04 21:45:48,2026-01-04 22:09:54.028210512,90,206,2.44,49.37,4,2
2026-01-25 01:39:10,2026-01-25 01:47:59.562585334,78,39,3.9,7.43,3,2
2026-01-05 10:55:36,2026-01-05 10:56:36.000000000,139,69,-1.0,12.12,1,1
2026-01-21 18:38:52,2026-01-21 18:58:27.213039772,256,67,0.39,0.3,3,2
2026-01-22 11:39:46,2026-01-22 11:40:46.000000000,29,142,0.74,7.45,3,2
2026-01-02 20:48:34,2026-01-02 21:28:42.394666948,127,26,0.4,19.26,3,1
2026-01-06 08:40:13,2026-01-06 08:41:13.000000000,129,138,5.74,2.76,2,1
2026-01-25 15:00:23,2026-01-25 15:01:23.000000000,65,59,2.12,5.58,3,2
2026-01-16 17:25:32,2026-01-16 17:29:31.798963856,147,39,0.92,7.2,2,1
2026-01-04 18:17:08,2026-01-04 18:30:30.338356448,128,224,1.36,1.3,3,2
2026-01-31 17:52:48,2026-01-31 18:27:41.880594936,101,29,3.99,2.49,1,2
2026-01-09 05:09:04,2026-01-09 05:15:13.291562410,192,76,1.01,1.53,1,1
2026-01-01 02:58:53,2026-01-01 03:03:21.538304864,87,161,5.27,11.1,2,2
2026-01-29 15:34:46,2026-01-29 15:37:42.888363634,201,210,0.0,0.46,3,1
2026-01-01 12:20:07,2026-01-01 12:27:51.553607266,80,184,5.53,42.03,2,1
2026-01-18 03:41:55,2026-01-18 03:45:26.576955280,209,149,6.16,3.51,3,1
2026-01-31 18:51:17,2026-01-31 18:56:31.506167228,3,112,2.35,6.8,3,1
2026-01-18 21:53:24,2026-01-18 22:11:27.366966510,16,229,3.08,1.38,3,1
2026-01-19 02:58:16,2026-01-19 02:59:50.802420682,227,110,5.78,7.38,3,1
2026-01-13 00:48:07,2026-01-13 00:59:43.389714490,129,225,0.39,6.98,1,2
2026-01-04 22:25:15,2026-01-04 22:28:24.332229894,191,58,0.62,15.03,2,2
2026-01-18 18:04:57,2026-01-18 18:35:22.434376740,79,244,1.04,8.3,3,2
2026-01-28 19:35:34,2026-01-28 19:37:40.178593618,31,39,4.73,49.19,3,2
2026-01-03 19:46:49,2026-01-03 19:53:37.710681652,10,28,1.19,26.49,4,2
2026-01-28 07:00:10,2026-01-28 07:21:36.293524138,261,253,5.19,11.08,2,2
2026-01-13 20:47:40,2026-01-13 21:25:40.534534606,169,107,1.38,5.22,2,2
2026-01-17 14:55:59,2026-01-17 15:06:21.688024802,228,197,3.19,14.88,1,1
2026-01-06 03:03:40,2026-01-06 03:15:50.711370148,151,233,4.35,1.82,4,1
2026-01-20 06:36:47,2026-01-20 06:56:33.548363558,157,105,0.19,3.53,3,1
2026-01-06 15:40:14,2026-01-06 15:45:28.680911882,32,161,0.22,12.32,1,1
2026-01-09 11:15:04,2026-01-09 11:34:13.945715596,42,251,1.14,2.3,3,2
2026-01-23 08:52:46,2026-01-23 09:13:35.110344856,82,217,4.19,0.27,1,1
2026-01-02 13:35:11,2026-01-02 13:57:13.394645906,135,176,2.65,15.84,1,2
2026-01-14 20:42:11,2026-01-14 20:45:33.951636722,207,150,3.11,25.27,2,2
2026-01-19 10:21:29,2026-01-19 10:38:43.513089770,115,206,1.27,5.16,3,2
2026-01-05 02:13:45,2026-01-05 02:14:45.000000000,154,28,0.66,14.61,1,2
2026-01-10 03:17:52,2026-01-10 03:50:35.821650544,25,133,0.52,1.29,3,2
2026-01-11 15:33:54,2026-01-11 16:14:39.173966844,34,137,0.69,2.7,3,2
2026-01-21 13:44:02,2026-01-21 13:45:02.000000000,206,184,0.64,21.72,4,2
2026-01-31 06:40:17,2026-01-31 06:50:38.420425820,102,186,2.81,20.87,3,2
2026-01-26 22:09:59,2026-01-26 22:12:02.061809528,111,132,0.95,16.58,1,2
2026-01-06 21:11:08,2026-01-06 21:14:45.980254604,111,32,4.22,9.67,2,2
2026-01-01 13:30:41,2026-01-01 13:34:53.680283066,257,125,2.12,2.66,2,2
2026-01-02 14:37:21,2026-01-02 14:43:16.580585982,21,170,3.32,4.2,3,1
2026-01-19 11:12:39,2026-01-19 11:47:48.739155018,198,208,0.63,4.31,3,1
2026-01-05 20:15:28,2026-01-05 20:20:18.724632160,133,106,-1.0,8.41,4,2
2026-01-08 04:04:21,2026-01-08 04:23:33.353146890,113,238,2.25,6.06,1,2
2026-01-27 06:27:33,2026-01-27 06:30:49.671893490,67,104,2.36,11.72,2,1
2026-01-28 02:10:22,2026-01-28 02:14:08.713908094,173,57,0.15,1.02,4,2
2026-01-27 00:14:20,2026-01-27 00:16:51.283793870,124,144,4.1,10.13,4,2
2026-01-08 20:43:35,2026-01-08 20:53:30.415400594,226,245,0.51,16.4,1,1
2026-01-20 05:02:43,2026-01-20 05:04:44.361691852,50,183,0.23,3.73,1,1
2026-01-19 22:24:46,2026-01-19 22:29:39.995792236,44,24,2.42,8.29,4,2
2026-01-06 17:49:26,2026-01-06 18:02:28.007992052,17,255,3.49,58.96,1,2
2026-01-18 03:50:03,2026-01-18 03:58:34.416410562,64,263,1.91,21.33,3,2
2026-01-17 06:47:27,2026-01-17 07:06:20.341769826,15,264,3.24,14.81,4,1
2026-01-13 06:44:52,2026-01-13 06:46:13.241872132,188,107,0.3,21.69,3,1
2026-01-24 07:14:14,2026-01-24 07:24:34.562391950,42,193,1.74,11.95,2,2
2026-01-22 00:08:59,2026-01-22 00:15:51.392244314,167,125,0.59,2.62,3,2
2026-01-17 12:17:42,2026-01-17 12:53:37.116059514,128,130,0.47,24.43,1,2
2026-01-23 11:58:21,2026-01-23 12:00:53.322006492,231,162,0.47,0.33,2,2
2026-01-24 15:45:09,2026-01-24 15:49:53.779600932,94,200,0.34,4.34,4,2
2026-01-18 13:48:06,2026-01-18 13:50:14.681793408,60,58,1.02,27.5,3,2
2026-01-09 07:08:58,2026-01-09 07:24:18.469159864,108,20,0.56,15.0,4,2
2026-01-24 12:15:58,2026-01-24 12:38:49.309126132,248,136,3.73,5.41,4,2
2026-01-23 05:54:17,2026-01-23 06:00:05.650298030,163,54,4.29,0.86,4,1
2026-01-31 11:39:44,2026-01-31 11:49:55.499689844,50,17,0.43,2.05,4,2
2026-01-05 15:26:22,2026-01-05 15:29:06.031024264,83,194,1.38,7.67,2,1
2026-01-13 23:56:19,2026-01-14 00:05:29.776069714,172,144,0.05,6.73,3,2
2026-01-29 15:37:28,2026-01-29 15:54:32.709924946,146,192,0.48,26.57,3,1
2026-01-16 22:50:59,2026-01-16 22:53:11.590905272,38,56,0.43,16.97,4,1
2026-01-30 05:18:41,2026-01-30 06:04:19.495898048,258,119,0.81,0.75,3,1
2026-01-01 09:16:39,2026-01-01 09:23:50.271663366,229,228,1.88,1.8,4,1
2026-01-02 02:09:58,2026-01-02 02:30:38.116462780,249,31,2.85,11.64,2,1
2026-01-25 16:14:42,2026-01-25 16:17:11.409253842,262,228,2.88,60.31,4,2
2026-01-12 02:40:21,2026-01-12 02:41:21.000000000,11,31,1.81,22.64,4,2
2026-01-17 03:03:04,2026-01-17 03:14:37.589235130,51,242,0.4,22.54,3,1
2026-01-14 06:26:20,2026-01-14 06:43:17.283636542,115,104,1.98,19.22,2,2
2026-01-13 15:31:23,2026-01-13 15:53:05.457979784,261,67,2.64,1.38,3,1
2026-01-30 02:58:07,2026-01-30 03:33:40.065779938,253,112,0.16,5.28,4,1
2026-01-03 21:59:22,2026-01-03 22:00:27.363764062,4,61,0.57,3.38,1,2
2026-01-24 22:31:45,2026-01-24 22:34:39.667327620,193,199,4.01,6.14,3,2
2026-01-28 13:54:15,2026-01-28 14:03:20.923445628,173,44,0.32,25.04,3,1
2026-01-21 09:06:51,2026-01-21 09:20:46.002950226,56,261,2.14,13.45,2,2
2026-01-13 05:53:07,2026-01-13 05:54:39.639662806,120,229,2.78,4.3,1,2
2026-01-05 23:03:00,2026-01-05 23:04:17.855433114,140,135,0.13,16.06,2,2
2026-01-22 03:50:26,2026-01-22 03:58:40.392025334,233,244,0.39,8.06,3,1
2026-01-15 12:47:08,2026-01-15 12:53:02.055128486,192,175,5.05,1.45,3,1
2026-01-05 15:08:03,2026-01-05 15:09:03.000000000,214,102,3.49,1.55,1,1
2026-01-12 03:34:47,2026-01-12 03:53:54.836526290,65,67,0.95,4.83,4,2
2026-01-30 19:23:34,2026-01-30 19:27:36.469983832,72,33,0.66,5.63,4,1
2026-01-09 05:26:48,2026-01-09 05:31:05.040814673,96,55,6.44,29.15,2,2
2026-01-06 12:45:38,2026-01-06 12:49:12.618485672,84,86,0.03,36.86,4,1
2026-01-22 03:23:22,2026-01-22 03:29:58.292858014,70,18,2.67,31.75,3,2
2026-01-07 04:27:33,2026-01-07 04:49:43.925702226,107,171,1.11,26.15,3,2
2026-01-29 12:24:44,2026-01-29 12:29:46.069643245,3,4,2.56,61.65,4,2
2026-01-27 15:04:59,2026-01-27 15:08:40.511363840,189,191,2.6,2.97,2,1
2026-01-31 11:44:47,2026-01-31 12:01:20.788373413,21,111,2.65,2.24,1,1
2026-01-29 06:57:41,2026-01-29 07:22:06.986130686,172,35,0.95,40.51,2,2
2026-01-08 13:21:38,2026-01-08 13:42:50.621041826,93,184,4.29,14.8,3,1
2026-01-07 13:50:15,2026-01-07 14:06:25.605999420,157,69,0.33,0.54,2,1
2026-01-11 14:55:25,2026-01-11 14:58:50.675318278,119,228,1.39,25.13,1,2
2026-01-15 13:31:54,2026-01-15 13:37:16.119881034,101,107,5.43,10.26,3,1
2026-01-28 06:43:00,2026-01-28 07:16:58.938366456,155,44,2.28,9.99,4,2
2026-01-23 17:43:12,2026-01-23 17:44:57.892632240,134,185,1.75,17.39,3,2
2026-01-20 23:27:33,2026-01-21 00:21:42.964070640,246,111,0.6,0.48,1,1
2026-01-28 05:30:14,2026-01-28 05:46:11.173903346,122,255,1.0,1.44,1,2
2026-01-21 00:32:24,2026-01-21 00:47:02.756960478,233,107,8.65,8.75,2,2
2026-01-12 18:00:54,2026-01-12 18:02:23.164099416,14,212,2.33,8.15,1,2
2026-01-13 19:16:21,2026-01-13 19:23:09.164285550,5,253,1.73,4.15,4,2
2026-01-17 00:39:44,2026-01-17 00:55:13.948520228,197,254,-1.0,18.11,1,2
2026-01-03 18:02:47,2026-01-03 18:14:25.181075624,77,58,1.13,17.97,4,1
2026-01-23 23:50:13,2026-01-23 23:56:19.963673176,115,261,0.98,12.88,4,1
2026-01-21 05:39:54,2026-01-21 05:53:14.431107444,148,38,0.16,6.51,3,1
2026-01-23 15:57:54,2026-01-23 16:11:49.632431268,144,19,0.6,12.91,3,2
2026-01-17 13:15:11,2026-01-17 13:24:51.859675826,144,10,0.58,14.62,1,2
2026-01-25 06:31:20,2026-01-25 06:32:20.000000000,215,214,4.14,7.43,3,1
2026-01-30 10:36:52,2026-01-30 10:38:23.437091878,170,193,4.94,10.87,1,1
2026-01-18 16:01:50,2026-01-18 16:04:36.069982742,247,28,0.06,1.17,2,1
2026-01-14 18:37:17,2026-01-14 18:42:24.444994118,72,83,1.55,46.72,1,2
2026-01-04 05:50:01,2026-01-04 06:06:07.438950376,250,36,2.4,3.28,4,1
2026-01-25 03:20:09,2026-01-25 03:29:47.663288160,261,6,0.76,21.32,4,1
2026-01-29 00:33:22,2026-01-29 00:50:47.214024640,211,244,3.48,11.98,2,2
2026-01-22 16:25:14,2026-01-22 16:52:48.124090940,142,57,1.59,3.92,4,2
2026-01-27 19:59:09,2026-01-27 20:01:05.597365716,97,169,4.5,2.59,1,1
2026-01-27 16:43:56,2026-01-27 16:48:08.789201156,42,54,1.47,4.74,4,2
2026-01-25 17:47:04,2026-01-25 17:51:46.297897924,116,7,1.08,16.51,2,2
2026-01-16 14:08:35,2026-01-16 14:12:57.520746200,245,113,3.28,5.9,2,1
2026-01-04 02:17:51,2026-01-04 02:32:05.545949370,103,199,2.09,2.68,1,2
2026-01-01 02:24:53,2026-01-01 02:31:03.122743040,73,248,2.6,18.78,2,2
2026-01-07 08:04:17,2026-01-07 08:06:44.368289912,221,41,0.76,17.63,4,1
2026-01-14 08:40:56,2026-01-14 08:51:36.508149878,238,96,5.36,12.19,4,1
2026-01-24 01:14:19,2026-01-24 01:26:04.724832004,158,14,2.19,42.83,4,2
2026-01-15 03:07:13,2026-01-15 03:33:37.119763690,72,77,1.47,1.32,4,2
2026-01-01 17:12:58,2026-01-01 17:17:17.500291150,78,99,5.65,32.03,1,1
2026-01-07 12:29:49,2026-01-07 12:49:09.354920206,222,101,7.51,12.18,2,1
2026-01-31 08:32:35,2026-01-31 08:48:38.477310224,209,118,1.86,12.34,1,2
2026-01-31 15:05:19,2026-01-31 15:16:14.281636966,88,94,6.43,21.17,4,2
2026-01-12 16:35:44,2026-01-12 16:44:44.307333728,246,175,1.53,10.68,4,2
2026-01-25 22:54:33,2026-01-25 22:57:21.047010216,78,107,1.29,2.97,2,1
2026-01-23 07:10:06,2026-01-23 07:11:06.000000000,204,79,0.41,15.05,1,2
2026-01-29 20:51:49,2026-01-29 21:15:39.327606208,197,242,1.4,3.07,4,1
2026-01-28 12:21:10,2026-01-28 12:24:59.833861312,135,7,1.34,53.54,2,1
2026-01-20 11:47:01,2026-01-20 12:03:05.918152636,255,126,0.2,32.63,2,1
2026-01-13 05:36:16,2026-01-13 05:44:03.797452156,228,5,2.48,7.79,1,2
2026-01-20 10:14:02,2026-01-20 10:24:38.136700022,150,195,0.73,8.87,4,2
2026-01-10 21:26:04,2026-01-10 21:38:33.367437694,56,182,5.29,11.86,1,1
2026-01-11 18:58:45,2026-01-11 19:09:56.784164586,185,256,1.55,34.78,1,1
2026-01-19 20:54:12,2026-01-19 21:03:24.916593240,5,139,0.17,13.41,3,2
2026-01-18 17:07:14,2026-01-18 17:18:17.721109748,8,101,1.53,1.49,3,2
2026-01-19 00:15:21,2026-01-19 00:16:32.967584586,144,92,1.49,1.96,2,1
2026-01-12 22:11:55,2026-01-12 22:15:40.254610366,56,257,1.81,15.07,1,2
2026-01-13 16:24:00,2026-01-13 17:11:13.613356770,13,148,0.45,6.11,2,2
2026-01-01 07:34:58,2026-01-01 07:40:32.254988218,92,237,2.2,8.11,4,1
2026-01-19 15:43:13,2026-01-19 15:46:27.237264256,95,168,1.75,4.46,4,1
2026-01-18 20:23:02,2026-01-18 20:40:07.626582686,68,133,6.18,13.29,1,2
2026-01-29 23:55:25,2026-01-30 00:19:07.650256690,211,134,0.54,22.07,1,1
2026-01-16 15:11:02,2026-01-16 15:18:33.790805438,189,70,2.98,20.15,1,1
2026-01-15 11:55:27,2026-01-15 12:20:42.183580680,27,25,1.29,9.77,1,2
2026-01-03 02:21:20,2026-01-03 02:36:36.192068720,104,107,1.8,20.07,4,1
2026-01-07 02:22:34,2026-01-07 02:42:42.333510994,249,76,0.55,2.63,4,2
2026-01-11 11:29:59,2026-01-11 11:36:13.673991086,38,28,2.56,7.67,3,2
2026-01-12 16:38:28,2026-01-12 16:43:19.966154074,17,107,1.56,9.49,3,1
2026-01-12 05:50:17,2026-01-12 05:54:13.723006112,215,37,1.04,36.05,1,1
2026-01-13 05:12:56,2026-01-13 05:23:23.237095568,97,57,3.51,16.15,2,1
2026-01-24 20:04:29,2026-01-24 20:13:01.887054758,101,80,1.14,39.42,3,2
2026-01-05 01:32:41,2026-01-05 01:53:11.281881212,11,140,3.63,10.0,1,2
2026-01-11 07:12:03,2026-01-11 07:31:17.467327026,256,75,1.78,42.62,1,2
2026-01-06 01:10:35,2026-01-06 01:23:42.475490576,20,13,4.39,6.76,4,1
2026-01-10 12:59:59,2026-01-10 13:04:07.492057190,153,245,0.22,3.71,3,2
2026-01-22 05:18:51,2026-01-22 05:31:59.538168312,8,130,4.19,15.36,4,2
2026-01-02 10:47:32,2026-01-02 10:57:54.146473952,115,70,1.76,3.5,2,1
2026-01-11 12:34:17,2026-01-11 12:35:17.000000000,116,109,3.58,35.52,3,1
2026-01-01 17:37:21,2026-01-01 17:39:59.730197880,166,75,6.84,9.72,2,1
2026-01-30 14:26:39,2026-01-30 14:41:47.671504266,19,220,0.7,17.86,3,2
2026-01-23 13:04:50,2026-01-23 13:25:00.148190426,136,95,5.52,1.14,4,1
2026-01-08 13:14:09,2026-01-08 13:27:29.499662976,120,256,2.55,25.83,2,1
2026-01-07 03:27:31,2026-01-07 03:40:49.713909358,262,9,0.36,13.52,3,1
2026-01-04 01:35:59,2026-01-04 01:55:30.639227893,247,160,0.08,18.5,4,2
2026-01-15 15:49:21,2026-01-15 16:17:30.749082360,180,36,0.03,1.39,3,1
2026-01-24 08:36:26,2026-01-24 08:41:33.687659180,198,125,3.21,2.11,2,2
2026-01-19 02:39:08,2026-01-19 02:51:19.078314410,98,187,2.39,7.36,2,1
2026-01-28 07:29:26,2026-01-28 07:38:13.547864606,243,85,1.49,24.09,1,2
2026-01-11 15:48:01,2026-01-11 15:52:45.372935422,47,89,3.03,1.07,3,2
2026-01-09 14:54:58,2026-01-09 14:55:58.000000000,94,206,1.04,15.24,3,2
2026-01-15 19:40:13,2026-01-15 19:48:34.062106654,185,134,0.8,6.48,3,1
2026-01-07 06:21:12,2026-01-07 06:30:38.148056994,67,78,1.44,1.62,2,1
2026-01-31 05:52:47,2026-01-31 06:04:51.602446586,110,210,0.67,9.97,3,1
2026-01-06 18:12:36,2026-01-06 18:24:51.605678412,250,116,4.8,15.87,3,2
2026-01-15 20:16:36,2026-01-15 20:20:03.487538880,260,218,2.42,11.62,2,1
2026-01-17 04:22:37,2026-01-17 04:31:10.086762598,36,225,0.12,21.24,4,2
2026-01-02 18:26:32,2026-01-02 18:28:57.424961348,73,203,1.78,15.56,3,2
2026-01-15 12:30:07,2026-01-15 12:35:12.745273048,241,114,4.36,7.89,4,2
2026-01-15 02:17:54,2026-01-15 02:28:50.631106224,145,70,2.15,9.76,2,1
2026-01-09 01:01:23,2026-01-09 01:02:23.000000000,107,158,2.98,7.69,3,2
2026-01-04 23:12:30,2026-01-04 23:23:14.395544502,67,233,7.04,0.09,2,2
2026-01-02 09:36:31,2026-01-02 09:37:31.000000000,188,77,2.48,13.08,3,2
2026-01-01 06:23:05,2026-01-01 06:33:25.953119768,108,228,1.61,18.55,1,1
2026-01-15 22:13:46,2026-01-15 22:20:26.378130820,155,208,3.28,5.31,4,1
2026-01-03 18:50:30,2026-01-03 20:23:16.903337166,212,59,2.7,8.01,1,2
2026-01-30 17:44:35,2026-01-30 17:52:27.103739318,160,189,0.71,50.35,3,1
2026-01-08 14:05:30,2026-01-08 14:06:30.000000000,8,252,0.93,8.8,2,2
2026-01-21 05:28:27,2026-01-21 05:37:56.784631026,125,227,5.79,8.41,1,2
2026-01-21 21:04:30,2026-01-21 21:34:05.582250540,73,218,1.96,42.28,4,2
2026-01-16 08:39:24,2026-01-16 08:54:04.703862342,214,74,5.57,33.6,1,1
2026-01-28 09:24:28,2026-01-28 09:45:35.961785860,66,226,5.53,1.58,3,2
2026-01-04 10:21:17,2026-01-04 10:48:36.464957246,225,128,0.03,13.26,3,2
2026-01-08 06:07:10,2026-01-08 06:11:38.990517178,256,202,5.22,18.33,1,1
2026-01-08 19:48:45,2026-01-08 19:51:19.856575188,220,201,5.9,22.94,1,2
2026-01-05 04:44:53,2026-01-05 04:56:51.031753178,247,92,0.22,3.68,3,1
2026-01-10 03:18:42,2026-01-10 03:33:50.780737674,124,205,3.74,1.77,2,2
2026-01-10 16:38:21,2026-01-10 16:55:08.117425374,232,19,0.24,2.82,4,1
2026-01-24 17:00:49,2026-01-24 17:01:49.000000000,60,173,6.02,0.01,2,2
2026-01-10 08:24:36,2026-01-10 08:35:40.295073630,232,79,0.82,18.16,3,2
2026-01-28 04:16:22,2026-01-28 05:03:32.222935552,214,137,0.07,2.24,4,1
2026-01-24 22:52:10,2026-01-24 22:53:55.049705110,66,2,7.58,46.22,3,2
2026-01-28 22:49:17,2026-01-28 22:51:20.693234534,112,6,2.25,13.35,1,2
2026-01-04 06:17:13,2026-01-04 06:34:44.126448207,195,174,1.12,18.78,3,1
2026-01-31 12:31:08,2026-01-31 12:37:21.902738378,95,93,2.88,11.48,1,2
2026-01-20 00:47:18,2026-01-20 00:52:27.741387366,210,264,1.48,11.13,2,2
2026-01-31 10:52:50,2026-01-31 11:01:17.780164028,116,33,4.52,0.21,2,2
2026-01-12 00:00:09,2026-01-12 00:10:36.291480408,7,83,0.55,3.28,1,1
2026-01-30 13:01:52,2026-01-30 13:08:22.578589600,246,196,2.33,4.57,3,2
2026-01-19 05:55:21,2026-01-19 06:07:59.522597160,127,84,0.1,1.52,1,2
2026-01-03 05:26:08,2026-01-03 05:27:08.000000000,94,245,0.6,15.14,4,2
2026-01-13 17:07:57,2026-01-13 17:13:05.753823258,186,183,5.58,48.51,2,2
2026-01-05 06:31:06,2026-01-05 06:36:53.877341820,203,170,5.44,24.7,1,2
2026-01-30 04:18:43,2026-01-30 04:34:37.232999602,209,240,0.35,3.91,4,1
2026-01-10 10:31:23,2026-01-10 10:51:25.664946908,82,222,1.79,12.01,1,2
2026-01-07 21:26:12,2026-01-07 22:25:33.115907946,240,173,2.44,8.02,2,1
2026-01-18 03:21:22,2026-01-18 03:59:14.833683088,248,231,1.48,16.52,1,2
2026-01-14 04:19:12,2026-01-14 04:27:51.780222654,113,164,9.73,1.51,1,2
2026-01-04 00:09:05,2026-01-04 00:20:50.239587404,4,40,0.87,8.46,4,1
2026-01-26 07:28:17,2026-01-26 07:32:47.671598546,34,204,2.99,64.47,3,2
2026-01-27 05:16:22,2026-01-27 05:19:19.648161220,119,183,8.17,12.27,2,1
2026-01-24 00:45:49,2026-01-24 00:58:09.604870642,47,19,0.38,14.63,4,2
2026-01-20 02:51:59,2026-01-20 02:53:24.922007252,73,129,3.11,57.58,2,2
2026-01-13 11:30:10,2026-01-13 11:44:11.713022074,124,60,1.36,0.13,1,2
2026-01-17 19:31:08,2026-01-17 19:47:37.999226162,63,148,1.94,12.33,3,1
2026-01-17 03:37:16,2026-01-17 03:49:45.144319024,46,93,4.27,9.23,1,2
2026-01-06 02:59:29,2026-01-06 03:02:56.540581472,145,125,6.55,6.22,2,2
2026-01-03 12:52:08,2026-01-03 12:57:35.811252602,7,182,1.16,21.49,3,2
2026-01-08 20:25:19,2026-01-08 20:49:24.253417030,147,136,2.62,10.2,4,2
2026-01-15 02:01:26,2026-01-15 02:11:07.520616986,150,212,9.93,0.87,3,2
2026-01-05 23:16:19,2026-01-05 23:33:51.544399084,214,258,0.84,3.95,1,2
2026-01-04 07:21:38,2026-01-04 07:26:21.715948052,260,8,2.97,20.89,4,1
2026-01-27 09:50:17,2026-01-27 09:58:13.993966442,6,92,3.08,19.73,2,2
2026-01-12 14:59:51,2026-01-12 15:03:13.454181942,256,190,0.55,7.61,1,2
2026-01-19 02:39:55,2026-01-19 02:40:55.000000000,238,159,3.16,9.93,3,1
2026-01-17 05:52:37,2026-01-17 05:56:07.013478603,90,238,0.23,6.49,3,2
2026-01-23 18:56:10,2026-01-23 18:57:10.000000000,240,36,4.36,3.08,2,1
2026-01-23 22:25:12,2026-01-23 22:31:34.030008072,192,55,2.49,10.2,1,1
2026-01-10 04:14:54,2026-01-10 04:25:58.562155392,102,13,6.43,16.24,3,1
2026-01-27 06:50:35,2026-01-27 06:51:53.933730410,105,151,0.08,3.09,3,1
2026-01-12 12:12:43,2026-01-12 12:20:56.079512854,151,123,0.06,2.4,2,2
2026-01-26 21:23:36,2026-01-26 21:40:22.322628024,252,246,0.48,18.16,1,1
2026-01-13 13:12:43,2026-01-13 13:13:51.465488086,30,70,1.43,3.7,2,1
2026-01-04 10:34:46,2026-01-04 10:47:47.896972839,172,214,4.56,12.35,3,2
2026-01-24 13:27:04,2026-01-24 13:46:08.829163666,127,248,2.18,5.48,2,1
2026-01-01 22:26:24,2026-01-01 22:27:24.000000000,130,143,1.47,19.66,1,1
2026-01-24 22:37:50,2026-01-24 22:39:42.907661366,109,66,4.96,9.97,4,2
2026-01-02 08:06:46,2026-01-02 08:18:34.864805038,75,264,0.94,3.34,2,2
2026-01-07 09:52:09,2026-01-07 10:00:43.440014460,33,81,3.35,8.92,2,1
2026-01-19 16:54:11,2026-01-19 17:33:36.104507414,102,10,0.99,7.46,1,1
2026-01-30 04:30:17,2026-01-30 04:37:21.176596412,243,12,2.29,57.18,3,1
2026-01-13 15:54:26,2026-01-13 16:11:47.357513222,165,235,6.33,18.06,1,1
2026-01-04 17:46:03,2026-01-04 18:20:03.668429034,230,261,0.35,8.31,4,2
2026-01-08 05:17:03,2026-01-08 06:09:12.631150314,30,168,0.58,7.09,1,2
2026-01-28 18:42:53,2026-01-28 19:03:57.663171602,159,204,0.22,0.5,2,2
2026-01-23 12:41:29,2026-01-23 12:43:40.759036988,171,256,3.16,19.82,3,1
2026-01-04 02:41:39,2026-01-04 02:45:24.556326996,170,260,0.25,9.39,1,1
2026-01-12 22:21:48,2026-01-12 22:23:28.527586860,162,10,1.47,1.67,3,2
2026-01-09 04:49:03,2026-01-09 04:56:03.147503364,225,198,7.26,16.8,1,1
2026-01-06 12:18:25,2026-01-06 12:40:14.606597554,68,257,0.41,23.28,1,2
2026-01-27 05:46:48,2026-01-27 06:38:41.141854554,100,241,2.66,35.58,4,1
2026-01-20 03:34:38,2026-01-20 03:38:25.979855168,261,107,2.67,1.6,3,2
2026-01-06 13:32:31,2026-01-06 13:46:54.607968898,214,30,1.43,5.19,3,1
2026-01-21 04:07:01,2026-01-21 04:09:21.261270004,102,93,1.25,0.89,3,1
2026-01-13 19:41:40,2026-01-13 19:45:01.703923492,203,176,2.67,31.83,3,2
2026-01-02 21:44:19,2026-01-02 21:47:49.298064213,58,208,1.45,6.51,4,2
2026-01-14 22:41:43,2026-01-14 22:48:19.936803592,134,254,8.12,2.79,2,2
2026-01-06 17:48:45,2026-01-06 18:22:25.397599236,3,113,2.08,8.27,4,1
2026-01-08 14:28:21,2026-01-08 14:37:19.283801106,228,134,0.76,10.78,2,1
2026-01-28 05:58:28,2026-01-28 06:09:43.021674538,215,20,0.1,5.03,1,1
2026-01-23 00:25:20,2026-01-23 00:29:13.837876142,8,138,1.05,45.07,4,2
2026-01-05 03:45:50,2026-01-05 04:09:54.065424595,4,135,0.57,40.67,2,1
2026-01-27 09:23:34,2026-01-27 09:41:22.437393700,27,77,1.3,0.03,2,2
2026-01-18 19:17:04,2026-01-18 19:21:30.815514064,113,213,0.97,10.27,3,2
2026-01-28 02:41:02,2026-01-28 02:42:02.000000000,192,225,0.86,47.93,3,2
2026-01-24 03:49:26,2026-01-24 03:52:12.688771310,84,49,1.2,3.79,1,2
2026-01-11 12:27:20,2026-01-11 12:42:22.232477624,244,77,0.49,8.2,1,2
2026-01-17 13:56:31,2026-01-17 14:29:17.011573792,126,238,1.29,3.21,1,2
2026-01-17 10:57:09,2026-01-17 10:59:25.183948764,50,195,2.98,4.18,2,1
2026-01-23 07:38:11,2026-01-23 07:39:27.265160713,243,173,6.68,23.37,2,2
2026-01-08 16:48:51,2026-01-08 16:50:49.897895712,160,259,0.46,7.08,3,2
2026-01-11 07:49:03,2026-01-11 07:56:27.787505790,252,179,2.02,16.53,4,2
2026-01-08 14:07:42,2026-01-08 14:18:57.808257090,202,150,1.54,38.64,3,2
2026-01-10 04:19:49,2026-01-10 04:26:20.516741116,53,25,1.32,0.47,2,1
2026-01-05 23:58:22,2026-01-06 00:05:36.873571756,72,212,1.35,9.36,3,2
2026-01-02 03:11:25,2026-01-02 03:16:19.201910752,112,206,1.79,21.42,1,1
2026-01-30 03:22:26,2026-01-30 03:29:06.168948518,110,41,4.92,6.09,1,2
2026-01-03 07:17:26,2026-01-03 07:18:33.424132862,4,245,0.49,18.8,1,2
2026-01-28 12:39:49,2026-01-28 13:15:49.881579532,103,152,5.7,19.55,2,2
2026-01-01 02:17:23,2026-01-01 02:44:01.640111882,37,263,2.17,0.58,1,1
2026-01-25 02:21:17,2026-01-25 02:29:06.851697584,49,41,1.93,1.63,3,2
2026-01-11 04:19:57,2026-01-11 04:22:30.889197756,163,123,0.62,2.12,4,2
2026-01-17 01:08:24,2026-01-17 01:15:45.966550164,193,27,1.07,2.34,3,2
2026-01-09 17:58:20,2026-01-09 18:27:58.005019322,75,203,5.73,7.63,2,1
2026-01-16 05:00:44,2026-01-16 05:02:00.264398893,76,223,1.63,3.21,1,1
2026-01-14 23:57:43,2026-01-15 00:15:47.899564846,116,260,0.7,17.11,4,2
2026-01-17 10:07:50,2026-01-17 10:08:50.000000000,18,231,1.23,4.66,4,1
2026-01-13 04:36:08,2026-01-13 04:41:09.492995090,212,218,0.55,30.07,1,1
2026-01-17 15:12:23,2026-01-17 15:18:24.726233852,82,64,0.94,18.7,4,1
2026-01-26 14:08:27,2026-01-26 14:13:29.176849602,171,7,1.05,5.61,1,2
2026-01-14 11:18:53,2026-01-14 11:44:02.060446754,166,145,3.92,25.14,2,2
2026-01-12 04:51:47,2026-01-12 05:06:21.263116244,149,26,3.17,11.96,4,1
2026-01-05 02:01:32,2026-01-05 02:18:17.740274360,26,119,1.38,6.96,2,1
2026-01-12 03:37:48,2026-01-12 03:41:59.758793166,223,115,4.76,7.48,4,1
2026-01-04 21:29:38,2026-01-04 21:37:45.084782510,82,263,7.28,32.41,1,1
2026-01-06 15:46:55,2026-01-06 15:51:44.757759112,186,215,0.19,20.67,2,1
2026-01-30 12:28:25,2026-01-30 12:51:00.165954040,79,18,0.17,32.25,2,1
2026-01-03 18:31:27,2026-01-03 18:45:11.115875334,147,64,3.82,5.53,2,1
2026-01-15 22:37:51,2026-01-15 22:45:31.911503280,201,169,7.38,3.87,3,2
2026-01-26 20:43:10,2026-01-26 21:01:53.089243018,245,100,1.57,0.99,1,1
2026-01-30 13:11:05,2026-01-30 13:33:45.717554834,184,228,0.82,14.02,1,1
2026-01-05 13:09:18,2026-01-05 13:15:28.614146172,14,103,2.41,5.47,2,1
2026-01-06 01:42:04,2026-01-06 02:06:02.207519296,81,134,2.2,2.06,3,1
2026-01-12 13:12:43,2026-01-12 13:18:51.627884236,165,135,0.93,2.77,2,1
2026-01-18 04:29:09,2026-01-18 04:32:21.153703692,98,18,1.28,7.89,3,2
2026-01-30 18:05:48,2026-01-30 18:06:48.000000000,257,71,0.1,26.53,1,2
2026-01-07 10:32:29,2026-01-07 10:33:35.060499272,258,46,3.14,7.41,4,1
2026-01-06 02:18:35,2026-01-06 02:43:06.099092210,231,124,2.77,5.69,1,2
2026-01-08 20:22:09,2026-01-08 20:50:09.825250554,201,57,3.84,14.87,4,1
2026-01-28 02:29:37,2026-01-28 02:35:43.239151756,259,18,0.68,0.92,3,1
2026-01-01 22:21:38,2026-01-01 22:25:03.531182666,178,218,4.24,7.94,4,2
2026-01-12 18:49:09,2026-01-12 19:16:49.113908790,39,169,1.92,7.47,4,2
2026-01-04 16:30:04,2026-01-04 16:47:24.928440106,173,244,4.99,12.02,1,1
2026-01-05 20:51:44,2026-01-05 21:24:42.566027816,113,128,1.92,0.6,1,2
2026-01-29 10:08:06,2026-01-29 10:27:46.866386046,215,264,0.56,3.51,1,2
2026-01-01 01:14:10,2026-01-01 01:29:50.763416176,200,116,2.27,19.44,2,2
2026-01-10 23:13:13,2026-01-10 23:19:05.857985962,197,43,1.22,7.47,3,2
2026-01-29 09:04:32,2026-01-29 09:33:49.295245184,254,12,0.96,61.66,4,1
2026-01-19 20:26:53,2026-01-19 20:33:33.866554406,111,206,1.21,11.62,1,2
2026-01-03 05:23:09,2026-01-03 05:25:13.455241644,198,6,2.31,2.12,3,1
2026-01-15 09:58:13,2026-01-15 11:06:20.312129272,111,10,1.03,0.8,2,1
2026-01-31 02:23:01,2026-01-31 02:35:59.490921682,182,112,2.55,-5.0,2,1
2026-01-13 09:56:08,2026-01-13 10:00:16.465289150,19,23,2.28,2.64,3,2
2026-01-17 09:18:06,2026-01-17 09:44:23.870166762,51,111,0.11,6.46,4,1
2026-01-17 11:43:23,2026-01-17 12:01:29.990442398,27,217,1.06,13.11,3,2
2026-01-21 11:22:21,2026-01-21 11:27:04.991016192,51,184,0.83,18.23,2,2
2026-01-06 19:18:20,2026-01-06 19:21:50.961968978,199,177,6.34,26.65,1,1
2026-01-27 00:43:30,2026-01-27 01:01:10.875376500,221,215,0.18,3.1,1,1
2026-01-31 15:31:16,2026-01-31 15:40:09.848413096,248,132,1.34,2.29,4,2
2026-01-05 10:03:35,2026-01-05 10:13:35.306537390,106,181,1.38,18.63,4,2
2026-01-26 08:49:15,2026-01-26 08:50:15.000000000,62,35,1.21,7.7,4,2
2026-01-26 07:46:50,2026-01-26 07:56:14.845133738,257,209,0.21,1.4,2,2
2026-01-23 23:45:40,2026-01-23 23:52:10.401076330,204,246,10.26,12.23,2,1
2026-01-12 11:55:56,2026-01-12 12:00:54.907104356,173,21,1.09,1.58,2,2
2026-01-15 12:45:24,2026-01-15 13:10:17.283438426,245,262,3.81,3.65,2,1
2026-01-27 00:22:23,2026-01-27 00:42:36.708444488,17,7,0.2,5.17,1,1
2026-01-05 17:44:26,2026-01-05 17:49:20.114013218,33,170,4.53,0.84,3,1
2026-01-26 16:35:10,2026-01-26 16:36:56.869313146,43,222,0.08,12.73,3,2
2026-01-29 12:58:31,2026-01-29 13:06:01.103290648,36,114,1.58,36.54,1,2
2026-01-22 03:18:37,2026-01-22 03:22:58.921742272,104,22,4.1,4.37,3,2
2026-01-11 13:59:31,2026-01-11 14:29:40.579462246,46,53,0.2,15.94,2,2
2026-01-18 08:00:30,2026-01-18 08:42:39.727814232,78,118,4.14,15.24,4,2
2026-01-02 13:16:45,2026-01-02 13:57:39.519156354,148,202,1.63,27.48,4,1
2026-01-29 21:15:43,2026-01-29 21:17:52.857151570,180,166,1.47,11.77,4,2
2026-01-11 14:44:54,2026-01-11 14:51:16.198672464,201,242,1.93,8.67,4,2
2026-01-02 18:28:52,2026-01-02 18:30:40.637274490,221,135,1.85,4.73,4,1
2026-01-25 15:04:33,2026-01-25 15:13:47.700975858,126,157,0.75,0.11,2,1
2026-01-21 09:13:24,2026-01-21 09:22:57.437792976,170,219,1.8,11.43,4,1
2026-01-20 07:17:43,2026-01-20 07:23:51.209278540,95,261,0.31,3.83,3,2
2026-01-02 16:14:52,2026-01-02 16:47:11.066628712,136,199,4.77,17.72,4,1
2026-01-24 06:37:26,2026-01-24 06:40:33.156298034,145,142,0.17,8.27,1,2
2026-01-20 18:09:51,2026-01-20 18:19:10.496168160,202,159,0.57,3.27,3,1
2026-01-25 14:27:53,2026-01-25 14:40:20.498480618,224,115,0.6,32.31,1,1
2026-01-26 15:32:00,2026-01-26 15:33:07.490062038,133,112,0.54,16.95,2,1
2026-01-07 13:41:39,2026-01-07 14:51:48.723007164,208,251,6.52,8.04,2,2
2026-01-07 12:42:57,2026-01-07 12:48:27.143485446,172,232,0.56,29.98,4,1
2026-01-29 15:17:41,2026-01-29 15:18:41.000000000,43,22,1.84,15.04,4,1
2026-01-17 11:05:01,2026-01-17 11:14:31.606287621,237,261,1.39,17.0,1,2
2026-01-14 13:51:51,2026-01-14 14:02:17.011062234,234,207,0.57,52.76,4,2
2026-01-09 21:40:41,2026-01-09 21:50:35.284782254,243,200,2.65,10.08,2,1
2026-01-20 19:25:34,2026-01-20 19:36:06.141704769,91,57,3.36,10.8,4,1
2026-01-24 08:56:42,2026-01-24 09:16:33.423045114,8,225,3.67,4.04,4,1
2026-01-01 01:43:03,2026-01-01 01:52:27.914924886,59,10,0.48,0.6,1,2
2026-01-18 03:09:45,2026-01-18 03:21:36.480441402,230,26,4.43,14.69,4,1
2026-01-31 19:03:58,2026-01-31 19:10:51.242516578,74,199,1.12,42.23,2,1
2026-01-09 16:47:46,2026-01-09 17:00:06.973753894,166,97,4.23,11.57,4,2
2026-01-09 16:59:12,2026-01-09 17:15:47.045135040,250,65,0.79,13.85,2,2
2026-01-28 05:19:44,2026-01-28 05:29:25.526594096,177,143,0.54,15.24,1,2
2026-01-02 22:10:29,2026-01-02 22:30:16.581290804,68,182,3.04,3.17,4,2
2026-01-13 07:45:20,2026-01-13 08:42:27.167633162,27,38,8.52,8.34,3,1
2026-01-15 04:56:49,2026-01-15 05:11:02.959235614,111,76,0.7,3.95,4,2
2026-01-25 17:37:20,2026-01-25 17:43:43.413417242,83,53,0.71,1.42,4,1
2026-01-04 23:59:54,2026-01-05 00:34:08.315781894,61,21,8.77,41.1,2,1
2026-01-14 10:56:23,2026-01-14 11:00:08.412439172,72,22,4.73,0.28,3,2
2026-01-05 17:19:51,2026-01-05 17:34:47.331436944,221,21,6.57,15.92,3,1
2026-01-25 10:00:02,2026-01-25 10:19:12.830513174,27,95,3.2,8.44,1,1
2026-01-20 14:25:06,2026-01-20 14:43:40.715684904,115,29,5.42,7.71,4,1
2026-01-16 09:34:23,2026-01-16 09:47:15.553219460,83,220,4.38,4.91,2,1
2026-01-13 04:20:16,2026-01-13 04:21:16.000000000,227,67,5.46,4.24,3,2
2026-01-05 17:57:42,2026-01-05 18:00:15.718245984,187,210,1.91,10.84,3,1
2026-01-29 13:51:29,2026-01-29 14:07:07.595480474,157,184,0.76,14.23,1,2
2026-01-21 01:51:36,2026-01-21 01:58:16.862764002,52,52,1.52,132.96,4,1
2026-01-10 21:27:08,2026-01-10 21:35:15.015216074,107,164,1.01,21.44,1,1
2026-01-13 19:58:09,2026-01-13 20:05:42.104785314,137,19,1.76,1.59,2,2
2026-01-23 12:16:40,2026-01-23 12:26:33.304039624,31,242,0.18,5.54,1,2
2026-01-23 07:21:22,2026-01-23 07:26:28.430324590,162,155,2.76,2.71,4,1
2026-01-15 07:03:28,2026-01-15 07:04:56.362468942,76,18,2.26,13.67,2,1
2026-01-10 09:21:28,2026-01-10 09:30:26.037608770,44,127,5.48,1.5,4,2
2026-01-21 11:00:13,2026-01-21 11:01:13.000000000,182,216,2.84,0.51,4,2
2026-01-21 09:43:31,2026-01-21 09:50:05.640778660,23,35,2.32,2.77,4,1
2026-01-19 14:10:24,2026-01-19 14:15:56.722497396,138,15,0.22,0.99,4,1
2026-01-03 06:12:07,2026-01-03 06:23:17.849457346,93,173,0.65,10.87,4,1
2026-01-15 15:45:04,2026-01-15 15:59:21.829564528,140,232,0.82,26.95,3,1
2026-01-20 00:45:21,2026-01-20 00:46:21.000000000,244,10,1.31,13.58,2,1
2026-01-30 10:50:43,2026-01-30 11:03:38.002608796,79,218,0.65,1.04,1,1
2026-01-17 07:01:08,2026-01-17 07:06:09.521607212,191,98,3.66,0.94,1,2
2026-01-11 14:58:44,2026-01-11 15:02:43.329823754,92,37,1.21,41.28,1,1
2026-01-18 05:30:36,2026-01-18 05:41:58.307448648,190,24,0.94,0.24,1,2
,2026-01-06 11:52:47.000000000,114,221,1.43,10.98,4,2
2026-01-03 19:28:38,2026-01-03 19:37:06.070481756,110,131,0.36,19.68,1,1
2026-01-22 00:30:07,2026-01-22 00:31:07.000000000,232,24,0.31,0.48,1,1
2026-01-31 13:43:13,2026-01-31 13:51:03.237559258,102,41,3.43,7.42,1,2
2026-01-27 05:25:46,2026-01-27 05:45:37.585979920,181,101,1.15,5.96,4,1
2026-01-19 02:14:39,2026-01-19 02:47:46.195710780,174,5,1.44,14.45,2,1
2026-01-02 05:56:55,2026-01-02 05:57:55.000000000,3,66,1.3,9.26,3,2
2026-01-31 15:03:01,2026-01-31 15:08:08.527650952,126,243,5.12,39.02,3,1
2026-01-14 22:31:36,2026-01-14 22:41:46.357086996,249,176,0.7,21.64,3,1
2026-01-09 23:30:34,2026-01-09 23:47:32.707971382,15,210,0.43,26.38,1,1
2026-01-28 16:00:39,2026-01-28 16:10:32.066723100,165,135,2.39,3.92,3,2
2026-01-24 03:19:25,2026-01-24 03:32:40.966500052,215,90,0.2,2.78,1,1
2026-01-24 05:42:58,2026-01-24 05:57:37.662650692,26,99,4.52,10.83,4,2
2026-01-09 14:38:53,2026-01-09 14:40:41.302870214,29,150,0.14,4.7,3,1
2026-01-31 17:54:17,2026-01-31 18:02:26.032071512,112,125,1.92,12.61,1,1
2026-01-15 00:56:00,2026-01-15 01:22:44.484637002,145,91,0.81,9.95,1,1
2026-01-17 11:22:18,2026-01-17 11:35:24.793974876,19,67,3.67,14.1,1,2
2026-01-24 06:42:44,2026-01-24 06:51:48.300462836,232,222,1.52,1.59,1,1
2026-01-21 11:02:12,2026-01-21 11:23:02.575791960,141,109,0.16,3.05,4,2
2026-01-06 08:10:53,2026-01-06 08:47:23.622813986,237,139,2.08,15.16,4,2
2026-01-10 09:02:43,2026-01-10 09:04:54.388330132,122,214,2.36,14.6,4,2
2026-01-12 04:43:19,2026-01-12 04:54:47.417182636,97,148,1.03,10.07,2,1
2026-01-30 08:57:59,2026-01-30 09:10:47.034979100,24,92,1.84,3.96,4,2
2026-01-23 03:35:32,2026-01-23 03:39:24.136660412,126,103,0.8,1.55,4,2
2026-01-12 08:33:12,2026-01-12 08:34:56.758241466,113,109,0.13,0.09,2,1
2026-01-23 18:38:00,2026-01-23 19:10:05.598743568,14,236,0.15,13.65,2,1
2026-01-23 21:27:07,2026-01-23 21:32:21.734609398,93,138,1.39,3.88,4,1
2026-01-13 05:18:03,2026-01-13 05:38:03.308075286,171,63,1.78,8.73,4,2
2026-01-13 11:56:10,2026-01-13 12:05:28.073601574,161,88,0.62,10.06,2,2
2026-01-28 17:21:16,2026-01-28 17:23:46.970127124,105,140,0.7,2.38,4,1
2026-01-18 09:59:35,2026-01-18 10:00:35.000000000,30,153,0.75,9.11,4,2
2026-01-05 15:14:22,2026-01-05 15:25:04.945428772,50,158,1.25,12.53,1,1
2026-01-23 07:31:05,2026-01-23 07:36:39.107016560,172,168,1.21,14.52,4,1
2026-01-19 06:38:19,2026-01-19 06:39:19.000000000,80,104,2.25,8.59,1,2
2026-01-16 18:38:49,2026-01-16 18:49:48.840345856,33,99,2.13,0.13,4,2
2026-01-23 11:28:39,2026-01-23 11:43:45.608614704,131,119,1.06,9.95,3,2
2026-01-29 02:52:20,2026-01-29 03:16:55.491919478,232,161,8.8,1.74,2,1
2026-01-11 05:50:40,2026-01-11 06:01:11.510432326,260,6,1.64,11.84,3,2
2026-01-13 23:57:35,2026-01-14 00:02:23.470385684,200,171,0.96,27.06,1,2
2026-01-06 20:59:03,2026-01-06 21:29:58.753681104,225,261,2.13,9.26,3,1
2026-01-21 01:25:17,2026-01-21 01:45:28.251287816,84,95,0.36,4.87,1,1
2026-01-13 11:37:08,2026-01-13 12:11:48.592314866,106,133,0.02,5.09,4,1
2026-01-11 14:43:03,2026-01-11 14:44:51.617245278,77,147,0.72,8.33,2,2
2026-01-22 14:12:47,2026-01-22 14:16:28.533783002,59,172,2.04,32.24,3,1
2026-01-13 15:40:06,2026-01-13 15:41:06.000000000,254,106,0.91,4.09,2,2
2026-01-15 09:29:22,2026-01-15 09:56:00.251667688,64,129,4.11,6.34,2,1
2026-01-14 15:23:50,2026-01-14 15:45:41.166048506,228,192,4.16,12.52,3,2
2026-01-09 00:21:08,2026-01-09 01:11:40.288665607,61,140,0.22,7.65,4,1
2026-01-04 21:36:01,2026-01-04 21:40:02.485360102,198,207,8.5,2.31,1,2
2026-01-26 15:27:42,2026-01-26 15:28:42.000000000,193,42,4.45,0.09,3,2
2026-01-03 20:14:32,2026-01-03 20:16:42.581632928,98,21,2.38,33.65,2,2
2026-01-11 01:42:35,2026-01-11 01:47:24.432437882,206,27,0.04,2.41,1,1
2026-01-21 16:36:45,2026-01-21 16:47:01.469408562,79,207,2.94,25.08,4,1
2026-01-05 01:41:00,2026-01-05 01:42:18.595363626,8,123,1.03,9.51,1,2
2026-01-21 07:42:18,2026-01-21 07:51:57.940698750,209,154,4.02,7.79,2,2
2026-01-23 17:24:04,2026-01-23 17:25:04.000000000,152,124,3.1,53.99,1,2
2026-01-21 13:12:17,2026-01-21 13:16:54.595067054,218,82,2.61,13.07,2,2
2026-01-10 10:56:39,2026-01-10 11:15:40.256020854,186,146,4.9,31.08,3,2
2026-01-01 14:42:22,2026-01-01 15:22:12.698560264,19,137,5.02,4.14,4,1
2026-01-28 12:11:24,2026-01-28 12:14:44.547087348,98,198,0.78,5.36,2,2
2026-01-11 02:57:03,2026-01-11 03:18:46.355176206,113,159,0.23,7.25,2,2
2026-01-25 22:55:28,2026-01-25 23:01:48.529859452,66,2,0.59,20.98,1,2
2026-01-07 03:10:13,2026-01-07 03:19:41.823337852,162,190,1.68,3.12,3,2
2026-01-06 00:50:00,2026-01-06 01:09:35.859007776,210,166,0.12,10.03,1,2
2026-01-25 02:56:40,2026-01-25 03:02:58.258535356,242,50,0.51,2.01,4,1
2026-01-30 03:09:38,2026-01-30 03:16:34.488039056,132,114,4.32,36.01,4,2
2026-01-27 16:18:32,2026-01-27 16:22:37.332758198,97,260,2.3,5.49,2,1
2026-01-24 06:55:37,2026-01-24 06:59:43.189295062,6,246,0.18,20.16,2,1
2026-01-08 15:31:48,2026-01-08 16:10:33.221001402,12,256,0.81,1.49,3,1
2026-01-29 07:25:43,2026-01-29 07:55:21.520432492,54,166,4.45,6.55,1,2
2026-01-21 16:52:47,2026-01-21 16:53:47.000000000,204,149,0.16,11.61,2,1
2026-01-06 08:05:25,2026-01-06 08:07:50.339434948,226,45,3.08,7.4,4,1
2026-01-05 00:14:45,2026-01-05 00:17:58.370238966,150,68,0.07,2.46,3,2
2026-01-28 00:08:39,2026-01-28 00:10:54.957674022,233,91,0.38,3.87,3,2
2026-01-09 12:42:48,2026-01-09 12:47:38.158396518,227,259,2.63,0.95,1,1
2026-01-24 17:49:26,2026-01-24 17:53:51.325497152,182,231,0.81,34.67,3,1
2026-01-05 07:09:32,2026-01-05 07:26:24.282971414,52,191,2.87,2.04,4,2
2026-01-09 16:43:15,2026-01-09 17:09:58.926856668,217,46,6.19,4.57,2,2
2026-01-09 18:56:22,2026-01-09 18:59:54.471551644,241,124,2.3,10.38,1,1
2026-01-09 17:08:29,2026-01-09 17:31:13.445553854,221,228,15.22,2.65,2,1
2026-01-21 22:00:14,2026-01-21 22:10:41.156749946,130,93,2.47,22.77,4,1
2026-01-29 08:18:19,2026-01-29 08:28:35.516098054,184,52,2.18,4.77,4,1
2026-01-29 05:16:59,2026-01-29 05:17:59.000000000,215,146,1.84,30.22,1,2
2026-01-23 23:42:48,2026-01-23 23:48:01.020741894,192,104,0.23,9.52,3,1
2026-01-07 06:40:36,2026-01-07 06:41:36.000000000,56,214,1.96,4.54,4,1
2026-01-30 18:40:17,2026-01-30 18:42:59.674910354,189,157,5.56,1.49,2,1
2026-01-17 19:18:24,2026-01-17 19:36:24.283053702,188,71,0.58,2.8,2,2
2026-01-17 22:11:57,2026-01-17 22:12:57.000000000,2,229,0.45,28.52,4,1
2026-01-22 17:50:05,2026-01-22 17:51:05.000000000,7,74,1.09,2.03,3,2
2026-01-24 20:12:25,2026-01-24 20:15:03.565939390,88,106,2.51,47.72,1,2
2026-01-30 12:58:27,2026-01-30 13:11:59.082327870,124,64,0.28,6.19,4,2
2026-01-19 01:17:25,2026-01-19 01:19:23.144720968,19,43,4.63,0.55,4,2
2026-01-19 21:53:05,2026-01-19 22:01:42.266801114,74,86,0.68,6.12,1,2
2026-01-24 02:40:21,2026-01-24 02:58:27.398019864,83,219,1.28,16.04,3,2
2026-01-08 21:47:58,2026-01-08 21:56:12.283025368,176,111,4.07,4.07,3,2
2026-01-10 12:56:18,2026-01-10 13:25:33.072163193,236,170,0.17,2.43,2,1
2026-01-20 09:21:20,2026-01-20 09:28:05.738930492,231,244,2.91,40.72,2,2
2026-01-02 23:42:41,2026-01-02 23:53:11.105312510,85,230,1.64,18.0,4,2
2026-01-10 22:26:43,2026-01-10 22:36:03.144753688,94,178,2.24,10.22,2,1
2026-01-23 06:11:19,2026-01-23 06:58:09.636310978,131,7,1.61,17.39,3,2
2026-01-31 06:14:22,2026-01-31 06:21:23.843578906,40,255,2.73,23.11,2,1
2026-01-17 02:30:18,2026-01-17 02:31:40.246453452,196,236,2.0,26.15,1,2
2026-01-13 09:21:32,2026-01-13 09:50:33.429059618,118,1,2.43,19.85,3,2
2026-01-14 15:38:24,2026-01-14 16:19:48.703189506,238,251,1.63,6.7,2,2
2026-01-22 05:57:29,2026-01-22 06:03:24.238430024,188,208,4.97,15.85,1,2
2026-01-17 21:05:21,2026-01-17 21:18:16.264105272,234,18,2.43,8.43,4,1
2026-01-01 17:16:52,2026-01-01 17:17:52.000000000,23,14,0.51,18.75,1,2
2026-01-17 17:11:40,2026-01-17 17:12:40.000000000,198,132,1.46,31.36,3,2
2026-01-13 09:38:44,2026-01-13 09:39:44.000000000,27,155,0.7,0.95,3,1
2026-01-22 17:23:47,2026-01-22 17:42:21.711479078,176,86,7.68,38.87,4,1
2026-01-28 03:04:48,2026-01-28 03:08:41.651349030,217,4,2.41,51.11,1,2
2026-01-30 20:03:42,2026-01-30 20:09:32.363820216,121,169,3.83,2.7,1,1
2026-01-19 22:00:33,2026-01-19 22:55:17.118865722,53,70,0.1,14.51,3,1
2026-01-12 05:44:46,2026-01-12 05:45:46.000000000,55,258,1.24,33.78,3,2
2026-01-14 18:17:36,2026-01-14 18:45:01.129290282,90,223,0.24,5.91,1,1
2026-01-06 11:17:14,2026-01-06 11:18:14.000000000,129,89,3.41,0.45,1,2
2026-01-30 00:20:14,2026-01-30 00:30:32.824377482,195,210,0.17,29.82,4,2
2026-01-27 06:23:59,2026-01-27 06:30:28.907391014,40,40,0.05,6.81,2,2
2026-01-27 11:21:51,2026-01-27 11:23:58.081689924,196,89,0.3,25.7,3,2
2026-01-11 04:07:25,2026-01-11 04:15:40.457330319,71,92,0.55,6.25,1,1
2026-01-10 23:43:42,2026-01-10 23:45:34.646145102,203,168,1.59,57.94,4,1
2026-01-27 13:19:13,2026-01-27 13:26:01.250456122,176,88,0.1,6.09,1,1
2026-01-17 21:08:38,2026-01-17 21:11:00.750889736,148,262,5.35,5.94,3,2
2026-01-22 20:15:50,2026-01-22 20:25:20.157363433,183,23,1.39,14.91,3,2
2026-01-16 04:25:45,2026-01-16 04:27:14.995531008,236,38,0.18,25.46,2,2
2026-01-14 17:25:15,2026-01-14 18:13:40.189463904,195,100,0.77,12.88,3,1
2026-01-20 14:21:31,2026-01-20 14:27:50.019788980,261,257,0.46,5.77,3,1
2026-01-26 04:51:28,2026-01-26 04:59:08.666477932,173,12,2.34,7.79,2,1
2026-01-11 08:34:43,2026-01-11 08:42:40.312828402,79,6,3.55,6.48,4,2
2026-01-26 02:00:14,2026-01-26 02:16:16.407250496,77,173,0.02,19.99,1,2
2026-01-08 13:41:18,2026-01-08 13:56:30.397510182,225,162,1.06,22.18,1,2
2026-01-13 11:42:13,2026-01-13 12:08:57.043880422,117,15,0.05,1.44,3,1
2026-01-29 07:01:40,2026-01-29 07:04:12.330157102,164,98,4.67,2.31,4,1
2026-01-30 14:06:47,2026-01-30 14:10:22.430217194,34,109,0.33,13.72,1,1
2026-01-29 15:21:45,2026-01-29 15:35:38.567437788,140,44,1.77,44.47,1,1
2026-01-10 19:08:12,2026-01-10 19:15:19.141801722,14,162,0.26,10.33,4,1
2026-01-27 03:25:56,2026-01-27 03:51:34.165620380,164,126,0.4,8.19,1,1
2026-01-30 00:26:56,2026-01-30 00:39:19.004326934,149,145,0.88,7.59,1,2
2026-01-31 07:47:02,2026-01-31 07:48:02.000000000,251,35,0.12,26.98,2,2
2026-01-01 15:33:07,2026-01-01 16:23:40.224667257,261,107,1.53,35.97,1,1
2026-01-24 02:16:25,2026-01-24 02:23:49.601957026,51,86,0.22,18.09,4,2
2026-01-31 21:34:43,2026-01-31 21:35:43.000000000,106,179,2.58,0.23,1,2
2026-01-24 16:54:44,2026-01-24 16:56:28.539284876,69,152,1.07,17.93,4,1
2026-01-08 05:28:54,2026-01-08 05:36:28.889659356,132,86,2.58,0.03,3,1
2026-01-24 15:22:01,2026-01-24 15:24:31.320256329,62,17,3.54,32.67,4,2
2026-01-04 06:18:06,2026-01-04 06:43:34.771892280,177,245,5.21,26.59,4,1
2026-01-15 21:34:19,2026-01-15 21:41:37.788238018,196,53,1.16,28.54,1,1
2026-01-20 09:54:48,2026-01-20 10:03:34.806768870,159,20,1.41,3.75,3,1
2026-01-15 03:36:01,2026-01-15 03:37:36.220760326,19,71,3.18,18.88,2,1
2026-01-22 16:40:34,2026-01-22 17:10:04.541335096,207,68,3.42,51.18,3,1
2026-01-08 10:43:42,2026-01-08 10:51:32.871014634,200,234,0.54,3.37,2,1
2026-01-19 19:01:41,2026-01-19 19:08:48.167442704,167,232,3.19,0.36,2,1
2026-01-20 23:44:43,2026-01-20 23:49:00.172518358,170,219,0.17,3.33,2,1
2026-01-20 15:32:39,2026-01-20 15:40:48.750940470,190,202,6.45,20.09,1,1
2026-01-09 23:15:15,2026-01-09 23:46:07.597939200,155,263,1.52,4.85,1,2
2026-01-10 11:12:14,2026-01-10 11:17:46.880169392,228,227,6.4,1.24,3,1
2026-01-08 23:48:34,2026-01-09 00:07:49.528931758,84,76,0.43,23.14,1,1
2026-01-15 07:33:43,2026-01-15 08:00:37.338995122,120,20,1.75,6.56,2,2
2026-01-19 03:57:18,2026-01-19 04:21:21.238758348,31,37,0.1,15.91,4,2
2026-01-12 05:43:36,2026-01-12 05:53:08.561396478,65,118,0.88,23.3,2,1
2026-01-13 17:01:36,2026-01-13 17:06:11.270961930,138,230,6.95,3.12,2,1
2026-01-09 21:05:24,2026-01-09 21:27:05.902748112,240,235,6.7,19.97,4,2
2026-01-07 18:49:45,2026-01-07 19:08:47.520932616,233,79,3.8,44.85,4,1
2026-01-21 09:08:02,2026-01-21 09:20:17.938187282,187,85,1.51,0.12,3,2
2026-01-26 07:08:44,2026-01-26 07:10:37.692403868,236,227,2.06,18.83,4,2
2026-01-10 00:17:02,2026-01-10 00:23:22.499167148,10,253,2.93,2.5,4,2
2026-01-27 16:15:50,2026-01-27 16:40:23.375342816,100,240,3.48,10.54,4,2
2026-01-18 16:48:27,2026-01-18 16:52:32.856342660,19,94,0.95,29.88,3,1
2026-01-06 04:46:06,2026-01-06 04:53:39.530455644,35,174,2.92,2.92,4,1
2026-01-12 08:18:11,2026-01-12 08:19:11.000000000,79,182,1.35,18.56,2,1
2026-01-01 05:35:06,2026-01-01 05:41:48.470059506,168,104,0.06,4.27,4,2
2026-01-02 05:08:31,2026-01-02 05:16:18.971598940,91,251,1.71,1.25,4,2
2026-01-11 10:04:50,2026-01-11 10:06:02.764113824,62,163,0.1,21.84,4,1
2026-01-15 02:07:12,2026-01-15 02:10:41.921197746,100,202,1.85,23.29,2,2
2026-01-25 17:20:53,2026-01-25 17:25:55.940116304,72,26,1.13,28.45,4,2
2026-01-05 03:55:15,2026-01-05 04:25:12.681634680,168,15,1.96,4.65,1,2
2026-01-27 00:20:43,2026-01-27 00:28:04.390998328,104,112,2.22,39.79,3,2
2026-01-08 06:29:05,2026-01-08 06:30:05.000000000,260,33,4.42,29.51,2,2
2026-01-05 06:55:00,2026-01-05 06:57:18.524063430,19,184,1.26,14.94,1,2
2026-01-22 16:43:12,2026-01-22 16:59:52.549831518,114,252,2.02,3.41,2,1
2026-01-25 00:06:21,2026-01-25 00:09:55.218543816,50,26,10.33,7.68,2,1
2026-01-19 18:03:16,2026-01-19 18:31:55.541314516,263,264,0.45,2.88,2,1
2026-01-04 14:05:02,2026-01-04 14:10:10.330077721,99,244,2.61,14.7,2,1
2026-01-04 13:48:59,2026-01-04 14:02:06.702879200,242,174,2.61,7.12,1,1
2026-01-13 02:12:23,2026-01-13 02:17:37.386910130,183,228,2.54,42.17,3,2
2026-01-14 23:14:47,2026-01-14 23:32:06.596367716,165,45,0.27,13.09,3,1
2026-01-31 22:57:55,2026-01-31 23:05:32.126622958,145,114,5.28,17.79,2,2
2026-01-09 21:08:14,2026-01-09 21:12:34.586768972,142,91,4.26,31.43,1,2
2026-01-06 23:17:15,2026-01-06 23:21:49.615183026,95,112,9.9,1.58,1,2
2026-01-30 07:45:02,2026-01-30 07:46:10.208728166,39,115,1.05,0.49,2,2
2026-01-05 18:32:56,2026-01-05 18:41:00.276249487,74,143,2.27,43.4,4,2
2026-01-01 19:38:36,2026-01-01 19:39:36.000000000,140,146,0.52,1.6,2,1
2026-01-14 02:33:48,2026-01-14 02:46:17.236955988,77,36,4.46,1.56,3,1
2026-01-13 10:24:17,2026-01-13 10:34:12.474111746,75,76,1.09,13.67,3,2
2026-01-20 05:02:00,2026-01-20 05:17:14.203137468,120,7,1.89,2.31,1,2
2026-01-28 05:02:04,2026-01-28 05:04:33.550367284,5,179,0.08,14.15,2,1
2026-01-29 22:04:41,2026-01-29 22:18:28.999822394,145,226,0.24,0.93,1,1
2026-01-09 23:29:28,2026-01-09 23:30:54.434344684,253,31,0.49,43.95,1,1
2026-01-31 09:43:51,2026-01-31 09:46:14.065521816,26,138,0.77,4.21,3,1
2026-01-20 14:41:59,2026-01-20 14:52:42.561344750,164,194,5.1,1.9,4,1
2026-01-03 03:48:45,2026-01-03 03:55:54.425245392,58,37,1.55,17.06,1,1
2026-01-30 02:12:15,2026-01-30 02:26:22.824606702,148,10,1.59,1.09,2,2
2026-01-05 06:40:12,2026-01-05 06:42:01.694960052,184,122,1.74,24.49,2,2
2026-01-19 05:54:54,2026-01-19 06:13:36.314202432,146,84,0.26,12.29,4,2
2026-01-25 12:18:32,2026-01-25 12:19:32.000000000,106,157,4.6,0.57,3,1
2026-01-08 17:34:55,2026-01-08 17:44:29.934995104,53,201,0.12,3.11,4,1
2026-01-09 09:21:01,2026-01-09 09:32:15.650971300,101,153,2.27,12.16,2,1
2026-01-15 18:16:32,2026-01-15 18:29:07.221578234,154,207,4.22,2.74,3,1
2026-01-28 10:19:39,2026-01-28 10:29:04.106647230,148,59,6.6,0.93,2,1
2026-01-07 22:21:39,2026-01-07 22:30:53.772279882,66,46,1.83,69.68,1,2
2026-01-21 13:36:33,2026-01-21 13:57:37.209009318,126,199,0.12,28.6,1,2
2026-01-15 00:43:41,2026-01-15 00:58:07.091859374,256,13,4.06,11.15,2,2
2026-01-04 11:12:45,2026-01-04 11:19:21.796797762,104,169,0.39,1.22,2,1
2026-01-23 00:53:32,2026-01-23 00:58:57.057113294,233,104,1.92,5.89,1,1
2026-01-26 19:24:06,2026-01-26 19:25:06.000000000,53,5,4.13,3.37,2,2
2026-01-18 20:16:18,2026-01-18 20:28:25.112388564,148,83,8.82,8.12,3,1
2026-01-06 11:12:32,2026-01-06 11:26:31.536841988,163,189,1.18,2.2,4,1
2026-01-05 19:51:35,2026-01-05 20:13:20.546545370,143,171,0.51,8.73,4,1
2026-01-14 03:04:50,2026-01-14 03:08:04.342190228,56,122,4.5,10.5,2,2
2026-01-16 16:46:32,2026-01-16 16:56:41.887290578,82,138,2.5,28.93,1,2
2026-01-18 02:49:32,2026-01-18 03:36:08.062954766,88,215,3.33,5.34,4,2
2026-01-08 13:16:48,2026-01-08 13:22:20.367310110,41,70,0.8,0.05,1,1
2026-01-16 12:34:12,2026-01-16 12:45:37.205067036,190,83,1.38,11.86,4,1
2026-01-10 03:32:19,2026-01-10 03:39:54.404444008,6,246,1.19,45.15,1,1
2026-01-22 06:30:18,2026-01-22 06:42:30.312463278,120,174,1.82,20.57,2,2
2026-01-25 16:34:36,2026-01-25 17:05:50.098206150,16,164,1.91,6.07,2,1
2026-01-21 05:35:56,2026-01-21 05:41:22.395551138,205,64,1.3,4.74,4,1
2026-01-01 00:55:40,2026-01-01 01:04:46.325925364,214,16,4.26,1.96,1,1
2026-01-31 18:04:45,2026-01-31 18:07:54.157507338,101,77,7.09,26.66,3,2
2026-01-01 17:40:59,2026-01-01 17:41:59.000000000,141,47,3.31,22.87,3,1
2026-01-31 23:34:11,2026-01-31 23:56:12.602942510,47,159,1.33,16.41,3,1
2026-01-01 23:38:24,2026-01-01 23:58:12.160787040,155,135,8.3,7.89,2,2
2026-01-17 00:14:44,2026-01-17 00:36:01.955469494,9,248,3.78,9.78,4,2
2026-01-04 06:50:32,2026-01-04 06:55:47.244238832,175,20,1.26,22.49,1,1
2026-01-03 22:49:41,2026-01-03 22:58:37.236949202,73,181,0.14,0.88,2,1
2026-01-22 04:26:47,2026-01-22 04:27:47.000000000,12,207,1.28,5.24,4,1
2026-01-23 13:30:55,2026-01-23 13:50:44.229254884,87,72,5.32,1.13,1,2
2026-01-04 15:58:05,2026-01-04 16:02:59.813839934,199,109,11.52,14.9,3,2
2026-01-31 06:38:17,2026-01-31 06:53:59.229329228,232,132,1.78,26.35,3,1
,2026-01-10 22:27:09.121372898,204,217,0.57,2.56,3,2
2026-01-10 20:50:05,2026-01-10 20:51:57.409159808,96,151,0.85,29.33,2,2
2026-01-10 04:57:04,2026-01-10 04:58:04.651263730,152,139,4.37,15.92,4,2
2026-01-15 07:08:21,2026-01-15 07:14:32.514951588,131,119,0.84,0.42,1,1
2026-01-06 12:18:31,2026-01-06 12:25:17.904777610,230,238,1.62,33.64,4,2
2026-01-14 04:02:02,2026-01-14 04:03:02.000000000,226,114,0.53,1.52,4,1
2026-01-07 12:13:34,2026-01-07 12:22:29.704571086,187,163,0.12,3.67,2,2
2026-01-02 14:15:21,2026-01-02 14:29:54.504530322,216,179,0.05,7.13,2,1
2026-01-12 10:20:24,2026-01-12 10:25:23.909630562,178,230,3.45,5.71,3,1
2026-01-21 20:09:53,2026-01-21 20:11:40.264962620,234,250,1.01,25.08,4,2
2026-01-24 15:44:19,2026-01-24 15:52:01.121927464,48,137,1.43,3.97,2,2
2026-01-11 22:52:59,2026-01-11 22:57:37.677051806,51,53,0.27,11.77,1,2
2026-01-11 00:52:01,2026-01-11 00:55:05.641490572,134,229,1.7,6.59,2,1
2026-01-25 09:52:23,2026-01-25 09:56:49.214089712,249,200,3.54,11.64,2,1
2026-01-22 02:48:14,2026-01-22 02:52:18.527019806,259,48,1.91,8.11,2,2
2026-01-26 19:05:50,2026-01-26 19:29:19.222888910,262,171,0.58,3.51,3,1
2026-01-29 02:08:22,2026-01-29 02:11:06.646117078,235,198,1.8,3.55,3,2
2026-01-26 10:59:44,2026-01-26 11:18:03.488586176,162,238,0.65,10.55,1,1
2026-01-30 00:44:43,2026-01-30 01:12:13.776611019,87,84,1.85,10.2,2,1
2026-01-13 21:59:58,2026-01-13 22:06:29.378334022,35,150,0.19,5.68,4,1
2026-01-13 05:38:09,2026-01-13 05:39:21.006354978,208,94,0.67,13.83,3,1
2026-01-10 23:13:47,2026-01-10 23:20:37.259700800,87,74,0.61,3.6,3,2
2026-01-08 07:00:20,2026-01-08 07:01:24.273097526,167,104,2.79,26.39,1,2
2026-01-24 05:07:21,2026-01-24 05:23:18.469666206,238,129,1.38,4.96,4,2
2026-01-23 03:33:06,2026-01-23 03:55:02.389672254,150,85,2.47,11.75,2,2
2026-01-25 20:14:01,2026-01-25 20:21:00.306665914,170,23,2.6,4.03,1,1
2026-01-06 04:32:19,2026-01-06 04:43:00.190871020,233,236,1.28,9.83,1,2
2026-01-16 05:29:43,2026-01-16 05:50:08.448563302,9,118,1.82,5.0,3,2
2026-01-07 21:08:14,2026-01-07 21:28:20.123247206,122,26,0.22,31.75,4,1
2026-01-28 16:24:54,2026-01-28 16:30:33.262557252,125,65,0.36,2.5,4,2
2026-01-09 06:57:14,2026-01-09 07:01:31.466619026,17,162,1.13,14.41,3,2
2026-01-05 11:04:05,2026-01-05 11:59:13.645358114,4,202,1.49,24.34,2,1
2026-01-18 15:58:44,2026-01-18 16:26:44.883932930,15,2,0.5,12.26,1,2
2026-01-28 06:01:37,2026-01-28 06:06:15.171249178,92,14,0.48,21.57,3,1
2026-01-29 09:18:14,2026-01-29 09:20:33.415703246,116,237,0.52,8.8,4,2
2026-01-03 23:29:41,2026-01-03 23:42:46.815528080,140,245,1.44,41.95,3,2
2026-01-11 02:27:53,2026-01-11 02:30:57.271795136,206,160,1.19,11.31,3,2
2026-01-05 18:13:22,2026-01-05 18:20:04.698649516,241,62,0.04,3.59,1,2
2026-01-10 13:03:07,2026-01-10 13:16:34.881699790,139,23,1.34,12.88,1,2
2026-01-17 13:10:37,2026-01-17 13:33:38.701008226,146,55,0.92,8.74,1,2
2026-01-09 16:44:43,2026-01-09 16:56:10.657329190,229,16,0.28,2.77,3,2
2026-01-03 02:14:01,2026-01-03 02:44:05.787072670,84,91,1.9,12.92,2,1
2026-01-16 19:27:43,2026-01-16 19:49:58.319667430,45,208,0.06,20.86,1,2
2026-01-02 15:17:18,2026-01-02 15:45:10.930821186,122,254,4.54,1.92,2,1
2026-01-08 00:39:42,2026-01-08 00:49:37.314961200,202,126,0.67,2.11,3,1
2026-01-01 00:23:09,2026-01-01 00:24:34.547141604,116,195,0.13,1.9,1,2
2026-01-03 16:35:43,2026-01-03 16:39:42.547578658,34,160,0.64,8.02,4,2
2026-01-14 12:37:10,2026-01-14 12:39:12.638921092,257,184,1.74,1.47,3,1
2026-01-27 08:55:51,2026-01-27 09:07:07.265250270,20,101,1.17,26.97,3,2
2026-01-25 00:19:12,2026-01-25 00:22:51.558900378,37,226,0.55,18.94,1,1
2026-01-04 01:31:47,2026-01-04 01:54:35.436524096,216,258,2.73,1.59,1,2
2026-01-02 01:55:11,2026-01-02 02:23:47.685772232,42,246,1.09,15.3,1,2
2026-01-11 11:32:12,2026-01-11 11:33:56.962086174,223,188,0.34,0.51,1,2
2026-01-21 05:16:46,2026-01-21 05:35:20.362749124,225,187,4.17,11.34,4,2
2026-01-24 03:34:08,2026-01-24 03:35:08.000000000,189,39,1.28,14.3,4,1
2026-01-26 12:24:24,2026-01-26 12:27:23.752354008,79,142,0.95,59.67,3,1
2026-01-11 14:36:01,2026-01-11 14:37:01.000000000,178,159,1.23,7.44,4,1
2026-01-06 04:59:33,2026-01-06 05:12:26.836056750,51,171,0.65,2.74,4,2
2026-01-01 19:36:10,2026-01-01 20:00:00.021369784,199,218,1.77,0.23,1,1
2026-01-05 13:15:59,2026-01-05 13:57:51.469911938,218,38,2.76,12.34,4,1
2026-01-03 00:28:49,2026-01-03 00:35:45.079898680,157,235,1.82,10.54,1,1
2026-01-27 16:26:09,2026-01-27 16:45:13.647666246,150,204,0.22,3.66,2,2
2026-01-09 07:41:58,2026-01-09 07:58:43.655406016,250,2,3.16,4.02,3,1
2026-01-26 12:24:16,2026-01-26 12:43:57.416836120,80,239,3.95,12.8,4,1
2026-01-18 03:33:00,2026-01-18 03:54:43.897445364,226,41,0.39,15.53,1,1
2026-01-17 16:58:21,2026-01-17 17:14:38.179544747,184,216,3.55,9.13,1,1
2026-01-15 02:21:58,2026-01-15 02:25:25.437010168,212,103,3.84,3.02,3,2
2026-01-26 09:29:04,2026-01-26 09:34:41.308445350,245,17,0.19,8.91,2,2
2026-01-02 08:19:34,2026-01-02 08:20:38.835654814,7,50,0.42,10.2,1,2
2026-01-03 21:00:37,2026-01-03 21:02:26.731664662,225,138,0.23,2.28,4,2
2026-01-14 03:00:02,2026-01-14 03:01:02.000000000,46,52,1.7,6.14,3,1
2026-01-13 05:29:39,2026-01-13 05:30:39.000000000,243,236,3.06,18.12,4,1
2026-01-17 21:55:26,2026-01-17 21:56:26.000000000,12,115,4.88,6.48,3,2
2026-01-23 20:55:16,2026-01-23 20:59:44.549527492,85,260,3.94,27.95,4,1
2026-01-19 05:08:00,2026-01-19 05:24:14.525133624,57,3,0.63,9.25,4,2
2026-01-08 23:32:39,2026-01-08 23:38:54.395304138,244,66,1.19,8.37,2,2
2026-01-11 03:30:17,2026-01-11 03:35:43.095750326,125,199,0.82,5.96,4,1
2026-01-24 07:43:57,2026-01-24 07:47:44.331259146,85,194,5.74,13.41,1,1
2026-01-07 05:53:31,2026-01-07 05:57:24.006433966,233,206,0.17,0.58,3,2
2026-01-16 15:06:31,2026-01-16 15:16:07.433592400,112,200,0.05,8.95,2,2
2026-01-17 16:51:39,2026-01-17 16:54:29.672324466,107,124,0.59,0.24,2,2
2026-01-24 06:11:52,2026-01-24 06:15:14.284935094,127,3,3.98,17.12,3,2
2026-01-23 03:28:46,2026-01-23 03:35:01.398545073,60,255,2.26,16.11,4,1
2026-01-15 09:43:17,2026-01-15 10:00:07.676664536,126,87,2.05,15.15,2,1
2026-01-10 14:01:06,2026-01-10 14:05:32.266526226,123,222,0.37,38.49,1,1
2026-01-12 09:43:14,2026-01-12 09:46:57.060437570,122,264,0.76,6.44,1,2
2026-01-13 18:13:23,2026-01-13 18:15:48.309683876,13,247,0.87,5.8,1,1
2026-01-07 19:04:36,2026-01-07 19:21:54.023456814,116,193,2.77,4.38,3,1
2026-01-20 09:18:11,2026-01-20 09:19:11.000000000,190,91,4.32,20.75,2,2
2026-01-07 11:02:03,2026-01-07 11:05:35.313057030,133,87,3.16,0.91,2,1
2026-01-21 02:36:56,2026-01-21 02:44:43.207863644,151,193,0.44,8.25,4,2
2026-01-24 07:06:32,2026-01-24 07:10:08.581624760,157,224,0.62,2.23,2,1
2026-01-30 19:36:28,2026-01-30 19:37:28.000000000,12,21,2.56,15.59,3,1
2026-01-04 16:28:09,2026-01-04 16:30:36.973363800,63,176,1.26,11.76,1,1
2026-01-24 13:14:24,2026-01-24 13:34:13.443650454,258,174,0.54,3.0,4,2
2026-01-03 15:58:15,2026-01-03 16:29:14.370363390,27,24,4.41,4.52,4,2
2026-01-11 10:54:43,2026-01-11 10:56:37.865078092,19,44,0.73,0.23,3,2
2026-01-06 11:09:38,2026-01-06 11:45:38.161686074,117,144,2.26,19.47,2,2
2026-01-06 00:44:21,2026-01-06 01:08:16.976645424,223,40,3.55,3.91,4,2
2026-01-06 10:27:28,2026-01-06 10:31:03.105873544,90,162,0.03,10.28,3,2
2026-01-02 08:41:24,2026-01-02 08:43:35.779007400,26,85,1.84,37.08,2,1
2026-01-26 12:23:31,2026-01-26 12:26:00.775372390,64,129,1.38,32.78,2,2
2026-01-02 21:28:46,2026-01-02 21:32:08.421913438,49,88,0.41,17.84,2,2
2026-01-13 08:29:20,2026-01-13 08:42:17.882919356,147,245,1.39,0.59,3,1
2026-01-22 16:10:37,2026-01-22 16:33:50.053943710,164,131,0.34,42.86,3,1
2026-01-31 16:50:56,2026-01-31 16:54:04.234416902,142,56,0.94,2.36,1,1
2026-01-27 11:09:24,2026-01-27 11:16:06.666149358,231,107,0.46,1.12,2,2
2026-01-05 06:05:06,2026-01-05 06:14:10.958203776,246,150,4.06,0.02,3,1
2026-01-31 14:52:39,2026-01-31 14:56:21.433456434,139,208,1.7,15.47,4,2
2026-01-21 06:14:01,2026-01-21 06:25:23.434115674,260,124,2.84,19.21,4,2
2026-01-06 13:35:55,2026-01-06 14:06:12.488563342,49,79,1.72,5.16,3,2
2026-01-14 21:51:17,2026-01-14 22:00:14.809670216,245,148,0.88,55.81,3,1
2026-01-29 10:54:15,2026-01-29 11:15:19.878692616,206,258,1.97,24.08,2,2
2026-01-13 04:19:52,2026-01-13 04:44:54.323765266,111,28,4.96,3.83,2,2
2026-01-06 16:37:35,2026-01-06 16:41:27.624770300,32,108,0.89,18.19,4,2
2026-01-28 03:03:45,2026-01-28 03:11:09.828102456,146,70,0.72,1.35,1,1
2026-01-30 13:00:50,2026-01-30 13:03:49.748673926,67,257,0.55,9.59,1,1
2026-01-31 05:50:35,2026-01-31 06:04:43.878401006,129,15,0.54,10.82,3,1
2026-01-30 15:02:54,2026-01-30 15:03:54.000000000,28,160,6.11,12.73,4,2
2026-01-28 01:24:25,2026-01-28 01:50:08.745717934,211,62,3.46,7.42,3,2
2026-01-15 02:08:24,2026-01-15 02:17:18.610929720,258,34,3.39,0.61,2,2
2026-01-06 23:04:18,2026-01-06 23:06:37.098706020,121,259,4.19,5.3,3,1
2026-01-20 03:09:52,2026-01-20 03:13:26.109916744,257,3,1.3,7.87,2,2
2026-01-07 20:16:25,2026-01-07 20:19:38.860072102,215,37,0.98,43.94,2,1
2026-01-15 16:01:39,2026-01-15 16:07:24.186437952,187,163,0.35,16.36,3,2
2026-01-21 08:07:08,2026-01-21 08:41:32.897549282,249,248,0.05,16.24,1,1
2026-01-30 08:15:19,2026-01-30 08:23:30.111684430,194,163,0.38,1.07,4,1
2026-01-09 23:04:41,2026-01-09 23:07:11.717426954,126,134,2.51,11.56,4,2
2026-01-08 19:25:26,2026-01-08 19:38:17.998973576,64,94,2.5,19.82,4,1
2026-01-23 18:38:07,2026-01-23 18:53:41.255325844,72,37,1.65,20.88,4,2
2026-01-01 04:48:22,2026-01-01 04:57:07.712937616,98,102,5.06,23.45,1,1
2026-01-18 13:25:01,2026-01-18 13:36:01.647632440,141,235,0.01,6.19,3,2
2026-01-24 02:57:41,2026-01-24 03:10:46.295235884,27,140,3.8,25.34,3,1
2026-01-18 01:52:34,2026-01-18 01:57:36.354359596,83,193,1.04,5.22,4,2
2026-01-12 21:39:45,2026-01-12 21:45:12.624416334,69,86,7.82,85.48,1,2
2026-01-26 16:26:20,2026-01-26 16:27:20.000000000,154,183,4.09,0.25,3,2
2026-01-12 12:02:58,2026-01-12 12:10:36.297944524,184,196,1.1,0.08,4,1
2026-01-23 00:38:10,2026-01-23 00:46:40.472066344,44,109,1.6,12.41,4,1
2026-01-15 09:19:17,2026-01-15 09:53:37.976332232,216,130,1.52,11.18,1,1
2026-01-01 19:46:25,2026-01-01 19:47:58.301005575,8,99,0.4,1.58,1,2
2026-01-17 10:42:15,2026-01-17 10:51:34.583805828,229,109,2.16,34.23,1,2
2026-01-02 12:47:51,2026-01-02 13:17:24.108383718,22,31,1.12,26.21,1,2
2026-01-29 20:37:58,2026-01-29 20:46:28.749461391,49,68,1.17,9.08,3,1
2026-01-19 15:33:34,2026-01-19 15:48:50.016094450,155,50,0.71,2.86,4,1
2026-01-12 12:47:31,2026-01-12 12:55:45.653227258,102,81,2.36,11.91,4,2
2026-01-16 01:43:36,2026-01-16 02:00:31.535279190,56,85,2.56,0.78,4,1
2026-01-20 04:40:11,2026-01-20 04:57:08.131330070,110,140,2.74,0.16,4,2
2026-01-09 01:34:38,2026-01-09 01:35:38.000000000,27,204,0.2,5.56,2,2
2026-01-09 22:33:54,2026-01-09 23:06:00.910266462,200,255,6.23,6.84,2,2
2026-01-13 23:28:48,2026-01-13 23:41:39.937629654,196,251,9.98,4.99,3,1
2026-01-09 00:22:39,2026-01-09 00:35:54.866314721,178,57,1.67,0.89,1,2
2026-01-24 11:53:06,2026-01-24 11:56:11.202289872,46,79,6.61,62.21,3,2
2026-01-04 05:14:19,2026-01-04 05:15:19.000000000,212,58,1.55,2.71,2,2
2026-01-26 14:59:56,2026-01-26 15:20:46.767087350,56,10,17.18,26.24,2,1
2026-01-11 19:18:16,2026-01-11 19:19:40.647066892,260,113,4.41,10.66,1,1
2026-01-18 09:32:59,2026-01-18 09:36:13.510021436,78,91,0.46,20.45,3,1
2026-01-05 21:22:12,2026-01-05 21:30:45.790701426,36,177,6.87,13.56,2,2
2026-01-12 22:42:53,2026-01-12 23:16:47.428312610,4,205,0.8,10.53,4,2
2026-01-24 09:25:12,2026-01-24 09:44:24.849399672,46,114,0.41,1.17,4,2
2026-01-09 09:23:54,2026-01-09 09:28:21.848458470,13,206,5.55,2.8,4,1
2026-01-05 02:24:47,2026-01-05 02:29:02.781223406,95,25,2.78,14.16,4,1
2026-01-17 04:18:26,2026-01-17 04:23:29.549528792,203,58,7.17,13.9,4,2
2026-01-06 00:53:35,2026-01-06 00:59:52.333177442,44,24,2.3,22.87,3,2
2026-01-10 18:10:25,2026-01-10 18:24:06.462596098,164,126,0.4,4.86,2,2
2026-01-14 23:08:34,2026-01-14 23:13:37.199103322,35,21,3.38,27.52,3,1
2026-01-18 11:41:12,2026-01-18 12:18:09.339772242,105,124,5.85,7.24,3,2
2026-01-20 19:41:46,2026-01-20 19:42:46.000000000,45,154,2.85,3.71,1,1
2026-01-21 23:25:45,2026-01-21 23:28:57.317284158,64,114,4.0,0.13,2,2
2026-01-27 04:08:58,2026-01-27 04:15:00.948169600,154,100,1.76,15.56,2,2
2026-01-03 01:09:46,2026-01-03 01:10:53.906999974,55,264,3.12,16.94,1,1
2026-01-12 05:34:07,2026-01-12 06:57:33.915854554,27,238,0.97,0.78,3,2
2026-01-01 00:47:39,2026-01-01 00:52:37.377064602,181,78,7.06,8.56,4,2
2026-01-01 07:01:31,2026-01-01 07:15:05.398344616,191,28,1.81,21.44,4,1
2026-01-07 13:56:03,2026-01-07 14:11:21.641164608,18,96,0.93,21.87,4,2
2026-01-19 13:01:06,2026-01-19 13:08:41.837686092,160,55,0.56,4.67,3,2
2026-01-28 17:30:59,2026-01-28 18:11:00.248203772,165,108,1.54,5.77,2,1
2026-01-24 23:30:52,2026-01-24 23:58:55.434833110,261,172,0.37,25.91,4,2
2026-01-21 00:50:25,2026-01-21 01:06:51.023194378,2,212,1.0,32.47,1,2
2026-01-25 02:57:13,2026-01-25 03:01:11.894879614,177,239,-1.0,6.75,4,1
2026-01-06 07:56:18,2026-01-06 08:00:45.907724508,114,123,3.06,9.43,3,2
2026-01-27 00:50:14,2026-01-27 00:57:22.662012872,127,151,0.3,6.71,2,1
2026-01-28 14:21:22,2026-01-28 14:38:14.245745962,217,233,3.18,5.9,4,2
2026-01-03 22:43:13,2026-01-03 22:45:54.976349308,14,103,3.55,57.66,3,1
2026-01-15 13:38:49,2026-01-15 13:39:49.000000000,77,89,0.41,2.18,4,1
2026-01-26 17:32:51,2026-01-26 17:33:51.000000000,168,170,5.2,12.04,2,1
2026-01-15 18:12:44,2026-01-15 18:15:07.328012528,253,3,4.51,29.04,3,1
2026-01-27 01:18:41,2026-01-27 01:34:43.853970506,211,144,2.95,1.68,3,2
2026-01-30 00:02:35,2026-01-30 00:12:03.577351640,174,156,1.09,11.22,1,1
2026-01-15 17:09:01,2026-01-15 17:27:14.078141068,12,25,4.21,20.05,4,2
2026-01-02 20:15:29,2026-01-02 20:50:50.872900334,89,122,1.11,2.44,4,2
2026-01-11 12:59:57,2026-01-11 13:01:00.914473032,55,54,7.17,4.43,2,1
2026-01-07 16:05:33,2026-01-07 16:07:22.318033866,137,93,2.8,0.46,1,2
2026-01-15 16:44:29,2026-01-15 16:52:46.421587226,81,132,2.39,1.63,3,1
2026-01-19 03:48:49,2026-01-19 04:11:08.161733620,56,148,0.05,6.33,1,1
2026-01-15 09:08:25,2026-01-15 09:09:25.000000000,259,134,8.07,22.43,2,1
2026-01-07 01:26:31,2026-01-07 02:31:32.054089372,156,164,3.51,10.19,3,1
2026-01-10 08:04:00,2026-01-10 08:13:15.503504796,124,97,3.97,5.83,2,1
2026-01-22 01:34:05,2026-01-22 01:40:09.029585804,98,5,0.94,30.04,4,2
2026-01-01 20:04:31,2026-01-01 20:16:42.043435192,34,164,4.15,15.58,1,1
2026-01-07 15:17:04,2026-01-07 15:24:12.137382693,122,185,2.98,29.59,2,1
2026-01-28 15:54:07,2026-01-28 16:12:25.193355562,210,230,0.75,5.84,1,2
2026-01-04 01:46:22,2026-01-04 02:00:03.102466306,196,85,3.78,2.76,4,1
2026-01-13 20:34:15,2026-01-13 21:02:35.688019932,35,143,0.77,4.28,4,1
2026-01-07 09:59:49,2026-01-07 10:02:04.460271574,123,166,0.28,6.17,3,2
2026-01-04 05:51:36,2026-01-04 06:08:35.835116256,152,241,6.53,10.48,2,1
2026-01-14 02:30:50,2026-01-14 02:40:37.505706560,261,166,2.71,10.69,3,1
2026-01-17 03:57:10,2026-01-17 04:01:47.059169800,243,220,1.31,37.84,4,2
2026-01-06 11:02:48,2026-01-06 11:36:15.765940644,146,112,1.64,3.53,3,2
2026-01-03 09:52:43,2026-01-03 10:07:43.559513974,52,137,1.74,19.14,1,2
2026-01-05 04:12:39,2026-01-05 04:22:40.564820880,171,107,2.78,17.36,2,2
2026-01-21 04:44:56,2026-01-21 05:01:50.668164434,183,175,1.32,2.05,1,1
2026-01-27 16:02:59,2026-01-27 16:10:36.326142656,221,13,1.1,13.25,4,1
2026-01-06 14:08:11,2026-01-06 14:12:44.510080490,5,242,3.11,19.02,4,2
2026-01-10 22:22:31,2026-01-10 22:24:09.762542878,178,57,16.25,2.0,3,1
2026-01-11 15:47:55,2026-01-11 16:30:19.362783832,154,89,4.5,2.65,3,2
2026-01-12 04:24:16,2026-01-12 04:26:40.690180930,260,177,0.22,10.71,3,1
2026-01-08 13:45:34,2026-01-08 14:22:27.802980364,209,21,1.27,11.47,3,1
2026-01-02 17:07:16,2026-01-02 17:14:10.372366804,95,97,7.96,15.46,1,2
2026-01-17 06:42:57,2026-01-17 06:47:25.196906724,160,158,0.99,4.63,3,2
2026-01-12 01:52:58,2026-01-12 02:02:36.169333522,178,264,3.12,6.94,2,1
2026-01-11 14:38:23,2026-01-11 14:41:51.137885396,38,23,0.96,17.23,1,2
2026-01-09 05:00:59,2026-01-09 05:02:39.528013082,204,255,1.92,8.02,2,1
2026-01-29 19:25:43,2026-01-29 19:35:31.451145694,95,82,1.44,4.84,1,1
2026-01-19 22:12:03,2026-01-19 22:18:45.995077602,27,117,3.09,46.96,1,1
2026-01-13 23:30:24,2026-01-13 23:48:47.939325708,66,125,2.72,10.92,4,1
2026-01-07 08:48:37,2026-01-07 08:49:37.000000000,110,136,2.43,5.68,4,1
2026-01-25 20:02:09,2026-01-25 20:05:22.010462052,100,263,1.55,41.5,2,2
2026-01-28 12:56:38,2026-01-28 13:24:56.067098378,25,152,0.63,14.39,1,1
2026-01-02 00:02:42,2026-01-02 00:13:53.983254192,252,247,0.07,24.94,2,1
2026-01-29 19:40:19,2026-01-29 19:41:46.995672754,219,71,2.1,6.74,3,2
2026-01-22 16:22:06,2026-01-22 16:28:08.014061982,3,76,0.18,5.06,1,2
2026-01-04 02:16:27,2026-01-04 02:39:56.114216628,23,170,2.75,21.68,4,1
2026-01-24 08:20:55,2026-01-24 08:26:02.690276254,153,160,0.85,3.6,1,2
2026-01-04 07:54:28,2026-01-04 08:04:03.033127966,239,15,0.43,6.82,4,2
2026-01-02 13:50:28,2026-01-02 14:00:19.996331530,61,257,1.52,19.33,2,2
2026-01-04 13:48:10,2026-01-04 13:52:29.289451060,191,130,2.03,11.76,4,1
2026-01-15 06:06:54,2026-01-15 06:19:25.528776294,231,12,8.01,16.66,4,1
2026-01-20 04:57:34,2026-01-20 05:03:02.650182094,183,133,0.71,3.34,4,2
2026-01-13 15:02:58,2026-01-13 15:03:58.000000000,169,130,7.2,8.14,4,1
2026-01-04 18:44:41,2026-01-04 18:49:10.180570532,206,196,0.47,24.21,3,2
2026-01-07 04:10:52,2026-01-07 04:12:40.650836806,259,244,1.19,3.11,4,1
2026-01-27 10:10:20,2026-01-27 10:11:20.000000000,239,13,1.43,15.14,1,1
2026-01-30 20:11:31,2026-01-30 20:27:00.844280236,52,144,3.61,19.57,1,1
2026-01-24 09:10:40,2026-01-24 09:37:44.295227830,14,203,1.49,17.93,4,1
2026-01-04 04:56:23,2026-01-04 05:13:41.525212562,63,95,0.62,19.0,4,2
2026-01-26 09:56:16,2026-01-26 10:04:30.889159948,92,219,2.34,9.6,4,1
2026-01-22 10:50:22,2026-01-22 11:03:25.937840535,36,193,1.34,2.41,4,2
2026-01-17 07:23:20,2026-01-17 07:47:59.945749190,260,70,4.29,4.42,4,2
2026-01-05 10:34:10,2026-01-05 10:51:55.564695352,171,168,6.04,13.04,1,1
2026-01-31 21:31:40,2026-01-31 21:51:49.383249982,2,76,0.17,2.71,3,2
2026-01-14 17:17:57,2026-01-14 17:20:10.909146750,116,234,0.13,0.62,4,1
2026-01-02 08:51:58,2026-01-02 09:03:39.817648078,80,155,2.29,38.66,3,1
2026-01-07 12:12:59,2026-01-07 12:15:52.530152732,45,89,1.56,9.77,4,1
2026-01-13 10:32:28,2026-01-13 11:03:26.265915640,51,234,3.38,37.29,4,2
2026-01-02 22:22:16,2026-01-02 22:38:52.787738446,101,8,0.45,60.19,2,1
2026-01-11 01:00:31,2026-01-11 01:27:22.010616730,234,138,3.59,14.79,1,1
2026-01-15 12:29:32,2026-01-15 12:37:38.484779708,195,105,0.96,28.98,1,1
2026-01-30 09:47:32,2026-01-30 09:48:32.000000000,137,140,2.79,10.87,2,2
2026-01-03 16:15:46,2026-01-03 16:30:50.269010848,248,101,3.76,2.2,3,1
2026-01-18 21:11:04,2026-01-18 21:19:25.805274694,39,210,4.62,4.34,4,2
2026-01-29 09:19:34,2026-01-29 09:23:43.052379070,76,205,2.9,21.77,4,2
2026-01-25 23:48:21,2026-01-26 00:02:41.561451924,95,128,1.27,17.48,4,1
2026-01-29 16:09:23,2026-01-29 16:10:40.246842968,56,227,0.17,26.25,4,1
2026-01-06 06:44:01,2026-01-06 06:45:31.844027326,83,114,0.0,33.94,3,1
2026-01-25 20:11:57,2026-01-25 20:32:26.391955608,232,16,0.79,12.44,3,2
2026-01-31 08:06:13,2026-01-31 08:11:52.262740810,175,259,0.15,2.1,3,1
2026-01-11 02:34:06,2026-01-11 02:35:06.000000000,98,3,1.15,0.57,4,2
2026-01-16 10:59:16,2026-01-16 11:15:43.641056008,128,15,2.06,11.42,4,2
2026-01-17 10:56:45,2026-01-17 11:25:32.331768474,149,181,1.12,7.51,4,2
2026-01-16 07:17:31,2026-01-16 07:26:33.079786894,173,157,2.05,9.65,2,2
2026-01-09 23:35:51,2026-01-10 00:04:23.368316051,171,188,1.63,8.35,1,1
2026-01-31 02:20:17,2026-01-31 02:21:35.060706224,228,211,1.62,2.44,1,1
2026-01-30 15:38:00,2026-01-30 15:44:30.627360671,9,253,5.99,19.89,2,2
2026-01-12 19:15:53,2026-01-12 19:18:08.470192850,234,232,0.4,58.77,2,2
2026-01-25 23:08:14,2026-01-25 23:14:38.666575970,195,180,0.38,47.33,1,1
2026-01-13 07:45:31,2026-01-13 07:49:21.340964728,134,106,0.13,1.6,2,1
2026-01-25 15:20:20,2026-01-25 15:23:13.243733570,100,126,8.21,14.54,2,1
2026-01-19 03:03:21,2026-01-19 03:10:37.804686252,16,75,0.32,2.31,4,1
2026-01-15 13:48:22,2026-01-15 14:27:42.929997418,225,122,3.85,30.03,4,2
2026-01-04 23:16:16,2026-01-04 23:18:20.376279562,234,231,1.2,61.94,4,2
2026-01-21 07:00:56,2026-01-21 07:13:45.980984372,164,20,4.0,4.72,2,1
2026-01-10 22:53:15,2026-01-10 23:13:17.370165786,140,23,8.34,17.54,1,2
2026-01-07 17:20:34,2026-01-07 17:22:25.682094130,180,217,5.17,9.03,3,1
2026-01-06 23:44:49,2026-01-07 00:09:00.935265292,243,94,6.23,0.46,3,1
2026-01-31 10:31:00,2026-01-31 11:05:33.057799428,68,172,9.94,17.04,2,2
2026-01-04 04:50:34,2026-01-04 04:51:34.000000000,59,139,0.69,6.52,2,2
2026-01-25 18:06:11,2026-01-25 18:11:02.550077630,240,70,0.98,15.96,2,1
2026-01-27 20:24:41,2026-01-27 20:50:38.809847672,9,45,0.11,36.52,4,1
2026-01-01 23:06:12,2026-01-01 23:16:25.985312310,164,167,1.51,47.15,3,1
2026-01-19 06:27:44,2026-01-19 06:48:21.066916220,43,227,2.64,4.73,1,1
2026-01-18 21:35:20,2026-01-18 21:51:16.773421298,204,40,1.98,5.26,4,2
2026-01-12 02:51:09,2026-01-12 02:54:45.333968934,71,64,0.48,7.21,1,1
2026-01-21 16:02:07,2026-01-21 16:08:00.009632980,168,174,8.47,17.8,3,1
2026-01-13 16:03:00,2026-01-13 16:19:28.194288168,25,154,2.51,17.68,1,2
2026-01-14 15:07:49,2026-01-14 15:18:07.334927242,151,70,5.99,4.29,1,2
2026-01-14 09:03:00,2026-01-14 09:14:10.914289002,244,219,2.69,9.97,4,1
2026-01-25 19:42:06,2026-01-25 19:55:21.110605590,29,166,1.16,3.92,3,1
2026-01-20 15:03:46,2026-01-20 15:10:17.938140634,151,169,5.26,16.37,1,2
2026-01-12 18:00:39,2026-01-12 18:12:04.767636120,231,170,0.65,20.9,3,1
2026-01-29 17:30:59,2026-01-29 17:32:32.287407410,225,15,0.94,1.94,3,2
2026-01-25 20:43:54,2026-01-25 20:45:10.804692486,77,162,4.01,8.62,4,1
2026-01-29 21:59:16,2026-01-29 22:04:21.730608682,212,218,0.25,51.87,2,2
2026-01-23 15:29:33,2026-01-23 15:32:01.929686232,73,33,4.19,8.92,4,2
2026-01-13 03:16:12,2026-01-13 03:28:58.258316334,210,133,2.52,19.29,2,2
2026-01-24 23:04:07,2026-01-24 23:06:55.664834212,154,173,0.35,2.58,1,1
2026-01-11 04:58:16,2026-01-11 05:02:33.978529762,151,185,1.71,36.83,3,1
2026-01-09 09:34:15,2026-01-09 09:40:52.764301440,111,50,3.38,14.17,3,2
2026-01-14 23:34:42,2026-01-14 23:43:50.806856934,168,209,1.76,4.43,1,2
2026-01-31 01:09:43,2026-01-31 01:14:27.195872140,167,70,0.98,4.46,2,2
2026-01-18 14:32:35,2026-01-18 14:52:10.866603752,224,134,7.93,4.74,1,1
2026-01-12 21:28:03,2026-01-12 21:33:15.945780936,117,175,2.39,3.01,4,1
2026-01-15 07:35:33,2026-01-15 07:52:35.977355136,133,40,3.66,5.54,1,1
2026-01-10 00:39:53,2026-01-10 00:48:02.181679268,83,134,3.04,24.93,3,2
2026-01-21 10:06:45,2026-01-21 10:50:05.818995576,113,57,0.33,21.84,2,1
2026-01-11 20:42:57,2026-01-11 21:07:17.497656408,104,56,1.05,3.25,3,2
2026-01-18 04:28:22,2026-01-18 04:55:53.327482102,170,200,1.83,32.84,2,2
2026-01-12 11:08:40,2026-01-12 11:23:20.987425942,163,197,0.29,8.45,2,2
2026-01-10 22:36:44,2026-01-10 22:37:44.000000000,199,213,3.45,28.3,4,1
2026-01-31 01:51:19,2026-01-31 01:53:18.383530186,205,161,0.96,1.81,4,2
2026-01-11 17:13:25,2026-01-11 17:14:25.000000000,1,228,0.53,14.94,2,2
2026-01-03 04:28:01,2026-01-03 04:41:20.007354700,217,47,1.46,26.16,3,1
2026-01-12 17:40:22,2026-01-12 18:01:51.278073328,261,11,4.1,6.32,3,2
2026-01-17 11:54:54,2026-01-17 12:00:41.937977322,52,140,0.42,17.77,4,1
2026-01-03 22:24:43,2026-01-03 22:30:53.679067762,80,149,0.89,23.42,1,1
2026-01-10 11:25:45,2026-01-10 11:30:17.736080130,205,112,3.92,10.13,3,1
2026-01-06 03:33:02,2026-01-06 03:34:58.062288746,33,213,1.47,7.01,1,1
2026-01-16 12:28:56,2026-01-16 12:41:48.317165558,132,235,2.82,54.41,3,1
2026-01-23 09:59:48,2026-01-23 10:10:48.348621234,5,64,4.59,40.3,3,2
2026-01-31 00:32:57,2026-01-31 00:40:12.742975182,99,59,0.19,41.07,4,1
2026-01-13 01:29:16,2026-01-13 01:32:07.812249472,159,102,2.77,1.31,2,1
2026-01-27 18:15:51,2026-01-27 18:16:51.000000000,227,219,0.85,0.31,4,2
2026-01-07 15:37:01,2026-01-07 15:38:20.020290796,146,256,2.53,5.47,1,2
2026-01-25 04:41:23,2026-01-25 04:57:06.239827160,169,66,0.06,14.28,4,1
2026-01-18 10:37:41,2026-01-18 10:41:10.286443772,16,162,5.18,2.05,3,2
2026-01-24 12:04:51,2026-01-24 12:05:51.000000000,103,185,0.72,19.46,1,2
2026-01-24 10:07:17,2026-01-24 10:11:51.012425912,197,73,1.26,16.99,3,2
2026-01-17 12:07:46,2026-01-17 12:09:22.869802954,76,82,1.71,30.33,4,1
2026-01-08 23:31:20,2026-01-08 23:32:47.879780846,228,186,0.77,42.2,2,2
2026-01-17 07:28:51,2026-01-17 07:41:13.576238502,173,58,1.59,0.2,1,2
2026-01-26 15:07:54,2026-01-26 16:00:58.718067282,133,90,0.11,37.0,3,2
2026-01-31 02:10:13,2026-01-31 02:22:44.615449966,28,153,0.42,10.85,2,2
2026-01-29 18:03:49,2026-01-29 18:12:52.737977050,186,123,6.7,9.33,3,2
2026-01-06 15:00:41,2026-01-06 15:08:36.057142550,100,166,1.98,13.01,4,2
2026-01-19 12:27:41,2026-01-19 12:38:07.497714506,102,6,5.9,4.9,2,2
2026-01-04 05:49:07,2026-01-04 05:51:41.694952912,113,257,0.01,3.67,4,2
2026-01-21 17:41:49,2026-01-21 18:22:26.253814996,51,140,1.05,2.11,3,2
2026-01-31 18:17:52,2026-01-31 18:25:58.500546286,133,203,4.94,0.73,1,2
2026-01-02 15:06:59,2026-01-02 15:21:05.848394864,53,93,0.18,73.18,4,2
2026-01-21 08:29:24,2026-01-21 08:34:32.174120520,49,260,0.23,21.29,3,2
2026-01-30 07:28:00,2026-01-30 07:56:13.461296232,241,261,0.42,12.48,4,2
2026-01-27 06:18:18,2026-01-27 06:30:05.958138576,59,89,2.12,4.07,2,2
2026-01-13 04:00:31,2026-01-13 04:03:21.342169444,114,250,1.84,5.66,1,2
2026-01-04 05:19:04,2026-01-04 05:21:30.897292618,238,66,0.33,13.34,1,1
2026-01-29 15:22:54,2026-01-29 15:27:24.961486578,212,127,1.4,1.4,1,1
2026-01-29 13:27:50,2026-01-29 13:45:34.199718908,149,150,0.8,44.14,1,2
2026-01-18 22:45:33,2026-01-18 22:47:12.920718852,107,31,3.65,11.68,4,2
2026-01-31 08:17:51,2026-01-31 08:22:48.809173956,240,115,1.64,18.94,4,1
2026-01-01 03:26:10,2026-01-01 03:33:41.204667160,111,211,2.38,1.54,3,1
2026-01-20 02:45:29,2026-01-20 02:52:33.823065938,140,101,3.55,9.92,2,2
2026-01-02 04:40:30,2026-01-02 04:42:54.746373288,171,117,3.57,32.83,1,2
2026-01-30 00:09:23,2026-01-30 00:34:54.498056192,167,149,1.77,8.0,4,1
2026-01-22 02:13:53,2026-01-22 02:40:09.159007694,196,82,0.09,2.39,2,2
2026-01-29 07:35:27,2026-01-29 07:52:06.301463844,151,180,4.16,12.65,2,2
2026-01-18 10:37:30,2026-01-18 10:44:29.490905418,89,158,0.84,2.51,4,2
2026-01-03 13:56:51,2026-01-03 14:00:49.183848060,42,188,2.62,1.47,3,2
2026-01-01 19:44:24,2026-01-01 20:08:04.265495616,128,19,0.27,13.77,1,2
2026-01-11 09:39:59,2026-01-11 09:57:28.191456986,68,162,7.95,7.14,3,1
2026-01-24 01:08:03,2026-01-24 01:15:42.490441290,149,96,8.08,0.14,2,2
2026-01-05 16:22:04,2026-01-05 16:42:24.846788152,207,183,1.28,18.46,3,1
2026-01-27 09:59:46,2026-01-27 10:25:23.164139584,15,64,1.02,2.88,3,2
2026-01-08 10:10:32,2026-01-08 10:21:11.114406710,200,181,1.65,7.33,1,1
2026-01-16 09:20:04,2026-01-16 09:50:37.781931579,104,257,1.17,9.79,2,1
2026-01-07 07:05:32,2026-01-07 07:26:01.248922634,193,182,0.43,2.93,4,1
2026-01-15 10:31:24,2026-01-15 10:50:30.832052058,90,114,1.93,3.71,2,1
2026-01-15 00:25:03,2026-01-15 00:27:32.904213156,195,100,4.12,20.51,4,2
2026-01-01 04:04:19,2026-01-01 04:20:08.122857502,99,163,0.66,5.38,1,2
2026-01-18 14:27:06,2026-01-18 14:33:12.137039376,17,40,2.87,0.62,1,1
2026-01-25 09:16:02,2026-01-25 09:18:28.286329832,181,150,1.55,9.05,2,2
2026-01-30 00:35:21,2026-01-30 01:20:02.451142242,236,261,1.01,3.33,3,1
2026-01-11 06:03:09,2026-01-11 06:20:27.090869736,150,80,3.62,6.28,3,1
2026-01-28 07:09:22,2026-01-28 07:20:22.218792688,93,115,12.23,20.47,2,1
2026-01-28 05:48:00,2026-01-28 05:58:09.705976584,48,70,0.15,43.64,1,2
2026-01-31 15:21:24,2026-01-31 15:22:41.077972866,220,56,1.38,13.78,2,2
2026-01-12 13:33:25,2026-01-12 13:51:41.593606672,17,194,3.5,5.17,2,2
2026-01-27 09:03:47,2026-01-27 09:04:47.000000000,48,205,2.88,0.29,1,1
2026-01-18 12:25:04,2026-01-18 12:29:05.879933458,90,167,0.36,12.11,4,2
2026-01-02 19:21:12,2026-01-02 19:52:12.121962672,240,243,4.85,2.35,2,1
,2026-01-09 09:24:12.581516676,80,66,0.47,45.99,2,2
2026-01-21 20:00:22,2026-01-21 20:15:59.149800622,76,190,0.24,9.55,4,2
2026-01-05 23:28:39,2026-01-05 23:55:16.143398064,156,174,4.71,3.0,4,2
2026-01-14 11:26:26,2026-01-14 11:35:59.889901544,198,82,0.43,22.63,4,1
2026-01-25 00:31:53,2026-01-25 00:35:12.198560444,179,2,0.89,6.82,1,2
2026-01-05 15:25:15,2026-01-05 15:58:53.416190412,261,163,1.77,1.26,4,2
2026-01-16 09:27:47,2026-01-16 09:29:04.660793318,228,138,3.44,8.89,3,1
2026-01-07 15:51:17,2026-01-07 16:25:47.719157246,7,144,0.24,56.24,1,1
2026-01-17 15:08:49,2026-01-17 15:23:51.778485586,178,120,0.72,13.14,1,2
2026-01-08 11:05:21,2026-01-08 11:37:29.853046476,178,66,1.26,18.81,4,1
2026-01-30 22:16:10,2026-01-31 00:13:46.260305674,154,44,2.44,1.17,1,1
2026-01-03 09:03:56,2026-01-03 09:06:03.387156686,6,30,1.6,26.02,3,2
2026-01-30 20:54:12,2026-01-30 21:16:39.782085102,139,89,1.57,12.58,3,1
2026-01-25 13:09:17,2026-01-25 13:16:45.124254656,55,98,2.46,1.33,3,2
2026-01-27 12:35:51,2026-01-27 12:40:24.548997090,119,248,2.32,10.42,2,2
,2026-01-27 09:51:01.998882234,31,135,4.0,20.63,4,2
2026-01-06 19:34:52,2026-01-06 19:43:24.756565917,226,220,0.92,14.01,3,2
2026-01-29 20:43:56,2026-01-29 20:49:24.341862140,112,46,2.68,0.97,2,2
2026-01-19 10:08:19,2026-01-19 10:16:33.533189890,26,166,1.41,4.57,3,2
2026-01-30 19:50:42,2026-01-30 20:12:23.569051776,220,235,0.66,9.37,3,1
2026-01-28 05:20:30,2026-01-28 05:26:32.353776888,225,230,7.55,31.26,2,2
2026-01-18 23:13:47,2026-01-18 23:21:36.046490840,29,193,11.47,11.37,3,1
2026-01-12 14:36:04,2026-01-12 14:37:21.960591700,152,154,0.05,2.08,4,1
2026-01-04 15:15:41,2026-01-04 15:18:29.720771030,230,259,0.22,2.09,1,1
2026-01-04 03:13:22,2026-01-04 03:15:15.872254432,203,198,0.78,0.5,1,1
2026-01-13 01:56:38,2026-01-13 02:12:36.579260996,33,193,4.4,24.22,2,1
2026-01-26 03:21:23,2026-01-26 03:22:44.922878588,73,54,0.43,6.35,3,2
2026-01-16 15:58:32,2026-01-16 16:06:11.779419626,85,15,0.27,8.66,4,1
2026-01-15 22:25:55,2026-01-15 22:26:55.000000000,19,10,3.52,35.15,2,1
2026-01-08 13:52:24,2026-01-08 13:55:14.107008708,245,254,2.4,11.4,2,1
2026-01-18 11:54:29,2026-01-18 12:08:02.960779495,183,145,13.2,0.41,3,1
2026-01-20 18:43:41,2026-01-20 18:46:32.864775290,163,67,2.69,4.47,3,2
2026-01-31 10:42:55,2026-01-31 10:55:18.231433336,256,90,1.12,0.16,3,2
2026-01-23 14:41:10,2026-01-23 15:13:24.220550356,112,202,0.45,9.53,4,1
2026-01-19 19:45:55,2026-01-19 19:52:45.768452932,237,104,2.16,4.46,2,1
2026-01-29 05:05:49,2026-01-29 05:20:31.728311314,180,19,3.76,11.94,1,2
2026-01-14 04:11:04,2026-01-14 04:25:08.072440894,172,215,2.53,0.06,1,1
2026-01-29 23:36:07,2026-01-29 23:44:51.524687956,187,248,0.46,1.12,4,1
2026-01-12 11:16:06,2026-01-12 11:40:10.864139670,18,160,0.39,4.34,2,2
2026-01-04 23:04:03,2026-01-04 23:14:40.456780104,94,176,0.09,4.36,3,2
2026-01-13 22:42:31,2026-01-13 23:00:48.343687630,120,38,1.23,40.75,4,1
2026-01-04 23:48:07,2026-01-05 00:06:37.977513520,161,81,3.37,21.18,2,1
2026-01-04 16:05:20,2026-01-04 16:24:30.025851212,153,143,2.07,58.68,3,1
,2026-01-28 08:10:14.306005212,168,168,2.03,1.64,2,1
2026-01-25 15:17:39,2026-01-25 15:32:16.015968528,21,18,1.67,3.22,3,2
2026-01-07 20:34:53,2026-01-07 21:16:22.604005334,233,205,1.18,13.69,2,1
2026-01-26 23:15:40,2026-01-26 23:16:40.000000000,13,140,1.21,0.53,4,2
2026-01-03 03:15:47,2026-01-03 03:46:11.508405716,99,18,0.25,4.11,4,2
2026-01-09 19:35:29,2026-01-09 19:42:19.322081918,173,49,0.1,82.84,4,1
2026-01-22 21:20:23,2026-01-22 21:23:04.463780774,158,118,1.44,5.13,4,2
2026-01-10 10:01:28,2026-01-10 10:08:52.617538672,228,191,8.18,1.59,4,1
2026-01-23 15:29:40,2026-01-23 15:34:30.407306944,252,209,1.83,0.93,4,1
2026-01-28 02:30:16,2026-01-28 02:34:55.031892886,205,37,0.36,4.27,1,1
2026-01-03 01:08:59,2026-01-03 01:18:30.591970874,76,81,0.38,6.51,4,1
2026-01-01 17:50:02,2026-01-01 17:56:57.718466918,120,71,0.03,0.74,3,2
2026-01-30 03:21:41,2026-01-30 03:48:27.497058386,89,86,0.81,33.09,2,2
2026-01-17 03:13:13,2026-01-17 03:22:00.805927420,141,82,1.58,7.04,4,1
2026-01-16 16:49:00,2026-01-16 16:54:30.474185154,171,136,1.46,9.28,1,1
2026-01-15 08:58:29,2026-01-15 09:09:54.443082272,28,46,0.22,25.73,3,2
2026-01-14 10:36:28,2026-01-14 11:02:14.196053830,81,164,9.54,64.51,3,1
2026-01-22 09:27:15,2026-01-22 09:31:58.862307756,106,153,3.45,45.63,4,2
2026-01-18 23:19:50,2026-01-18 23:22:37.305181112,186,47,2.78,24.5,1,2
2026-01-06 01:33:48,2026-01-06 01:38:53.823598506,138,164,2.47,12.17,1,2
2026-01-20 10:13:08,2026-01-20 10:33:52.519120940,175,210,2.66,20.81,1,1
2026-01-21 17:14:17,2026-01-21 17:25:41.797696466,101,128,6.56,17.45,1,2
2026-01-04 12:31:08,2026-01-04 12:32:08.000000000,134,53,7.51,3.59,4,1
2026-01-12 16:17:24,2026-01-12 16:56:58.572039840,91,89,8.04,8.55,2,1
2026-01-25 12:08:15,2026-01-25 12:25:34.387066554,191,239,2.15,59.82,2,1
2026-01-20 04:19:25,2026-01-20 04:33:58.354949620,68,172,0.16,9.42,4,2
2026-01-05 05:27:32,2026-01-05 05:35:09.127735010,165,183,0.22,2.17,3,2
2026-01-02 05:49:50,2026-01-02 06:02:26.542922822,12,88,0.14,24.27,3,2
2026-01-19 00:25:15,2026-01-19 00:29:48.270778182,69,32,2.89,9.64,4,2
2026-01-15 07:31:30,2026-01-15 07:35:44.837688558,247,7,1.76,5.86,4,1
2026-01-30 19:01:20,2026-01-30 19:03:34.936563806,33,208,3.09,24.02,2,2
2026-01-17 04:33:16,2026-01-17 04:34:16.000000000,175,202,0.81,6.79,4,2
2026-01-29 21:01:39,2026-01-29 21:17:53.433488202,19,190,-1.0,2.66,4,2
2026-01-07 15:27:31,2026-01-07 15:39:23.893118368,77,46,1.2,24.34,4,1
2026-01-14 20:49:08,2026-01-14 20:54:03.360040292,88,75,2.62,21.89,1,1
,2026-01-05 08:03:49.962938780,189,216,1.92,5.12,2,1
2026-01-18 19:13:35,2026-01-18 19:27:43.520832230,239,162,0.06,21.6,4,1
2026-01-06 20:13:29,2026-01-06 20:43:33.392400122,79,175,0.99,4.25,2,1
2026-01-16 06:14:37,2026-01-16 06:18:13.069452664,3,39,2.86,42.93,2,1
2026-01-11 16:02:27,2026-01-11 16:04:23.833678314,35,235,0.89,23.11,2,1
2026-01-06 18:10:58,2026-01-06 18:36:16.385248624,63,67,6.65,14.27,1,2
2026-01-04 00:01:36,2026-01-04 00:17:11.791529958,223,187,1.73,33.39,3,2
2026-01-16 20:57:59,2026-01-16 21:18:46.480113038,167,48,3.56,20.73,3,1
2026-01-30 08:48:21,2026-01-30 08:55:20.017864536,168,56,1.17,3.86,4,1
2026-01-07 03:52:07,2026-01-07 04:13:16.217550100,200,31,1.69,-5.0,3,1
2026-01-13 13:18:56,2026-01-13 13:39:38.171337926,177,250,0.53,62.73,1,1
2026-01-07 23:06:26,2026-01-07 23:08:13.602760922,116,103,1.48,7.45,2,1
2026-01-26 01:52:24,2026-01-26 02:00:14.459146350,204,187,1.69,1.07,1,1
2026-01-13 20:41:14,2026-01-13 20:46:38.510015624,147,147,1.8,12.31,2,1
2026-01-31 04:57:58,2026-01-31 05:16:01.945150947,112,136,2.35,7.97,2,2
2026-01-08 14:24:16,2026-01-08 14:29:35.270222914,100,34,0.82,7.34,1,1
2026-01-03 12:04:01,2026-01-03 12:18:27.231913366,196,195,1.3,2.5,3,2
2026-01-19 01:23:42,2026-01-19 01:24:42.000000000,11,40,1.22,20.87,1,2
2026-01-21 04:50:31,2026-01-21 04:52:51.932747026,259,218,0.44,27.54,1,2
2026-01-31 17:06:41,2026-01-31 17:15:33.580024484,48,231,1.69,8.01,1,2
2026-01-28 00:19:42,2026-01-28 00:39:51.149916912,210,114,0.17,20.26,4,1
2026-01-28 09:49:20,2026-01-28 09:52:16.933561694,171,149,0.4,4.04,1,2
2026-01-20 15:52:13,2026-01-20 16:31:28.445973430,9,163,3.89,7.78,3,1
2026-01-12 03:42:08,2026-01-12 04:22:48.190071614,78,48,3.22,10.99,2,2
2026-01-14 07:11:43,2026-01-14 07:15:22.517350480,70,62,0.38,3.04,2,1
2026-01-05 03:30:22,2026-01-05 03:43:52.660568458,171,204,3.02,2.03,3,1
2026-01-14 08:43:14,2026-01-14 08:45:27.712041452,54,36,0.66,29.88,3,2
2026-01-12 07:08:32,2026-01-12 07:25:22.807736414,155,197,1.14,3.96,2,1
2026-01-02 02:42:31,2026-01-02 02:55:20.551147306,238,141,0.35,8.22,1,1
2026-01-07 08:07:26,2026-01-07 08:11:34.021545140,252,221,1.91,18.46,1,2
2026-01-17 13:44:34,2026-01-17 14:40:44.029895332,104,235,2.11,8.96,3,2
2026-01-12 10:47:28,2026-01-12 11:01:26.512189498,252,232,1.61,34.22,2,1
2026-01-31 19:11:45,2026-01-31 19:12:45.000000000,105,135,0.57,8.06,3,2
2026-01-15 20:01:28,2026-01-15 20:02:45.940528960,143,34,2.0,14.19,1,1
2026-01-30 17:16:42,2026-01-30 17:27:53.682331680,50,225,4.11,47.38,1,2
2026-01-21 11:34:08,2026-01-21 12:18:31.437519926,47,45,1.21,27.09,4,1
2026-01-02 06:03:25,2026-01-02 06:19:57.575148820,114,70,0.83,13.87,2,1
2026-01-07 07:21:47,2026-01-07 07:22:47.000000000,21,10,4.08,29.39,1,1
2026-01-22 21:06:46,2026-01-22 21:12:41.157222580,221,208,2.38,10.87,4,1
2026-01-17 21:34:02,2026-01-17 21:35:31.504658654,16,179,6.55,7.53,1,2
2026-01-10 08:30:47,2026-01-10 08:54:48.950667511,47,156,2.4,10.65,4,1
2026-01-17 04:25:51,2026-01-17 04:33:07.745604984,141,96,6.69,45.48,3,2
2026-01-28 23:49:26,2026-01-28 23:53:27.726350636,124,188,0.77,22.03,3,2
2026-01-13 01:11:55,2026-01-13 01:21:08.993028670,49,166,1.88,0.57,3,1
2026-01-02 09:33:55,2026-01-02 09:55:08.573456944,1,90,1.36,26.33,3,1
2026-01-10 15:21:13,2026-01-10 15:22:13.000000000,64,178,6.68,0.42,1,1
2026-01-30 00:17:25,2026-01-30 00:22:55.420454134,214,255,6.29,11.93,2,2
2026-01-24 14:45:44,2026-01-24 14:50:02.484741374,175,237,0.12,14.73,4,1
2026-01-26 23:04:55,2026-01-26 23:06:08.371521298,156,250,0.64,9.98,2,2
2026-01-29 06:14:07,2026-01-29 06:38:44.875995316,240,70,2.64,3.35,2,1
2026-01-04 15:25:23,2026-01-04 15:39:46.247327126,254,198,0.74,6.32,2,1
2026-01-09 18:18:30,2026-01-09 18:30:07.890735936,184,120,0.14,7.79,1,2
2026-01-02 20:30:33,2026-01-02 20:37:25.802251908,252,134,0.59,37.43,1,2
2026-01-01 03:31:23,2026-01-01 03:45:20.175163304,219,136,1.05,11.72,2,1
2026-01-26 21:01:21,2026-01-26 21:03:31.689170856,75,43,0.2,1.41,1,1
2026-01-30 01:05:19,2026-01-30 01:12:05.762491894,136,198,0.02,8.33,3,1
2026-01-05 19:53:01,2026-01-05 19:54:01.000000000,132,177,0.42,8.89,4,1
2026-01-23 09:17:37,2026-01-23 09:30:14.454405874,91,159,2.9,2.3,3,1
2026-01-17 13:57:51,2026-01-17 13:58:51.000000000,191,153,1.56,15.6,1,1
2026-01-03 03:30:13,2026-01-03 03:56:38.813945956,32,45,2.84,40.35,4,1
2026-01-29 09:18:51,2026-01-29 10:05:34.121086320,237,250,0.8,14.14,4,1
2026-01-28 00:12:05,2026-01-28 00:55:15.144224690,155,231,1.31,3.78,3,2
2026-01-18 14:10:53,2026-01-18 14:11:53.000000000,166,43,1.01,24.84,3,2
2026-01-22 22:40:08,2026-01-22 23:06:17.065351214,3,255,2.69,9.29,3,2
2026-01-13 07:32:29,2026-01-13 07:33:29.000000000,71,109,15.29,1.0,4,1
2026-01-25 13:52:19,2026-01-25 14:05:14.205863056,166,229,0.21,2.42,3,2
2026-01-14 19:05:31,2026-01-14 19:22:09.681189190,46,28,1.32,17.49,2,1
2026-01-31 15:56:47,2026-01-31 15:59:22.165619174,189,195,0.86,3.8,2,1
2026-01-02 22:57:33,2026-01-02 23:15:28.452004074,261,123,4.58,7.26,3,1
2026-01-06 08:04:45,2026-01-06 08:24:27.843389208,16,93,2.45,20.5,1,1
2026-01-31 00:45:06,2026-01-31 00:52:43.011904290,16,245,2.38,13.49,1,2
2026-01-09 22:51:12,2026-01-09 23:09:37.559681964,29,115,2.03,8.36,3,2
2026-01-10 15:07:36,2026-01-10 15:35:13.780449402,14,94,0.81,0.43,1,2
2026-01-25 12:42:32,2026-01-25 13:12:30.262831652,90,263,0.86,3.86,4,1
2026-01-06 20:53:11,2026-01-06 20:57:42.645494438,20,245,3.44,0.16,3,2
2026-01-16 22:04:21,2026-01-16 22:15:54.630284952,28,53,0.87,14.75,2,2
2026-01-09 20:49:09,2026-01-09 20:50:09.000000000,118,170,1.11,29.8,2,1
2026-01-07 03:15:52,2026-01-07 03:23:41.179925266,259,97,1.62,21.36,4,2
2026-01-30 21:29:37,2026-01-30 21:30:37.000000000,21,223,4.69,29.19,4,2
2026-01-07 04:43:24,2026-01-07 05:30:04.425868272,207,262,0.6,16.45,4,1
2026-01-03 22:08:55,2026-01-03 22:19:00.853270114,238,63,0.19,18.65,3,2
2026-01-21 21:24:34,2026-01-21 21:25:34.000000000,75,195,1.05,19.14,3,1
2026-01-27 21:16:24,2026-01-27 21:36:55.514859876,23,43,12.57,2.49,1,2
2026-01-04 22:51:24,2026-01-04 23:16:38.097230538,150,127,0.29,2.05,4,1
2026-01-22 22:38:09,2026-01-22 22:46:19.209584712,134,142,1.27,3.78,4,1
2026-01-17 18:20:54,2026-01-17 18:24:37.551743016,153,117,1.24,0.72,4,1
2026-01-26 17:32:03,2026-01-26 17:37:35.169528000,183,137,0.17,11.29,4,1
2026-01-04 22:27:15,2026-01-04 22:54:25.138288932,259,151,3.55,4.02,1,2
2026-01-31 06:04:03,2026-01-31 06:05:03.000000000,31,219,1.35,0.01,3,1
2026-01-20 04:37:06,2026-01-20 05:17:53.800093518,157,45,0.01,4.4,2,1
2026-01-27 02:33:47,2026-01-27 02:44:10.739553206,16,237,1.5,22.7,2,2
2026-01-12 05:17:59,2026-01-12 05:28:18.217601282,78,224,0.42,29.24,3,1
2026-01-30 05:52:35,2026-01-30 06:03:18.082498880,92,136,0.0,35.29,2,2
2026-01-20 10:00:50,2026-01-20 10:19:09.269287682,112,36,1.2,5.8,1,1
2026-01-04 22:26:23,2026-01-04 22:28:52.431701132,41,170,3.31,7.9,1,1
2026-01-29 14:38:19,2026-01-29 15:10:37.233853438,2,81,0.03,8.53,3,1
2026-01-25 16:04:00,2026-01-25 16:05:00.000000000,142,264,2.77,3.73,3,1
2026-01-10 07:20:59,2026-01-10 07:21:59.000000000,180,133,3.85,8.93,2,1
2026-01-17 21:58:57,2026-01-17 22:39:21.134861844,256,118,2.53,15.21,2,1
2026-01-13 00:43:00,2026-01-13 00:46:05.120678238,83,109,1.31,4.37,3,2
2026-01-17 20:21:38,2026-01-17 21:15:11.050745515,44,247,1.66,22.59,4,1
2026-01-30 22:14:18,2026-01-30 22:25:55.859086632,174,73,0.41,1.53,2,2
2026-01-28 20:47:51,2026-01-28 20:56:06.760516655,85,195,2.26,4.93,3,1
2026-01-07 16:21:42,2026-01-07 16:24:18.778080306,57,35,2.99,18.28,3,1
2026-01-31 03:01:19,2026-01-31 03:10:25.177925428,93,44,1.18,10.43,2,1
2026-01-14 13:49:52,2026-01-14 14:12:42.542530636,120,127,5.22,2.76,2,1
2026-01-22 20:23:58,2026-01-22 20:29:15.790886404,155,189,0.19,72.18,4,2
2026-01-24 16:34:55,2026-01-24 16:52:44.114833360,191,88,10.67,16.41,3,1
2026-01-15 23:18:22,2026-01-15 23:34:05.320273174,116,192,1.39,13.92,3,1
2026-01-15 03:45:10,2026-01-15 03:47:38.826239116,173,196,1.27,2.0,4,2
2026-01-15 03:33:52,2026-01-15 04:25:29.112783544,134,257,1.52,6.64,2,2
2026-01-27 17:44:12,2026-01-27 18:40:52.485841062,69,243,6.53,6.8,1,1
2026-01-12 23:26:16,2026-01-12 23:28:37.737943504,106,125,0.19,0.04,2,2
2026-01-09 16:15:46,2026-01-09 16:21:48.552595612,262,33,9.04,2.1,1,2
2026-01-12 05:01:46,2026-01-12 05:06:01.748361897,56,231,2.48,13.18,1,2
2026-01-07 00:59:33,2026-01-07 01:00:33.000000000,200,181,1.28,1.84,1,1
2026-01-13 03:16:51,2026-01-13 03:17:59.311161989,116,140,2.4,9.32,3,1
2026-01-04 12:52:27,2026-01-04 13:06:19.042171086,193,74,0.38,4.23,1,2
2026-01-03 18:46:35,2026-01-03 19:24:52.653608090,87,195,0.88,12.83,2,2
2026-01-23 10:32:40,2026-01-23 10:36:19.219417096,8,262,1.07,9.21,2,2
2026-01-03 09:36:44,2026-01-03 09:51:56.903870078,133,240,1.96,1.68,1,1
2026-01-18 14:44:40,2026-01-18 15:18:56.624253562,42,137,2.42,0.36,1,1
2026-01-25 04:13:23,2026-01-25 04:19:42.956289530,142,260,0.39,6.54,1,2
2026-01-23 11:00:51,2026-01-23 11:16:19.929872262,118,52,1.23,0.83,2,2
2026-01-14 19:52:41,2026-01-14 19:59:00.750893954,13,60,0.68,0.22,2,1
2026-01-07 00:03:44,2026-01-07 00:15:23.483002160,71,109,2.93,21.59,2,1
2026-01-29 20:25:45,2026-01-29 20:28:16.685386955,241,80,3.17,6.87,3,1
2026-01-26 21:21:34,2026-01-26 21:32:31.611861004,17,174,0.22,5.14,1,2
2026-01-19 23:29:32,2026-01-20 00:02:18.485195618,12,75,2.59,41.66,4,1
2026-01-03 16:33:02,2026-01-03 16:34:02.000000000,7,210,2.39,0.87,2,2
2026-01-02 02:10:15,2026-01-02 02:12:02.503652298,30,113,5.61,15.32,1,1
2026-01-10 18:31:25,2026-01-10 18:33:56.160344926,186,153,2.77,41.24,2,2
2026-01-05 21:11:50,2026-01-05 21:19:25.563670910,261,167,5.08,13.89,1,1
2026-01-27 16:06:19,2026-01-27 16:07:19.000000000,216,193,2.91,39.54,3,1
2026-01-07 09:07:47,2026-01-07 09:20:49.991153594,38,262,0.91,9.7,4,1
2026-01-09 18:17:32,2026-01-09 18:21:33.752533718,2,128,1.46,28.48,1,2
2026-01-31 05:56:51,2026-01-31 06:07:06.396517686,199,100,4.81,33.7,1,1
2026-01-26 08:47:07,2026-01-26 08:54:59.976668278,184,123,4.34,4.88,3,2
2026-01-07 18:42:57,2026-01-07 19:04:14.031302112,35,118,2.05,42.53,1,2
2026-01-12 21:21:21,2026-01-12 22:04:36.122533284,252,94,1.23,5.73,1,2
2026-01-16 23:43:20,2026-01-16 23:53:00.602416646,25,121,3.96,8.82,3,2
2026-01-21 14:13:01,2026-01-21 14:24:52.942653448,14,233,3.58,22.25,4,1
2026-01-30 00:30:56,2026-01-30 00:38:26.230883228,166,142,0.9,12.72,1,1
2026-01-28 00:07:03,2026-01-28 00:13:43.941673566,209,66,0.05,13.45,2,2
2026-01-31 07:01:53,2026-01-31 07:07:01.024323500,146,201,0.86,1.24,1,1
2026-01-02 06:14:24,2026-01-02 06:20:09.348565572,43,202,8.22,8.35,2,1
2026-01-08 07:51:07,2026-01-08 07:52:25.484492458,60,19,3.08,1.38,1,1
2026-01-18 10:52:22,2026-01-18 10:56:31.666995220,129,57,7.86,4.47,2,2
2026-01-02 12:32:36,2026-01-02 12:35:50.231855880,8,162,0.38,3.72,3,1
2026-01-12 00:22:26,2026-01-12 00:24:10.829999006,211,214,0.05,16.11,4,2
2026-01-05 18:16:47,2026-01-05 18:27:15.539128838,155,239,2.78,24.31,1,2
2026-01-29 22:05:32,2026-01-29 22:46:58.504157042,210,126,0.85,6.33,2,1
2026-01-02 23:06:58,2026-01-02 23:07:58.000000000,200,227,2.49,1.82,2,2
2026-01-05 14:24:46,2026-01-05 14:36:57.930994852,135,53,5.87,10.93,1,2
2026-01-07 01:10:20,2026-01-07 01:13:35.156097626,6,220,0.54,3.38,4,1
2026-01-05 14:33:14,2026-01-05 14:46:13.176455336,190,138,1.27,69.13,4,1
2026-01-18 15:00:57,2026-01-18 15:05:39.982965336,114,262,3.32,1.23,2,1
2026-01-12 07:04:28,2026-01-12 07:07:15.608968054,204,73,0.65,14.56,2,1
2026-01-29 06:51:42,2026-01-29 06:58:16.748554680,111,1,1.98,8.33,4,1
2026-01-09 02:02:55,2026-01-09 02:11:55.086505006,191,53,1.76,23.52,2,1
2026-01-17 15:41:27,2026-01-17 15:44:08.113545342,156,257,2.14,13.46,2,1
2026-01-21 11:06:24,2026-01-21 11:13:25.710131604,68,57,1.77,9.29,1,2
2026-01-20 09:44:10,2026-01-20 09:51:45.690379366,185,73,0.85,9.76,1,1
2026-01-25 16:30:31,2026-01-25 16:57:38.056214800,106,48,0.22,2.01,3,1
2026-01-07 06:11:21,2026-01-07 06:37:26.724973830,1,82,2.23,17.55,1,1
2026-01-16 17:32:50,2026-01-16 17:44:12.181668854,190,178,1.99,6.6,2,2
2026-01-25 19:38:03,2026-01-25 19:59:14.735765568,48,24,2.31,24.11,3,1
2026-01-27 18:05:02,2026-01-27 18:18:51.802274594,18,48,0.77,3.27,4,2
2026-01-20 03:38:05,2026-01-20 03:39:05.000000000,86,13,5.0,15.62,1,2
2026-01-21 05:00:25,2026-01-21 05:22:31.389442720,246,145,0.0,3.16,4,2
2026-01-27 18:55:04,2026-01-27 18:56:04.000000000,203,115,7.21,36.8,3,1
2026-01-20 08:54:15,2026-01-20 09:02:42.430583664,86,15,4.23,68.13,2,2
2026-01-30 09:56:21,2026-01-30 10:14:27.374083806,262,204,1.66,19.13,4,2
2026-01-04 22:55:47,2026-01-04 22:59:11.240486222,115,193,1.2,13.33,2,2
2026-01-11 18:50:17,2026-01-11 18:55:33.663923179,132,112,0.87,37.23,1,2
2026-01-04 11:27:48,2026-01-04 11:40:22.905983796,123,179,2.44,19.02,3,1
2026-01-03 19:23:26,2026-01-03 19:24:45.973459670,205,45,1.18,6.21,2,1
2026-01-15 15:07:27,2026-01-15 15:19:05.211491190,114,170,0.59,3.25,4,2
2026-01-08 00:05:28,2026-01-08 00:16:06.718222042,65,177,1.91,1.57,4,1
2026-01-13 14:55:29,2026-01-13 15:05:50.463455762,195,17,7.26,10.58,3,2
2026-01-14 13:45:14,2026-01-14 14:02:14.435132840,165,250,2.92,2.92,2,1
2026-01-20 05:58:01,2026-01-20 06:18:49.908374908,141,83,1.7,5.95,4,1
2026-01-30 07:35:45,2026-01-30 07:49:06.772150188,232,195,0.69,30.47,4,1
2026-01-27 07:56:40,2026-01-27 08:24:02.173019086,146,174,0.88,3.17,4,2
2026-01-12 17:27:45,2026-01-12 17:33:36.318463356,175,31,1.37,11.14,1,2
2026-01-11 02:14:06,2026-01-11 02:15:06.000000000,163,128,3.78,7.76,1,2
2026-01-24 21:27:18,2026-01-24 21:31:13.436053164,170,72,0.17,8.16,2,2
2026-01-04 19:59:50,2026-01-04 20:08:01.182727694,205,45,1.51,3.79,3,1
2026-01-17 18:06:52,2026-01-17 18:07:52.000000000,236,175,4.11,11.18,3,1
2026-01-14 02:43:27,2026-01-14 02:45:49.283266344,214,21,1.89,35.59,2,2
2026-01-06 16:00:35,2026-01-06 16:14:11.876661908,241,66,0.15,1.36,1,2
2026-01-20 02:38:16,2026-01-20 03:24:14.921167456,24,212,2.62,3.31,2,2
2026-01-10 22:37:34,2026-01-10 22:56:45.703734142,242,43,0.13,12.38,1,1
2026-01-06 18:05:07,2026-01-06 18:06:07.000000000,184,186,0.95,1.18,2,2
2026-01-21 05:58:29,2026-01-21 05:59:29.000000000,41,146,0.18,4.31,1,1
2026-01-06 09:36:12,2026-01-06 09:43:44.529451620,126,5,0.4,17.21,2,1
2026-01-21 20:36:10,2026-01-21 20:59:58.598970550,89,97,3.5,38.68,2,2
2026-01-06 00:35:52,2026-01-06 00:36:52.000000000,82,124,0.65,0.84,1,2
2026-01-14 11:27:40,2026-01-14 11:38:51.020495032,185,113,0.11,32.15,1,1
2026-01-26 01:08:48,2026-01-26 01:22:58.118553954,198,92,1.98,8.01,2,1
2026-01-08 02:06:44,2026-01-08 02:18:28.100396414,247,125,0.18,14.59,3,2
2026-01-24 19:06:54,2026-01-24 19:08:01.884841998,20,198,0.64,7.91,2,2
2026-01-23 09:05:55,2026-01-23 09:15:19.234370092,202,54,6.14,34.15,2,2
2026-01-28 23:34:36,2026-01-28 23:40:27.373772532,211,83,3.49,2.95,2,2
,2026-01-06 05:57:43.020535520,8,57,1.72,1.24,1,1
2026-01-23 04:02:47,2026-01-23 04:09:26.343829946,158,48,8.01,10.68,4,1
2026-01-30 00:52:56,2026-01-30 01:12:55.221374216,2,116,0.27,15.19,1,2
2026-01-24 15:41:09,2026-01-24 15:42:21.073848108,203,39,0.53,10.48,1,2
2026-01-06 19:48:00,2026-01-06 19:53:22.407566994,38,10,0.67,3.31,1,1
2026-01-26 11:41:16,2026-01-26 12:07:57.806110168,125,251,0.46,0.3,4,1
2026-01-04 07:50:25,2026-01-04 07:56:02.879491180,77,89,1.75,10.59,3,2
2026-01-19 06:06:00,2026-01-19 06:19:30.744690954,110,163,6.32,24.22,3,2
2026-01-16 10:14:59,2026-01-16 10:23:43.458590696,249,158,10.97,1.48,1,1
2026-01-17 11:07:23,2026-01-17 11:25:29.542978550,104,67,0.45,0.27,4,1
2026-01-17 02:32:41,2026-01-17 02:37:09.174918134,228,214,0.43,11.01,1,2
2026-01-01 23:25:07,2026-01-01 23:48:00.598918834,208,101,1.19,1.88,2,1
2026-01-16 18:05:43,2026-01-16 18:24:20.238773326,184,170,0.64,15.92,1,1
2026-01-30 00:56:16,2026-01-30 01:08:40.301783392,211,241,3.69,13.68,4,2
2026-01-14 12:52:50,2026-01-14 12:59:27.308135762,85,19,0.87,9.1,4,1
2026-01-09 14:01:23,2026-01-09 14:02:23.000000000,89,57,0.15,4.5,3,1
2026-01-31 20:08:32,2026-01-31 20:19:22.596140312,8,149,3.78,2.37,3,2
2026-01-04 01:39:01,2026-01-04 01:40:01.000000000,53,65,0.12,12.3,4,2
2026-01-16 01:47:33,2026-01-16 01:58:35.627636634,9,200,0.47,8.97,1,2
2026-01-16 21:22:22,2026-01-16 21:38:06.326497258,108,158,0.77,19.29,2,1
2026-01-15 19:35:32,2026-01-15 19:42:00.010258388,259,256,4.61,10.61,2,1
2026-01-29 13:45:50,2026-01-29 14:02:37.756605656,219,71,0.59,26.79,2,2
2026-01-14 01:47:38,2026-01-14 02:30:10.031482232,81,199,1.35,23.94,4,1
2026-01-31 04:08:11,2026-01-31 04:42:38.830219958,169,32,0.63,10.45,3,2
2026-01-03 01:43:06,2026-01-03 01:44:32.052543210,160,192,0.56,2.2,3,2
2026-01-23 18:02:54,2026-01-23 18:07:38.221814778,248,259,3.74,3.08,3,2
2026-01-19 09:09:35,2026-01-19 09:20:31.450879592,44,174,0.36,36.92,4,1
2026-01-08 10:57:58,2026-01-08 11:02:35.683436236,98,58,0.84,0.76,4,1
2026-01-08 01:36:28,2026-01-08 02:01:33.368289430,164,185,0.37,11.64,4,1
2026-01-23 07:26:31,2026-01-23 07:32:15.656218930,214,260,0.52,1.63,2,2
2026-01-20 18:22:51,2026-01-20 18:23:58.119346248,113,208,4.91,24.06,4,2
2026-01-19 22:42:37,2026-01-19 22:47:10.021056676,218,103,12.11,9.97,3,2
2026-01-02 13:49:12,2026-01-02 13:51:54.758687658,133,59,1.05,2.04,2,1
2026-01-19 12:49:29,2026-01-19 12:58:27.133487534,176,189,0.83,1.47,1,2
2026-01-31 10:09:07,2026-01-31 10:14:30.236865238,34,227,0.28,5.77,2,1
2026-01-01 12:53:18,2026-01-01 12:58:17.469033954,215,244,0.67,21.47,4,2
2026-01-15 12:56:23,2026-01-15 13:13:48.353316200,181,220,0.7,1.67,3,1
2026-01-16 07:49:00,2026-01-16 07:59:13.114398738,155,216,1.19,2.01,4,1
2026-01-28 19:11:09,2026-01-28 19:12:09.000000000,189,262,0.02,0.82,4,2
2026-01-09 18:26:14,2026-01-09 18:37:52.574407322,254,204,0.45,1.16,3,2
2026-01-15 17:49:03,2026-01-15 17:52:57.315358854,77,78,2.0,7.12,1,1
2026-01-23 05:35:27,2026-01-23 05:52:02.658430578,175,36,3.52,6.23,4,1
2026-01-02 20:53:10,2026-01-02 21:07:00.038528452,57,231,0.87,51.24,2,2
2026-01-25 20:00:37,2026-01-25 20:13:38.998549054,66,85,4.61,2.05,3,1
2026-01-26 11:43:36,2026-01-26 11:52:28.500345114,119,161,2.39,15.04,2,2
2026-01-23 07:25:02,2026-01-23 07:40:51.794769416,103,20,0.1,0.46,4,1
2026-01-21 02:14:55,2026-01-21 02:18:19.119983524,199,238,0.55,10.48,3,2
2026-01-24 04:13:21,2026-01-24 04:15:44.336622234,130,6,2.25,13.89,3,2
2026-01-25 05:37:38,2026-01-25 05:52:29.336423726,93,80,0.74,28.55,3,2
2026-01-29 00:07:33,2026-01-29 00:42:56.098992432,92,236,4.46,14.59,1,1
2026-01-14 06:33:30,2026-01-14 06:41:40.697434980,128,54,3.43,12.05,3,1
2026-01-15 03:18:21,2026-01-15 03:20:10.042510224,179,246,2.69,21.95,3,2
2026-01-20 18:37:29,2026-01-20 18:41:38.363306966,111,158,1.26,1.31,2,1
2026-01-06 23:39:30,2026-01-06 23:52:23.903710080,192,226,1.14,12.77,4,2
2026-01-27 13:02:03,2026-01-27 13:14:13.266709362,69,174,4.03,2.28,1,1
2026-01-24 21:15:42,2026-01-24 21:24:20.700048870,158,142,1.04,6.81,1,1
2026-01-20 13:30:45,2026-01-20 13:31:45.000000000,222,126,9.19,14.11,4,2
2026-01-10 08:25:43,2026-01-10 08:37:57.968400340,50,90,2.91,1.04,1,1
2026-01-11 18:40:09,2026-01-11 18:51:01.381408392,113,171,7.05,32.49,3,2
2026-01-14 11:37:15,2026-01-14 11:38:15.000000000,192,50,3.58,2.39,4,1
2026-01-21 12:55:19,2026-01-21 13:13:31.823117068,192,25,4.8,41.95,2,2
2026-01-25 02:51:28,2026-01-25 02:57:09.693075244,145,146,0.65,2.76,2,1
2026-01-21 19:51:34,2026-01-21 19:54:15.212314714,159,30,0.46,13.66,4,2
2026-01-29 19:52:11,2026-01-29 19:57:58.176598358,174,118,0.22,31.55,1,2
2026-01-30 18:40:36,2026-01-30 18:58:51.405241512,199,173,5.9,59.44,1,2
2026-01-22 20:26:59,2026-01-22 20:28:04.908322040,238,226,0.53,0.95,4,2
2026-01-12 11:57:31,2026-01-12 12:05:51.643169320,191,74,1.51,8.89,2,1
2026-01-19 13:42:26,2026-01-19 13:43:26.000000000,71,172,2.73,17.19,4,1
2026-01-14 04:15:39,2026-01-14 04:21:00.246522480,128,238,7.07,13.14,3,1
2026-01-20 12:02:52,2026-01-20 12:03:52.000000000,65,261,5.48,25.33,1,2
2026-01-26 04:13:10,2026-01-26 04:44:03.833964928,23,264,0.0,24.67,4,2
2026-01-12 10:47:00,2026-01-12 11:00:40.798319886,169,254,0.12,1.25,1,2
2026-01-16 16:17:13,2026-01-16 16:22:41.147901238,245,232,14.63,19.18,1,1
2026-01-02 09:57:12,2026-01-02 09:58:12.000000000,70,92,0.24,6.83,4,2
2026-01-23 20:00:37,2026-01-23 20:06:18.197767852,246,259,3.17,6.78,4,2
2026-01-16 04:27:01,2026-01-16 04:33:25.815384040,187,169,0.23,17.76,4,1
2026-01-15 06:01:25,2026-01-15 06:06:24.384513514,52,168,0.64,10.24,3,2
2026-01-17 12:07:42,2026-01-17 12:09:57.954961812,219,119,1.41,3.27,3,2
2026-01-07 16:19:42,2026-01-07 16:41:11.762457672,261,3,0.9,15.76,2,1
2026-01-19 12:53:16,2026-01-19 12:54:57.799942636,222,72,9.93,31.34,4,2
2026-01-24 02:25:53,2026-01-24 02:26:54.616994240,190,163,2.6,12.13,3,2
2026-01-11 20:09:32,2026-01-11 20:14:32.918680436,136,2,1.04,10.07,4,2
2026-01-05 01:34:46,2026-01-05 01:39:30.911680228,215,239,0.14,29.52,2,1
2026-01-12 23:48:22,2026-01-13 00:07:05.853390874,48,166,2.8,1.34,2,2
2026-01-07 03:44:46,2026-01-07 03:50:29.033688262,255,107,0.4,24.9,2,1
2026-01-12 14:12:38,2026-01-12 14:29:15.352853978,113,159,2.6,1.18,2,1
2026-01-20 10:21:28,2026-01-20 10:29:58.775562016,263,224,0.33,23.18,3,1
2026-01-04 12:21:56,2026-01-04 12:41:32.371922666,178,217,4.8,3.75,3,1
2026-01-24 03:58:07,2026-01-24 04:05:28.315885126,166,242,0.85,5.16,3,1
2026-01-07 23:06:45,2026-01-07 23:18:58.612984422,236,21,0.59,4.91,4,2
2026-01-28 17:38:52,2026-01-28 18:11:00.481064848,157,7,0.79,0.88,2,1
2026-01-23 16:56:17,2026-01-23 17:11:41.998106348,199,44,-1.0,1.53,4,2
2026-01-09 10:48:15,2026-01-09 11:05:41.534161512,200,221,2.98,5.96,3,1
2026-01-18 11:02:29,2026-01-18 11:17:28.207335308,86,40,1.04,4.61,4,2
2026-01-04 10:22:43,2026-01-04 10:24:42.882063790,232,231,1.1,6.9,3,1
2026-01-04 02:12:21,2026-01-04 02:15:18.568510620,232,65,1.94,0.12,2,2
2026-01-30 15:17:55,2026-01-30 15:25:38.378056150,124,165,3.64,9.16,3,1
2026-01-25 21:00:32,2026-01-25 21:12:29.782020980,54,206,1.72,25.11,4,1
2026-01-05 18:53:26,2026-01-05 19:00:20.243584004,80,66,0.5,9.33,2,1
2026-01-09 18:19:14,2026-01-09 18:20:14.000000000,23,209,0.74,2.85,4,2
2026-01-07 03:03:51,2026-01-07 04:06:44.514631824,212,109,1.31,2.98,1,2
2026-01-13 05:59:59,2026-01-13 06:24:10.161383570,194,212,1.7,2.98,2,1
2026-01-10 00:44:56,2026-01-10 00:49:11.125402988,52,101,1.28,20.68,1,1
2026-01-11 04:04:43,2026-01-11 04:09:50.389735840,122,146,1.39,9.49,2,2
2026-01-17 09:52:01,2026-01-17 09:56:53.489863822,26,204,1.15,0.54,1,1
2026-01-06 20:39:21,2026-01-06 21:17:22.776900072,4,190,7.51,14.99,1,2
2026-01-28 08:49:19,2026-01-28 08:59:48.387240232,47,18,4.11,1.9,2,2
2026-01-23 13:22:21,2026-01-23 13:23:21.000000000,72,46,1.15,16.8,1,1
2026-01-24 13:50:46,2026-01-24 13:55:22.897531792,236,4,3.4,6.55,2,2
2026-01-06 06:05:27,2026-01-06 06:07:10.923957960,163,149,6.57,2.38,4,2
2026-01-22 22:52:09,2026-01-22 23:14:58.533608868,229,10,1.2,28.26,3,2
2026-01-26 22:09:58,2026-01-26 22:15:54.509478808,94,124,2.24,10.71,3,2
2026-01-06 10:20:03,2026-01-06 10:31:37.816779708,128,60,2.11,16.13,1,2
2026-01-24 06:57:03,2026-01-24 07:01:06.764130102,98,45,7.82,3.49,4,2
2026-01-12 02:06:57,2026-01-12 02:12:12.223345265,203,141,1.86,0.52,2,1
2026-01-25 09:57:32,2026-01-25 09:58:32.000000000,124,260,0.44,15.22,2,2
2026-01-15 19:55:59,2026-01-15 19:58:17.271412754,24,138,1.26,6.68,4,1
2026-01-25 20:50:35,2026-01-25 21:06:43.986895772,81,21,1.31,0.58,2,1
2026-01-05 13:41:05,2026-01-05 13:42:05.000000000,256,99,1.34,29.74,4,2
2026-01-13 01:28:32,2026-01-13 01:45:30.874328600,28,123,2.55,12.4,4,1
2026-01-09 11:25:54,2026-01-09 12:08:05.713885134,29,227,1.35,2.16,4,1
2026-01-08 16:46:58,2026-01-08 16:49:41.000650750,241,188,0.2,7.89,3,1
2026-01-10 13:23:59,2026-01-10 13:25:34.301328488,73,9,0.9,12.15,4,2
2026-01-12 20:31:50,2026-01-12 20:50:35.179163096,243,202,0.06,11.06,4,1
2026-01-04 22:41:36,2026-01-04 22:46:03.163398888,198,209,0.14,7.03,2,2
2026-01-22 22:04:10,2026-01-22 22:28:08.971719034,165,86,2.97,1.75,1,1
2026-01-18 01:22:41,2026-01-18 01:40:26.510907470,138,171,2.51,13.12,1,1
2026-01-26 16:58:35,2026-01-26 17:34:12.217100000,70,126,0.29,6.21,1,2
2026-01-22 20:32:27,2026-01-22 20:40:54.879860820,35,176,5.71,0.89,1,1
2026-01-05 14:53:18,2026-01-05 14:59:41.596218198,55,50,1.05,4.54,4,2
2026-01-03 04:01:44,2026-01-03 04:06:34.118609762,94,229,6.59,7.33,2,1
2026-01-14 02:34:10,2026-01-14 02:43:55.399191796,126,187,3.63,24.98,1,2
2026-01-15 21:57:20,2026-01-15 22:14:23.538801278,216,247,1.86,10.8,3,2
2026-01-08 10:44:44,2026-01-08 10:50:34.602076634,104,74,0.83,9.2,2,2
2026-01-25 05:57:54,2026-01-25 06:03:00.812684394,254,175,2.72,21.77,4,1
2026-01-19 00:41:50,2026-01-19 00:46:31.438168460,234,232,7.85,1.21,4,2
2026-01-24 04:30:16,2026-01-24 04:37:08.255294440,38,172,0.09,0.89,2,2
2026-01-04 09:06:13,2026-01-04 09:21:19.470281110,48,82,0.06,2.19,3,1
2026-01-26 06:24:51,2026-01-26 06:31:34.300686786,9,221,4.8,10.39,1,2
2026-01-07 09:19:52,2026-01-07 09:23:05.610567118,76,163,0.53,1.43,4,1
2026-01-14 21:29:27,2026-01-14 21:37:53.836247418,42,251,5.18,30.05,1,2
2026-01-14 14:53:32,2026-01-14 15:20:49.567603736,13,183,0.79,15.17,3,1
2026-01-26 10:29:40,2026-01-26 11:13:56.663256058,13,66,2.98,5.54,1,2
2026-01-09 13:58:26,2026-01-09 14:02:06.223626158,2,1,0.48,15.48,1,1
2026-01-08 11:07:13,2026-01-08 11:33:37.134034276,14,180,1.3,18.91,2,2
2026-01-11 12:40:59,2026-01-11 13:02:39.866561606,72,103,1.09,23.24,2,2
2026-01-12 04:26:35,2026-01-12 04:29:36.856750784,115,92,0.51,3.85,1,2
2026-01-06 15:10:26,2026-01-06 15:29:39.555785600,17,226,0.03,19.39,1,2
2026-01-06 11:12:30,2026-01-06 11:21:15.286141638,185,156,1.44,7.96,1,1
2026-01-08 04:06:57,2026-01-08 04:19:21.063263184,242,54,0.56,6.86,3,2
2026-01-15 11:48:30,2026-01-15 11:54:47.678049894,232,226,1.37,51.82,1,2
2026-01-11 15:27:23,2026-01-11 15:39:06.536857994,9,87,0.34,46.39,2,2
2026-01-13 03:41:33,2026-01-13 04:13:50.282689158,20,196,9.46,3.43,2,1
,2026-01-23 07:09:09.431158314,116,2,0.87,25.09,2,2
2026-01-08 11:14:59,2026-01-08 11:25:30.466277948,103,68,2.69,8.52,1,2
2026-01-29 04:57:35,2026-01-29 05:13:54.745149656,178,207,3.03,13.23,2,1
2026-01-24 07:19:29,2026-01-24 07:20:34.813405016,193,4,0.26,4.68,3,1
2026-01-06 09:58:02,2026-01-06 10:26:47.719927172,1,85,2.07,0.22,1,2
2026-01-10 17:30:07,2026-01-10 17:32:54.927495454,167,141,0.03,13.02,3,1
2026-01-06 16:33:43,2026-01-06 16:50:24.569710414,77,171,2.25,12.31,1,1
2026-01-09 10:57:59,2026-01-09 11:01:11.243317178,242,173,2.69,1.88,1,1
2026-01-12 07:55:45,2026-01-12 07:59:27.701164044,39,55,6.28,9.84,3,1
2026-01-05 01:22:56,2026-01-05 01:25:08.001785954,251,103,4.21,12.23,1,1
2026-01-01 10:44:20,2026-01-01 11:04:39.262959758,195,63,3.18,36.47,3,2
2026-01-14 14:29:00,2026-01-14 14:36:16.260282504,3,66,5.91,11.16,4,2
2026-01-22 17:32:14,2026-01-22 17:35:31.313915384,138,43,1.2,2.24,3,1
2026-01-10 09:24:20,2026-01-10 09:36:17.416305578,86,52,0.32,7.54,3,1
2026-01-27 16:10:48,2026-01-27 16:14:55.787648964,127,92,1.15,10.64,4,1
2026-01-12 10:44:20,2026-01-12 11:08:30.772604570,105,64,0.5,8.26,2,1
2026-01-28 22:11:34,2026-01-28 22:22:11.384763772,41,167,4.59,16.1,4,1
2026-01-08 07:34:55,2026-01-08 08:30:32.577025858,251,162,1.75,9.54,4,2
2026-01-17 17:15:51,2026-01-17 17:45:30.904638294,189,109,1.53,18.98,3,2
2026-01-24 15:47:15,2026-01-24 16:04:11.786284650,123,19,8.86,14.16,2,1
2026-01-02 19:55:30,2026-01-02 20:02:02.157793170,216,56,1.56,14.58,3,1
2026-01-29 19:55:20,2026-01-29 20:09:50.732171695,125,169,0.28,1.23,1,1
2026-01-12 07:31:46,2026-01-12 07:51:09.801151186,160,22,2.2,38.26,2,2
2026-01-16 10:27:40,2026-01-16 10:31:25.770830734,83,39,2.25,19.57,4,2
2026-01-20 11:33:31,2026-01-20 11:50:26.378725510,79,15,0.37,7.02,3,2
2026-01-20 22:23:26,2026-01-20 22:30:44.469104000,166,90,4.1,15.51,1,1
2026-01-01 17:36:33,2026-01-01 17:38:04.339677318,35,70,0.89,0.01,4,1
2026-01-27 21:10:34,2026-01-27 21:11:34.000000000,13,245,2.56,1.21,2,1
2026-01-20 07:57:42,2026-01-20 08:02:45.326884464,60,240,0.08,1.3,4,2
2026-01-31 23:07:45,2026-01-31 23:14:22.876643466,88,35,0.36,3.04,4,2
2026-01-15 14:48:19,2026-01-15 14:58:29.855246896,151,219,5.75,0.81,1,2
2026-01-20 00:27:22,2026-01-20 00:31:17.328958060,7,118,10.94,22.61,1,1
2026-01-14 16:09:02,2026-01-14 16:10:23.667881954,117,185,0.23,6.89,2,2
2026-01-28 13:59:45,2026-01-28 14:02:23.209096950,106,242,1.03,12.24,1,1
2026-01-26 19:17:46,2026-01-26 19:29:12.447972136,96,20,2.99,24.38,2,2
2026-01-29 04:00:16,2026-01-29 04:07:47.580070306,28,61,1.6,1.92,3,2
2026-01-16 15:11:05,2026-01-16 15:25:23.806070990,138,101,7.14,0.23,1,2
2026-01-25 12:50:23,2026-01-25 13:00:35.483294570,224,190,2.09,9.78,3,2
2026-01-12 02:56:36,2026-01-12 03:04:48.645448188,239,174,2.48,7.71,1,1
2026-01-15 06:55:58,2026-01-15 06:59:40.916726812,168,105,1.36,3.6,4,1
2026-01-24 13:36:07,2026-01-24 13:37:07.000000000,246,132,0.7,32.97,2,2
2026-01-03 12:22:42,2026-01-03 12:23:42.000000000,217,234,3.47,3.33,4,1
2026-01-23 00:36:16,2026-01-23 00:41:59.307048862,156,237,2.06,6.25,3,2
2026-01-01 11:45:33,2026-01-01 12:03:22.291315122,161,197,1.12,3.34,3,2
2026-01-19 00:00:15,2026-01-19 00:01:52.982954088,49,61,0.26,20.23,3,1
2026-01-15 19:02:14,2026-01-15 19:06:29.718514040,137,81,1.49,6.18,2,1
2026-01-15 12:41:49,2026-01-15 12:44:47.967871912,213,48,1.19,10.72,3,1
2026-01-16 07:46:12,2026-01-16 07:59:31.103045376,118,7,0.02,15.13,3,2
2026-01-16 05:59:54,2026-01-16 06:13:35.014317582,46,41,0.55,5.81,2,2
2026-01-13 15:04:39,2026-01-13 15:19:28.985749308,154,206,4.16,11.46,1,2
2026-01-14 23:48:27,2026-01-14 23:56:10.448701440,64,209,0.19,2.2,4,2
2026-01-18 14:42:59,2026-01-18 14:51:04.900993682,178,3,1.28,14.99,1,2
2026-01-24 16:01:06,2026-01-24 16:03:16.704546708,81,155,0.87,22.01,3,1
2026-01-18 02:48:32,2026-01-18 02:53:53.339320976,143,171,0.04,7.16,3,2
2026-01-20 22:02:13,2026-01-20 22:13:50.287082278,169,223,2.12,1.71,3,2
2026-01-26 22:26:24,2026-01-26 22:45:31.352669244,75,190,3.25,16.85,2,1
2026-01-31 16:11:49,2026-01-31 16:34:24.715927588,209,227,5.67,0.96,1,2
2026-01-04 08:50:27,2026-01-04 08:57:08.341207536,248,201,0.01,13.96,1,1
2026-01-23 02:25:00,2026-01-23 02:26:44.902421478,217,171,1.38,5.58,3,2
2026-01-07 23:31:55,2026-01-07 23:35:23.904422722,191,157,0.09,7.51,3,2
2026-01-07 02:24:18,2026-01-07 02:30:46.826186256,126,67,3.65,6.44,4,1
2026-01-25 13:59:44,2026-01-25 14:31:30.281413808,235,11,0.05,2.14,3,1
2026-01-03 03:06:22,2026-01-03 03:49:54.094845232,136,90,3.61,10.4,2,2
2026-01-27 06:47:26,2026-01-27 06:52:50.716826498,48,249,0.9,11.96,4,1
2026-01-24 21:17:08,2026-01-24 21:29:20.205817226,35,113,6.24,14.65,4,1
2026-01-31 20:08:57,2026-01-31 20:53:08.567195298,210,126,1.42,12.77,4,1
2026-01-21 16:56:58,2026-01-21 17:15:38.262978418,103,71,3.6,4.78,2,2
2026-01-28 01:26:47,2026-01-28 01:33:40.514528954,133,16,2.94,14.69,2,2
2026-01-04 16:11:23,2026-01-04 16:27:23.226510512,151,85,0.29,5.35,1,2
2026-01-28 14:05:05,2026-01-28 14:12:00.921935702,159,215,0.39,13.59,3,2
2026-01-05 23:16:56,2026-01-05 23:24:20.632385888,15,177,2.56,65.86,2,2
2026-01-10 17:52:29,2026-01-10 17:56:53.142384968,73,94,2.53,3.04,3,1
2026-01-04 23:22:32,2026-01-04 23:23:57.498445634,135,77,0.22,3.86,2,2
2026-01-13 10:50:10,2026-01-13 10:59:53.235638656,182,220,2.97,19.41,1,1
2026-01-24 05:15:18,2026-01-24 05:23:42.237134400,88,94,3.01,0.07,4,2
2026-01-09 07:27:19,2026-01-09 07:34:52.510473765,218,113,1.06,6.04,4,2
2026-01-26 11:42:47,2026-01-26 11:44:19.048207208,81,208,0.5,56.79,1,1
2026-01-19 19:05:12,2026-01-19 19:26:21.825139236,253,19,3.5,22.97,4,1
2026-01-20 11:55:15,2026-01-20 12:01:54.756659688,192,181,7.69,41.3,1,1
2026-01-30 02:28:16,2026-01-30 02:59:25.962124684,128,203,1.33,6.17,2,1
2026-01-14 09:17:35,2026-01-14 10:00:03.510569276,236,123,3.02,7.06,2,2
2026-01-11 16:24:46,2026-01-11 16:33:10.585267912,34,63,0.2,2.07,4,1
2026-01-31 19:56:54,2026-01-31 20:06:14.140109400,31,212,0.29,23.66,2,1
2026-01-18 06:24:33,2026-01-18 06:25:55.119191628,88,224,7.36,0.62,4,2
2026-01-20 01:15:55,2026-01-20 01:16:55.000000000,135,137,2.27,9.45,2,2
2026-01-10 04:26:48,2026-01-10 04:27:57.084716250,188,24,2.9,11.63,2,1
2026-01-07 16:17:06,2026-01-07 16:18:06.000000000,71,112,1.15,24.57,4,1
2026-01-06 06:19:52,2026-01-06 06:43:12.786149164,223,155,1.02,4.37,3,1
2026-01-07 22:19:40,2026-01-07 22:20:40.000000000,79,97,0.63,16.71,1,2
2026-01-07 01:13:04,2026-01-07 01:26:37.472930788,132,111,1.06,25.87,2,2
2026-01-24 03:33:36,2026-01-24 04:18:41.218014930,245,210,-1.0,41.55,1,2
2026-01-02 19:06:40,2026-01-02 19:10:54.809492998,236,87,0.46,4.24,1,2
2026-01-20 12:15:43,2026-01-20 12:25:49.740329614,163,60,2.34,44.38,4,2
2026-01-30 10:16:27,2026-01-30 10:17:27.000000000,82,96,3.61,7.39,4,2
2026-01-24 17:34:16,2026-01-24 17:35:16.000000000,247,179,0.57,86.79,1,2
2026-01-13 11:44:32,2026-01-13 12:25:00.031412726,97,172,2.4,5.72,2,2
2026-01-02 20:11:43,2026-01-02 20:13:51.122358700,232,3,1.73,18.98,4,2
2026-01-26 20:35:09,2026-01-26 20:52:15.742551114,92,191,10.06,0.14,1,1
2026-01-01 02:20:33,2026-01-01 02:31:08.716334346,92,92,2.29,1.31,3,2
2026-01-22 02:54:32,2026-01-22 03:06:34.388379650,43,223,5.1,7.74,4,1
2026-01-21 19:11:09,2026-01-21 19:21:43.714332354,141,228,2.17,1.24,3,1
2026-01-06 22:47:21,2026-01-06 22:51:40.962310284,27,20,0.08,1.47,4,1
2026-01-23 22:27:48,2026-01-23 23:01:26.327295498,262,6,1.07,14.48,3,1
2026-01-06 10:32:38,2026-01-06 10:35:43.531691858,100,82,0.47,9.32,4,2
2026-01-07 23:52:55,2026-01-08 00:06:17.793732514,72,206,7.02,2.47,2,1
2026-01-26 04:07:09,2026-01-26 04:26:30.734349330,7,147,4.16,34.7,2,2
2026-01-31 08:28:19,2026-01-31 08:51:08.061923050,203,255,0.49,18.01,4,2
2026-01-09 04:56:43,2026-01-09 05:07:34.802359522,185,105,2.04,28.16,3,2
2026-01-29 13:28:32,2026-01-29 13:36:06.287240180,224,171,0.64,24.55,3,1
2026-01-29 07:29:03,2026-01-29 07:32:34.499646443,252,169,10.39,17.95,1,1
2026-01-24 20:26:21,2026-01-24 20:50:46.049452368,232,88,1.0,62.73,3,1
2026-01-05 08:12:04,2026-01-05 08:13:04.000000000,43,53,1.96,23.68,4,2
2026-01-10 06:46:05,2026-01-10 06:55:34.793995706,197,259,2.94,6.42,2,1
2026-01-22 00:12:54,2026-01-22 00:43:48.482648874,185,143,2.77,8.52,3,1
2026-01-31 23:25:09,2026-01-31 23:42:42.592680312,196,197,0.19,17.16,3,1
2026-01-26 05:58:06,2026-01-26 06:08:43.331907102,253,134,4.71,19.77,2,2
2026-01-14 00:40:48,2026-01-14 00:50:33.005870718,51,234,0.17,15.78,3,1
2026-01-08 07:01:50,2026-01-08 07:07:04.862854454,35,146,0.24,7.99,4,2
2026-01-30 18:29:26,2026-01-30 18:36:03.818032682,127,153,7.9,13.41,2,1
2026-01-09 13:29:53,2026-01-09 13:52:34.879083068,236,243,3.81,6.88,3,2
2026-01-11 14:36:39,2026-01-11 14:49:42.424995096,188,232,1.31,16.23,2,2
2026-01-30 21:36:07,2026-01-30 21:37:07.000000000,4,170,9.94,6.7,3,1
2026-01-18 09:52:43,2026-01-18 10:23:31.142375014,205,248,0.68,16.41,1,1
2026-01-09 04:51:38,2026-01-09 04:55:51.773601368,37,159,5.41,13.72,1,1
2026-01-01 03:58:37,2026-01-01 04:00:37.330202446,69,198,1.13,5.75,3,2
2026-01-14 07:53:16,2026-01-14 08:14:12.300900640,15,28,0.37,55.7,2,2
2026-01-31 13:35:06,2026-01-31 13:36:30.706631052,234,186,0.05,55.89,4,1
2026-01-14 09:47:29,2026-01-14 09:48:41.584916510,135,205,1.9,11.33,1,2
2026-01-22 16:26:58,2026-01-22 16:39:41.056540318,35,141,0.7,12.26,4,2
2026-01-08 20:15:28,2026-01-08 20:18:17.235568936,149,61,1.72,0.79,4,2
2026-01-25 01:03:21,2026-01-25 01:10:24.124308300,171,169,1.17,4.49,2,2
2026-01-25 01:11:18,2026-01-25 01:13:01.808516184,43,97,1.1,1.29,1,1
2026-01-19 20:34:32,2026-01-19 20:43:24.411815774,30,45,0.65,0.23,4,2
2026-01-24 22:15:21,2026-01-24 22:26:33.457948128,243,225,5.11,6.84,1,1
2026-01-18 22:38:38,2026-01-18 23:17:59.050424780,120,209,5.96,24.57,3,2
2026-01-12 17:28:06,2026-01-12 17:33:01.875874824,108,155,0.76,4.31,4,2
2026-01-23 20:58:57,2026-01-23 21:10:29.355027750,201,251,0.96,37.0,2,1
2026-01-26 21:20:00,2026-01-26 21:34:03.907521120,136,110,4.82,7.58,2,2
2026-01-27 01:44:57,2026-01-27 01:45:57.000000000,252,232,3.04,41.73,4,2
2026-01-07 14:31:39,2026-01-07 14:55:32.034387300,106,89,0.41,20.28,1,2
2026-01-21 23:23:05,2026-01-21 23:24:05.000000000,144,253,1.65,11.1,4,2
2026-01-01 03:12:12,2026-01-01 03:17:46.176629652,264,188,0.33,37.11,2,2
2026-01-18 17:34:03,2026-01-18 17:51:09.454472076,165,60,0.95,2.17,1,2
2026-01-18 16:56:54,2026-01-18 17:16:33.983483082,206,55,2.67,23.87,3,1
2026-01-12 06:26:26,2026-01-12 06:27:30.038396276,52,9,1.17,40.86,2,2
2026-01-31 19:35:37,2026-01-31 19:36:37.000000000,254,230,0.87,1.27,2,1
2026-01-28 08:55:22,2026-01-28 08:58:38.026777714,90,26,0.05,17.21,1,1
2026-01-02 04:45:04,2026-01-02 05:02:50.255611306,73,177,5.26,4.91,2,2
2026-01-07 11:22:25,2026-01-07 11:45:28.656573154,63,157,5.56,1.06,2,2
2026-01-07 10:45:02,2026-01-07 10:58:59.937580424,56,226,0.6,7.36,3,2
2026-01-28 19:47:01,2026-01-28 20:14:13.624562638,194,93,0.78,17.95,1,2
2026-01-17 02:04:20,2026-01-17 02:05:20.000000000,224,74,4.72,21.49,1,2
2026-01-23 14:16:57,2026-01-23 14:17:57.000000000,129,86,0.83,0.57,4,1
2026-01-26 02:35:45,2026-01-26 02:55:34.650489714,150,232,1.46,8.5,2,1
2026-01-24 19:06:32,2026-01-24 19:24:52.086550184,99,251,2.1,11.18,2,2
2026-01-03 18:14:50,2026-01-03 18:16:08.957002766,221,221,1.16,28.42,2,1
2026-01-05 08:24:33,2026-01-05 08:51:25.938216186,188,116,1.62,14.72,1,1
2026-01-13 06:03:16,2026-01-13 06:05:36.863841100,251,25,1.94,2.31,3,1
2026-01-11 11:45:12,2026-01-11 11:53:09.149900544,258,79,5.28,1.17,4,1
2026-01-24 03:49:27,2026-01-24 03:52:00.115676052,247,3,1.73,6.09,3,1
2026-01-05 20:14:21,2026-01-05 20:17:50.053166436,12,192,0.13,2.58,1,1
2026-01-12 12:25:41,2026-01-12 12:43:21.280558130,248,22,0.93,11.3,1,1
2026-01-08 08:00:41,2026-01-08 08:01:41.000000000,189,114,2.36,94.74,3,1
2026-01-06 20:29:39,2026-01-06 20:38:08.427032064,90,13,2.6,4.63,4,2
2026-01-06 08:33:57,2026-01-06 08:35:06.054467460,169,129,10.06,43.24,4,2
2026-01-07 01:26:56,2026-01-07 01:59:59.990035052,99,160,1.08,33.07,2,2
2026-01-18 11:53:37,2026-01-18 11:54:37.000000000,60,35,1.93,3.8,1,1
2026-01-13 17:04:34,2026-01-13 17:09:47.814238792,242,21,2.67,14.09,4,1
2026-01-14 11:51:15,2026-01-14 11:54:49.437581328,9,179,1.93,30.82,2,2
2026-01-15 20:41:10,2026-01-15 21:06:40.141394044,11,17,0.92,33.44,3,1
2026-01-23 23:20:55,2026-01-23 23:36:02.065088128,220,55,0.67,3.33,1,1
2026-01-27 17:11:23,2026-01-27 17:12:23.000000000,74,162,7.99,0.58,2,2
2026-01-17 07:40:05,2026-01-17 07:51:58.478561576,220,55,1.94,5.56,2,2
2026-01-20 21:50:08,2026-01-20 22:04:25.662554420,104,69,3.24,22.83,1,2
2026-01-23 21:29:15,2026-01-23 22:07:33.170067582,131,32,3.32,0.84,1,1
2026-01-22 09:39:32,2026-01-22 09:49:20.358849464,255,167,0.25,-5.0,2,2
2026-01-05 03:53:29,2026-01-05 04:16:53.741627522,138,52,4.19,0.6,4,2
2026-01-31 11:20:32,2026-01-31 11:31:53.546258870,65,233,3.0,53.54,1,2
2026-01-06 02:37:09,2026-01-06 02:58:45.780822840,97,264,0.38,17.35,4,1
2026-01-13 18:24:41,2026-01-13 18:27:01.965142262,14,194,3.11,25.46,3,1
2026-01-21 05:32:10,2026-01-21 05:40:46.330264216,140,221,0.7,5.13,1,1
2026-01-13 12:05:44,2026-01-13 12:07:41.061589058,195,61,5.24,3.03,4,1
2026-01-08 12:53:22,2026-01-08 13:02:28.034397088,185,180,2.52,2.62,2,2
2026-01-29 14:58:12,2026-01-29 15:05:57.669828042,176,75,2.49,11.67,1,1
2026-01-03 05:13:05,2026-01-03 05:23:50.591660210,179,23,0.21,27.28,1,2
2026-01-08 14:55:53,2026-01-08 15:09:13.039440992,89,2,6.4,11.76,4,2
2026-01-31 18:47:24,2026-01-31 18:48:45.402732234,177,248,9.65,9.08,3,1
2026-01-23 14:58:57,2026-01-23 14:59:57.000000000,56,216,3.91,11.87,4,1
2026-01-03 16:42:37,2026-01-03 16:45:44.660419917,137,56,0.59,2.38,2,2
2026-01-24 09:24:08,2026-01-24 09:51:20.483951516,38,199,0.21,12.17,1,2
2026-01-31 01:18:55,2026-01-31 01:33:43.411333492,221,8,1.42,20.25,3,2
2026-01-04 00:45:15,2026-01-04 00:49:46.292244419,104,74,0.95,4.58,2,2
2026-01-13 20:03:16,2026-01-13 20:20:26.076785374,16,39,0.87,12.95,2,2
2026-01-15 12:21:50,2026-01-15 13:15:38.865462518,260,216,3.17,14.93,1,2
2026-01-05 01:28:24,2026-01-05 01:52:42.278239206,256,255,2.2,36.76,3,2
2026-01-07 05:13:06,2026-01-07 05:36:03.598999554,188,217,2.88,76.13,2,2
2026-01-06 09:16:24,2026-01-06 09:23:11.257197330,139,114,0.05,9.05,2,1
2026-01-06 17:55:09,2026-01-06 18:06:39.823684362,121,196,4.21,12.18,3,2
2026-01-13 12:13:31,2026-01-13 12:51:09.627596368,232,153,4.56,1.33,3,2
2026-01-15 09:05:17,2026-01-15 09:32:02.526429074,111,176,-1.0,21.14,4,1
2026-01-08 09:03:38,2026-01-08 09:04:51.552118460,83,251,1.52,1.1,2,1
2026-01-09 23:20:08,2026-01-09 23:29:06.204565154,179,156,1.91,7.25,1,2
2026-01-06 23:01:27,2026-01-06 23:10:22.531961082,2,197,7.1,16.47,2,1
2026-01-25 16:16:08,2026-01-25 16:34:39.910972136,184,53,0.77,9.72,3,1
2026-01-07 13:32:42,2026-01-07 13:34:31.074285402,210,156,0.58,12.06,4,1
2026-01-29 03:15:28,2026-01-29 03:25:18.313127140,56,111,5.04,82.96,3,1
2026-01-17 16:54:30,2026-01-17 17:06:16.707000006,154,203,3.88,18.89,3,1
2026-01-25 21:13:26,2026-01-25 21:15:19.164676988,236,203,0.01,5.59,4,1
2026-01-20 17:28:38,2026-01-20 17:32:53.146966321,12,60,2.71,3.29,4,2
2026-01-09 05:55:37,2026-01-09 06:01:43.719426562,181,176,2.36,11.9,2,2
2026-01-19 15:24:48,2026-01-19 15:28:19.970766762,260,78,0.86,5.36,2,2
2026-01-09 11:57:21,2026-01-09 11:59:26.894665116,104,257,2.66,5.13,4,2
2026-01-04 16:12:32,2026-01-04 16:13:32.000000000,245,227,5.6,12.21,1,1
2026-01-08 21:31:04,2026-01-08 22:16:44.071698148,33,135,0.07,10.63,3,1
2026-01-09 13:04:35,2026-01-09 13:05:35.000000000,85,69,0.22,21.51,1,2
2026-01-05 04:28:06,2026-01-05 04:45:23.144015574,91,258,2.23,3.65,3,2
2026-01-01 17:33:55,2026-01-01 17:51:21.515256634,130,232,7.89,0.06,4,2
2026-01-30 06:11:09,2026-01-30 06:15:27.057938976,243,182,1.51,7.87,2,1
2026-01-16 21:59:09,2026-01-16 22:02:08.200194654,133,186,1.87,1.86,2,1
2026-01-13 11:07:24,2026-01-13 11:10:59.228500620,53,98,3.54,24.9,2,1
2026-01-29 19:53:04,2026-01-29 19:54:27.533351266,21,177,2.46,1.92,2,1
2026-01-07 23:10:08,2026-01-07 23:24:57.910297274,253,223,3.59,20.31,2,1
2026-01-13 11:44:08,2026-01-13 11:55:39.697279220,171,19,0.45,0.15,3,1
2026-01-27 05:55:23,2026-01-27 06:00:12.845524232,40,105,2.21,1.56,3,1
2026-01-20 14:13:54,2026-01-20 14:19:11.509078104,90,157,1.38,22.23,2,1
2026-01-13 09:00:04,2026-01-13 09:01:33.823184314,46,162,3.56,-5.0,2,1
2026-01-08 22:20:09,2026-01-08 22:21:09.000000000,162,37,3.63,1.77,2,1
2026-01-02 02:07:36,2026-01-02 02:14:16.619997570,187,6,3.55,30.99,3,1
2026-01-03 15:16:44,2026-01-03 15:33:19.987776872,24,230,5.49,23.38,1,2
2026-01-06 00:29:04,2026-01-06 00:31:44.160321070,230,195,0.79,2.61,2,1
2026-01-25 09:14:41,2026-01-25 10:07:00.902955254,65,172,2.5,40.2,2,2
2026-01-20 19:36:08,2026-01-20 19:37:08.000000000,32,135,0.83,1.72,4,1
2026-01-14 10:30:00,2026-01-14 10:31:50.003443908,151,106,2.07,52.5,1,2
2026-01-25 06:28:53,2026-01-25 06:56:01.446199321,50,150,1.14,19.01,3,2
2026-01-05 23:37:16,2026-01-05 23:54:13.548252982,261,59,0.83,11.16,1,2
2026-01-07 12:56:06,2026-01-07 12:58:19.763342682,172,125,6.62,1.75,4,2
2026-01-13 04:11:26,2026-01-13 05:41:19.539390482,82,8,3.22,0.79,4,2
2026-01-29 10:32:32,2026-01-29 10:46:00.374918540,258,194,11.19,12.82,3,2
2026-01-20 00:59:19,2026-01-20 01:13:52.382522074,215,206,0.26,6.14,2,2
2026-01-27 09:08:30,2026-01-27 09:14:06.151425588,33,205,2.54,28.18,4,2
2026-01-08 16:37:56,2026-01-08 16:47:11.546200922,244,194,1.86,10.52,4,1
2026-01-27 07:11:43,2026-01-27 07:21:16.449226353,157,4,1.99,29.46,1,2
2026-01-03 05:55:29,2026-01-03 06:04:35.243512574,258,168,1.23,17.62,4,2
2026-01-08 01:22:47,2026-01-08 01:28:03.209781277,222,118,9.39,20.58,3,2
2026-01-17 05:07:51,2026-01-17 05:08:51.000000000,210,5,0.52,0.5,4,2
2026-01-02 13:35:55,2026-01-02 13:40:05.652731680,147,202,1.04,14.66,4,1
2026-01-27 14:32:48,2026-01-27 14:46:21.416080794,221,144,0.46,31.9,2,2
2026-01-27 21:21:47,2026-01-27 21:29:20.415321073,242,140,1.37,12.67,4,1
2026-01-17 18:51:04,2026-01-17 18:52:34.150048300,125,208,3.45,0.66,1,1
2026-01-10 11:30:55,2026-01-10 11:41:20.980767340,170,198,4.82,9.14,2,1
2026-01-04 01:37:44,2026-01-04 01:46:27.566833868,237,250,0.25,22.85,3,2
2026-01-20 04:28:25,2026-01-20 04:37:42.368096884,103,259,2.13,22.34,1,1
2026-01-17 16:01:39,2026-01-17 16:04:28.914202044,180,134,3.86,10.99,3,2
2026-01-24 13:24:55,2026-01-24 13:42:53.835928336,56,253,4.1,18.95,2,1
2026-01-19 16:17:09,2026-01-19 16:26:55.705005378,21,89,6.69,4.92,2,1
2026-01-04 23:27:00,2026-01-04 23:38:19.023354030,26,63,6.58,102.88,1,1
2026-01-04 18:35:34,2026-01-04 18:38:03.384867214,45,67,1.11,10.3,2,1
2026-01-25 04:56:37,2026-01-25 05:04:18.139553032,53,153,3.26,1.16,3,2
2026-01-05 22:18:49,2026-01-05 22:33:45.215268310,229,197,12.94,0.17,1,1
2026-01-30 02:15:09,2026-01-30 02:34:45.725193414,168,140,0.2,4.93,3,1
2026-01-04 06:49:29,2026-01-04 07:04:55.358744582,201,83,0.54,4.38,2,2
2026-01-23 13:54:39,2026-01-23 14:05:26.363962038,75,258,1.57,16.37,4,2
2026-01-31 05:34:18,2026-01-31 05:51:25.769122805,12,239,0.25,0.42,2,2
2026-01-14 16:16:11,2026-01-14 16:24:56.384584946,98,151,3.16,11.33,1,1
2026-01-02 18:11:43,2026-01-02 18:38:11.474089156,193,65,0.15,15.13,3,1
2026-01-28 04:14:54,2026-01-28 04:19:14.027819856,53,39,0.17,23.21,3,1
2026-01-06 19:21:22,2026-01-06 19:22:22.000000000,242,230,3.75,10.85,3,2
2026-01-17 08:25:42,2026-01-17 08:29:39.599299794,79,208,1.1,23.52,4,1
2026-01-31 12:29:40,2026-01-31 12:30:40.000000000,173,218,0.24,43.46,1,1
2026-01-24 02:06:34,2026-01-24 02:07:34.000000000,44,151,2.19,6.2,4,1
2026-01-02 10:27:34,2026-01-02 10:28:34.000000000,146,85,0.46,6.48,4,1
2026-01-26 10:27:23,2026-01-26 10:29:20.802680180,114,56,4.28,19.62,2,1
2026-01-05 23:57:50,2026-01-06 00:23:53.174072450,71,115,1.63,1.54,2,1
2026-01-24 05:31:06,2026-01-24 05:40:08.393976546,248,185,3.94,21.88,4,2
2026-01-20 05:59:26,2026-01-20 06:00:40.696333670,6,23,0.68,28.43,1,1
2026-01-09 22:09:50,2026-01-09 22:31:44.328285236,78,70,1.85,4.65,4,2
2026-01-14 03:09:55,2026-01-14 03:29:44.685467866,251,87,3.83,7.76,3,2
2026-01-04 15:40:33,2026-01-04 15:54:04.294341180,66,221,2.6,25.59,1,1
2026-01-31 14:10:02,2026-01-31 14:45:56.995173326,107,252,0.32,8.81,3,2
2026-01-08 09:19:25,2026-01-08 09:51:17.331968068,119,114,4.8,26.76,1,2
2026-01-10 13:39:24,2026-01-10 14:07:23.209292862,29,52,3.3,11.0,1,2
2026-01-16 14:08:20,2026-01-16 14:11:27.028918520,109,133,3.35,13.59,3,2
2026-01-21 20:15:03,2026-01-21 20:38:58.497757836,224,59,3.63,3.2,3,1
2026-01-16 15:55:33,2026-01-16 15:57:45.886016220,62,41,5.1,57.06,4,2
2026-01-16 15:49:24,2026-01-16 16:01:39.160884684,245,241,8.24,25.54,3,2
2026-01-19 01:29:14,2026-01-19 02:00:42.815933288,94,11,4.96,10.01,3,2
2026-01-27 14:07:34,2026-01-27 14:08:49.840195150,69,210,1.76,19.41,1,1
2026-01-13 05:57:20,2026-01-13 06:03:42.910571582,218,14,2.75,2.1,3,1
2026-01-26 19:06:18,2026-01-26 19:28:06.718577688,124,117,0.22,7.74,3,2
2026-01-25 09:26:49,2026-01-25 09:28:37.549978996,88,244,3.3,8.3,1,2
2026-01-30 18:59:19,2026-01-30 19:05:20.546141842,113,85,0.42,78.03,1,2
2026-01-29 07:23:11,2026-01-29 07:24:11.000000000,168,170,0.77,6.82,1,1
2026-01-25 17:50:45,2026-01-25 18:00:23.614860618,41,44,0.9,9.41,2,1
2026-01-08 15:33:48,2026-01-08 15:41:33.922840392,132,229,0.81,37.43,1,2
2026-01-25 00:04:38,2026-01-25 00:05:38.000000000,185,95,0.06,26.12,2,1
2026-01-23 19:58:23,2026-01-23 19:59:39.080419099,167,162,0.73,20.9,3,1
2026-01-09 23:23:20,2026-01-10 00:05:47.456378252,168,149,6.07,3.28,2,1
2026-01-22 00:24:39,2026-01-22 00:52:19.974725820,160,177,0.99,17.53,3,1
2026-01-08 20:12:33,2026-01-08 20:33:27.501070170,257,157,0.09,5.72,1,1
2026-01-17 05:10:45,2026-01-17 05:23:54.088642956,168,132,0.26,3.32,3,1
2026-01-25 16:46:54,2026-01-25 16:49:54.142016358,185,230,0.22,1.34,3,1
2026-01-06 20:15:59,2026-01-06 20:17:08.905701542,131,234,2.0,11.41,1,2
2026-01-11 10:41:34,2026-01-11 10:43:05.043810586,70,23,1.7,3.41,3,1
2026-01-25 15:39:10,2026-01-25 15:51:32.643360796,69,221,9.67,15.81,1,2
2026-01-15 01:37:15,2026-01-15 01:49:20.013655368,182,74,2.38,35.19,3,2
2026-01-30 18:42:21,2026-01-30 18:50:21.993079644,13,73,0.32,-5.0,2,2
2026-01-01 05:55:21,2026-01-01 05:56:51.220382328,246,239,1.43,1.16,4,1
2026-01-23 09:02:46,2026-01-23 09:12:32.868391000,34,54,0.94,2.64,1,1
2026-01-26 05:45:48,2026-01-26 05:58:54.918482376,130,9,5.13,5.09,3,2
2026-01-29 10:53:16,2026-01-29 11:10:16.542049120,225,183,2.27,6.15,3,2
2026-01-05 20:37:30,2026-01-05 20:51:46.681559736,251,126,2.3,15.35,2,1
2026-01-31 12:14:01,2026-01-31 12:16:03.234094168,260,30,0.85,10.86,4,1
2026-01-13 03:51:17,2026-01-13 03:56:30.885373532,179,58,0.11,7.24,4,2
2026-01-11 21:55:32,2026-01-11 22:04:07.828974728,142,83,1.26,7.42,1,1
2026-01-12 00:31:24,2026-01-12 00:35:48.085587486,135,94,0.7,23.44,3,2
2026-01-20 18:50:17,2026-01-20 19:01:25.751641946,67,59,1.88,2.54,1,2
2026-01-21 10:30:51,2026-01-21 11:08:08.579438484,239,137,0.9,4.41,2,1
2026-01-15 16:36:21,2026-01-15 16:39:42.310130628,102,231,3.17,12.6,1,2
2026-01-03 04:51:03,2026-01-03 05:01:14.309288418,235,110,1.84,13.58,3,1
2026-01-31 14:03:06,2026-01-31 14:38:06.452536890,78,170,1.81,114.33,4,1
2026-01-07 21:14:39,2026-01-07 21:41:11.752143378,207,23,1.25,48.54,2,1
2026-01-03 21:47:34,2026-01-03 21:50:11.720690608,206,81,10.51,13.52,2,2
2026-01-19 12:27:09,2026-01-19 12:49:51.401016096,213,197,4.96,11.98,3,1
2026-01-13 18:48:24,2026-01-13 19:13:55.639119648,198,50,1.47,6.52,1,2
2026-01-20 01:58:55,2026-01-20 02:05:52.421143846,10,66,0.09,15.54,3,2
2026-01-28 03:24:03,2026-01-28 03:38:18.535824480,100,129,5.25,0.28,1,2
2026-01-04 00:24:34,2026-01-04 00:33:21.541814782,37,186,1.35,0.15,3,1
2026-01-09 19:20:03,2026-01-09 19:53:28.809709194,222,75,0.3,16.31,3,2
2026-01-17 00:19:45,2026-01-17 00:28:47.586374214,228,181,3.11,8.06,3,1
2026-01-25 10:07:04,2026-01-25 10:08:27.435608626,200,61,3.12,9.53,3,2
2026-01-19 14:52:42,2026-01-19 15:05:05.143517556,102,226,3.13,20.31,3,1
2026-01-12 20:47:26,2026-01-12 21:10:19.536213056,29,59,0.4,2.36,1,2
2026-01-19 21:53:08,2026-01-19 22:00:10.744667006,48,182,0.23,5.1,4,1
2026-01-31 09:06:14,2026-01-31 09:10:31.122817315,194,29,1.16,13.05,1,2
2026-01-15 21:09:35,2026-01-15 21:11:19.718675714,164,104,0.34,21.24,1,2
2026-01-28 09:20:46,2026-01-28 09:27:45.669321370,226,99,0.94,1.33,2,1
2026-01-25 04:17:14,2026-01-25 04:30:14.383064954,263,153,5.22,4.9,1,2
2026-01-10 08:10:56,2026-01-10 08:14:03.532211162,178,129,1.64,24.55,3,1
2026-01-08 17:37:49,2026-01-08 17:47:21.168512950,96,25,2.69,30.28,4,2
2026-01-24 21:01:25,2026-01-24 21:13:17.496399724,145,249,2.88,3.15,4,2
2026-01-07 10:21:53,2026-01-07 10:22:53.000000000,118,4,0.33,8.97,1,2
2026-01-11 10:37:16,2026-01-11 10:40:12.577828696,138,151,1.29,9.9,4,1
2026-01-08 07:08:07,2026-01-08 07:20:30.678415708,102,231,5.05,14.04,3,2
2026-01-19 19:08:02,2026-01-19 19:13:58.356973448,218,263,1.54,5.34,3,2
2026-01-10 02:50:23,2026-01-10 02:59:10.716841688,151,94,-1.0,4.07,1,1
2026-01-21 09:54:34,2026-01-21 10:03:10.017259672,54,84,1.1,7.15,4,2
2026-01-29 23:31:26,2026-01-29 23:58:24.218997548,181,9,0.64,4.6,3,2
2026-01-26 17:13:08,2026-01-26 17:38:05.980477466,182,247,0.9,2.32,1,2
2026-01-30 09:16:39,2026-01-30 09:20:51.808384332,171,152,1.01,4.1,1,2
2026-01-01 18:11:29,2026-01-01 18:14:05.688820022,215,126,0.04,0.77,1,1
2026-01-15 02:51:31,2026-01-15 03:18:20.711966188,166,64,0.1,4.26,2,2
2026-01-07 19:47:50,2026-01-07 19:50:05.822141750,151,58,0.39,3.41,4,2
2026-01-29 10:53:38,2026-01-29 11:16:01.643330174,194,183,0.81,9.21,1,1
2026-01-23 01:40:00,2026-01-23 02:10:36.104419290,75,125,1.31,8.03,4,2
2026-01-10 22:14:39,2026-01-10 22:17:45.246832314,18,69,0.05,8.57,4,1
2026-01-18 11:15:40,2026-01-18 11:31:37.647125968,88,71,0.85,33.07,3,1
2026-01-19 18:26:29,2026-01-19 18:33:46.199280014,88,16,1.96,17.04,1,2
2026-01-16 08:43:48,2026-01-16 08:56:46.335330348,29,123,0.16,6.84,3,1
2026-01-15 16:55:04,2026-01-15 16:56:04.000000000,230,117,6.46,12.89,3,1
2026-01-02 17:04:34,2026-01-02 17:07:54.117216388,187,245,2.55,2.13,2,1
2026-01-15 00:37:53,2026-01-15 01:31:12.681727454,19,5,0.16,15.06,4,1
2026-01-11 19:07:02,2026-01-11 19:08:02.000000000,257,234,0.01,74.2,4,1
2026-01-26 08:46:41,2026-01-26 08:52:13.173689966,255,65,-1.0,5.18,4,1
2026-01-27 19:38:04,2026-01-27 19:48:17.416190272,118,180,1.9,60.07,3,2
2026-01-24 06:18:34,2026-01-24 06:21:27.181978978,87,253,1.04,20.5,3,2
2026-01-01 22:59:03,2026-01-01 23:03:29.955655068,153,10,1.54,13.44,2,1
2026-01-27 01:52:22,2026-01-27 01:53:46.851679180,248,118,0.56,5.63,4,1
2026-01-13 06:56:54,2026-01-13 07:08:17.377729290,46,237,1.41,0.05,3,1
2026-01-13 21:46:42,2026-01-13 21:47:42.000000000,117,58,0.38,6.36,2,2
2026-01-30 07:11:25,2026-01-30 07:27:50.589813274,223,59,2.88,0.35,4,2
2026-01-27 21:16:04,2026-01-27 21:31:59.981874550,88,7,2.05,1.3,4,1
2026-01-02 13:51:18,2026-01-02 13:52:30.559652322,78,54,1.83,4.48,2,2
2026-01-12 03:42:56,2026-01-12 03:48:14.764883570,141,40,2.79,2.72,4,2
2026-01-24 05:46:51,2026-01-24 05:47:51.000000000,75,211,2.55,16.04,1,1
2026-01-17 16:54:08,2026-01-17 16:57:37.834285118,139,184,0.39,2.16,4,2
2026-01-08 23:39:49,2026-01-08 23:41:22.837442350,183,5,1.89,14.05,4,2
2026-01-17 06:26:01,2026-01-17 06:29:53.384046022,71,8,4.85,7.47,4,2
2026-01-27 20:45:25,2026-01-27 21:08:49.829486002,141,3,3.77,32.88,4,2
2026-01-07 22:07:38,2026-01-07 22:08:52.609596158,215,82,0.56,104.59,1,1
2026-01-24 03:04:28,2026-01-24 03:07:44.085454798,249,135,2.12,9.5,4,1
2026-01-23 18:39:43,2026-01-23 18:41:14.962853824,53,4,9.92,20.64,1,2
2026-01-28 10:57:52,2026-01-28 11:10:02.514882064,165,123,1.04,8.14,3,1
2026-01-10 05:40:06,2026-01-10 05:57:53.225854764,124,67,0.53,2.25,2,1
2026-01-07 16:38:52,2026-01-07 16:56:01.246890898,146,242,0.19,10.14,4,1
2026-01-17 23:27:18,2026-01-17 23:34:27.196607088,213,40,2.26,7.64,1,2
2026-01-17 11:16:54,2026-01-17 11:18:25.858323402,33,223,0.94,16.71,3,1
2026-01-13 16:41:38,2026-01-13 16:48:51.787892702,179,75,0.81,3.85,2,2
2026-01-25 03:46:36,2026-01-25 03:51:57.550723542,173,211,0.37,0.86,3,1
2026-01-25 18:29:31,2026-01-25 18:32:08.899413364,197,169,1.16,12.02,2,1
2026-01-08 14:48:02,2026-01-08 15:37:08.481577952,248,155,5.55,20.35,2,2
2026-01-25 15:52:26,2026-01-25 15:57:17.375693738,150,18,2.08,27.99,3,1
2026-01-08 03:40:30,2026-01-08 04:17:49.232435286,71,219,5.85,18.63,4,1
2026-01-13 15:16:46,2026-01-13 15:24:01.562538136,199,223,0.92,24.05,1,1
2026-01-01 20:13:24,2026-01-01 20:30:44.753428260,51,242,1.71,14.09,2,1
2026-01-11 13:15:11,2026-01-11 13:41:25.587926942,93,63,0.46,27.6,2,1
2026-01-30 17:08:07,2026-01-30 17:09:45.122725720,63,27,3.59,0.54,1,2
2026-01-14 17:15:59,2026-01-14 17:47:43.203004094,232,48,2.44,18.87,1,2
2026-01-23 00:15:09,2026-01-23 00:24:50.645512224,158,131,0.42,22.58,2,2
2026-01-04 08:17:51,2026-01-04 08:31:01.770111036,208,22,0.34,6.84,3,2
2026-01-20 16:51:24,2026-01-20 17:08:36.500775294,15,193,4.51,1.7,1,2
2026-01-12 12:27:07,2026-01-12 12:47:49.902554350,99,38,5.1,9.01,4,2
2026-01-24 01:31:55,2026-01-24 02:22:15.050570602,185,60,0.1,1.9,3,1
2026-01-29 18:26:46,2026-01-29 18:49:13.776737344,71,150,3.27,18.87,2,2
2026-01-17 11:31:12,2026-01-17 11:37:51.633836532,98,54,0.71,4.39,3,2
2026-01-04 04:30:13,2026-01-04 04:35:26.943310978,145,143,10.29,4.19,4,1
2026-01-15 18:14:36,2026-01-15 18:34:22.845948870,26,187,0.73,6.26,1,2
2026-01-04 19:35:34,2026-01-04 19:40:58.073056822,32,60,-1.0,6.49,1,1
2026-01-14 22:27:07,2026-01-14 22:45:09.294798070,31,223,1.82,34.57,2,1
2026-01-02 21:29:36,2026-01-02 22:04:34.770517668,76,120,0.23,17.76,2,1
2026-01-20 20:29:12,2026-01-20 20:53:28.574906064,58,199,0.12,45.07,4,2
2026-01-10 14:58:30,2026-01-10 15:49:12.547154694,53,56,3.19,3.43,2,1
2026-01-07 05:56:31,2026-01-07 05:57:31.000000000,40,203,0.7,8.52,3,1
2026-01-01 12:52:25,2026-01-01 13:08:20.560971940,35,66,2.67,9.41,3,2
2026-01-28 12:42:56,2026-01-28 13:20:45.852605426,105,24,1.74,8.65,4,2
2026-01-26 22:52:25,2026-01-26 23:02:05.874695266,204,238,6.42,0.35,3,2
2026-01-26 03:56:37,2026-01-26 03:57:37.000000000,244,69,0.85,15.25,1,1
2026-01-02 19:15:13,2026-01-02 19:16:36.969856948,49,154,2.47,6.26,4,1
2026-01-11 20:04:31,2026-01-11 20:13:17.795868958,51,197,1.7,4.77,2,1
2026-01-31 02:41:02,2026-01-31 02:47:00.265577900,20,128,0.46,54.87,1,2
2026-01-18 22:29:07,2026-01-18 22:40:44.191731124,211,140,2.15,3.81,2,1
2026-01-04 23:36:02,2026-01-04 23:43:36.317315755,239,245,0.18,31.72,1,1
2026-01-05 08:55:27,2026-01-05 09:11:00.264702042,2,201,2.1,35.67,4,1
2026-01-09 03:45:17,2026-01-09 04:11:36.446816606,111,129,0.9,23.68,2,2
2026-01-31 03:25:32,2026-01-31 03:41:25.703566256,9,7,5.67,22.58,4,1
2026-01-06 06:11:28,2026-01-06 06:24:54.226781218,25,247,0.7,0.48,1,2
2026-01-28 23:45:07,2026-01-28 23:46:07.000000000,84,80,2.1,5.76,3,2
2026-01-22 00:26:31,2026-01-22 01:07:24.005520724,74,177,0.78,22.97,3,2
2026-01-29 13:53:30,2026-01-29 14:03:03.393302363,206,156,5.23,5.16,3,2
2026-01-26 14:33:12,2026-01-26 14:34:34.699941744,257,181,2.92,3.59,3,2
2026-01-11 07:07:45,2026-01-11 07:34:03.608306550,208,111,3.08,12.99,4,1
2026-01-26 15:57:15,2026-01-26 16:03:03.042604716,79,175,0.32,7.87,3,2
2026-01-06 05:50:10,2026-01-06 06:08:40.525960569,60,90,1.13,8.81,1,2
2026-01-10 00:28:51,2026-01-10 00:33:34.358997750,77,9,4.0,45.48,4,2
2026-01-07 13:33:30,2026-01-07 13:41:18.554436540,29,155,2.53,35.69,1,2
2026-01-05 03:04:38,2026-01-05 03:07:21.307135838,156,210,1.1,26.99,3,1
2026-01-03 18:57:39,2026-01-03 19:34:04.396301970,128,212,0.43,0.89,1,2
2026-01-06 19:25:30,2026-01-06 19:42:15.850080192,46,11,1.21,7.38,1,2
2026-01-04 17:21:44,2026-01-04 17:50:51.514734992,38,110,2.21,7.52,2,2
2026-01-12 19:02:10,2026-01-12 19:05:53.831659006,170,146,5.32,15.55,4,1
2026-01-03 05:03:02,2026-01-03 05:05:39.519851582,42,79,6.88,21.75,4,1
2026-01-02 21:35:23,2026-01-02 21:38:45.148390472,239,103,5.2,36.96,4,1
2026-01-31 16:25:42,2026-01-31 16:38:44.539109016,30,4,4.35,10.73,4,2
2026-01-03 17:14:40,2026-01-03 17:24:11.507251623,144,26,0.1,5.06,2,2
2026-01-03 07:05:56,2026-01-03 07:13:30.675419018,22,131,3.23,5.73,2,2
2026-01-01 22:23:56,2026-01-01 22:25:45.890707802,101,123,6.47,10.02,1,2
2026-01-05 02:36:40,2026-01-05 02:37:40.000000000,219,156,10.2,12.42,1,1
2026-01-17 08:46:18,2026-01-17 08:54:42.543259188,60,99,0.09,7.63,2,2
2026-01-26 15:28:38,2026-01-26 15:29:38.000000000,234,50,0.66,1.39,1,2
2026-01-23 18:45:36,2026-01-23 18:54:47.898032610,133,137,2.73,2.88,2,1
2026-01-18 23:41:55,2026-01-18 23:48:39.108844408,186,27,2.6,2.94,4,2
2026-01-03 15:15:29,2026-01-03 15:40:49.490867960,7,125,2.76,7.85,3,2
2026-01-25 00:09:59,2026-01-25 00:12:31.524225512,105,107,1.13,15.83,1,1
2026-01-02 03:42:54,2026-01-02 03:54:26.037778728,212,60,0.14,2.79,1,2
2026-01-20 13:23:54,2026-01-20 13:31:29.094576102,181,160,1.27,8.73,3,2
2026-01-13 16:32:34,2026-01-13 16:44:08.061743494,48,235,2.09,1.45,3,2
2026-01-28 08:20:17,2026-01-28 08:21:17.000000000,251,226,7.28,2.21,2,1
2026-01-10 12:48:16,2026-01-10 12:49:16.000000000,21,97,0.64,15.72,4,1
2026-01-20 19:01:11,2026-01-20 19:14:10.690679276,23,39,4.93,12.61,2,2
2026-01-14 15:21:22,2026-01-14 15:45:35.071543342,149,178,0.13,14.0,4,2
2026-01-17 04:27:39,2026-01-17 04:50:24.082559934,154,138,1.22,5.46,1,1
2026-01-30 02:27:56,2026-01-30 02:40:14.728603244,32,207,3.75,0.99,3,2
2026-01-23 02:17:08,2026-01-23 02:21:31.143021458,213,154,0.29,3.76,4,1
2026-01-13 20:25:46,2026-01-13 20:41:23.642747998,174,173,0.46,26.86,2,2
2026-01-14 20:51:36,2026-01-14 21:27:32.629426110,173,149,0.45,1.9,4,2
2026-01-22 20:12:03,2026-01-22 20:50:51.995772942,148,38,0.03,29.99,4,2
2026-01-11 17:28:17,2026-01-11 17:36:03.347530568,174,59,0.04,15.36,3,1
2026-01-06 04:53:10,2026-01-06 04:55:09.447377710,35,202,-1.0,9.15,2,1
2026-01-15 11:56:00,2026-01-15 12:14:53.213798274,24,114,0.48,18.38,3,1
2026-01-03 02:45:34,2026-01-03 02:49:55.734392392,245,209,2.16,3.0,3,1
2026-01-06 06:16:02,2026-01-06 06:20:11.998860074,111,102,7.2,4.8,1,1
2026-01-14 01:00:25,2026-01-14 01:06:45.795694942,207,227,0.3,23.75,4,2
2026-01-25 16:38:57,2026-01-25 16:40:46.347335958,41,97,2.22,2.8,4,1
2026-01-25 05:22:28,2026-01-25 05:24:15.998856880,164,24,0.4,21.78,3,2
2026-01-09 01:57:49,2026-01-09 01:59:47.453051956,261,251,2.8,0.44,2,1
2026-01-14 01:54:51,2026-01-14 02:08:25.399105692,201,150,0.49,18.91,1,1
2026-01-05 18:13:38,2026-01-05 18:14:38.000000000,201,239,6.3,12.3,4,2
2026-01-24 09:54:05,2026-01-24 09:55:33.345494816,202,146,1.75,7.92,3,2
2026-01-08 15:17:09,2026-01-08 15:18:09.000000000,70,214,4.82,5.71,2,2
2026-01-25 18:50:51,2026-01-25 18:51:52.266363618,32,47,5.82,0.93,4,1
2026-01-27 02:30:00,2026-01-27 02:31:00.000000000,130,260,1.89,1.01,2,1
2026-01-22 08:40:45,2026-01-22 08:50:47.387566176,102,120,2.52,7.03,1,1
2026-01-11 05:40:11,2026-01-11 05:52:28.903316870,250,123,1.96,1.35,2,1
2026-01-30 12:57:51,2026-01-30 13:10:16.065654864,189,248,1.12,18.31,2,2
2026-01-22 06:25:15,2026-01-22 06:40:52.067418000,44,155,0.11,7.93,2,1
2026-01-21 00:30:16,2026-01-21 00:39:36.938466778,87,49,2.82,6.9,4,2
2026-01-27 13:10:07,2026-01-27 13:40:11.805087178,189,76,6.11,0.64,2,2
2026-01-28 07:48:47,2026-01-28 07:54:06.830365760,247,228,3.66,13.21,2,2
2026-01-03 09:50:31,2026-01-03 09:51:31.000000000,151,101,2.34,5.36,3,2
2026-01-28 07:52:16,2026-01-28 07:59:36.088432378,81,131,0.59,14.15,2,2
2026-01-24 17:10:41,2026-01-24 17:12:18.007566254,13,216,3.95,19.04,4,1
2026-01-07 09:39:08,2026-01-07 09:41:51.034841480,105,122,0.04,14.92,4,2
2026-01-10 12:54:11,2026-01-10 12:55:48.859060370,47,115,0.27,20.32,1,1
2026-01-24 07:58:58,2026-01-24 08:00:24.123060304,115,260,4.52,10.6,3,2
2026-01-07 17:10:01,2026-01-07 17:12:45.133007944,2,6,6.11,11.8,3,1
2026-01-15 00:35:48,2026-01-15 00:48:46.873498602,216,164,0.1,1.45,3,1
2026-01-22 08:32:33,2026-01-22 08:36:22.672710024,125,76,1.31,1.31,1,1
2026-01-21 03:57:51,2026-01-21 03:58:51.000000000,130,41,2.3,1.34,3,2
2026-01-29 04:53:19,2026-01-29 05:01:03.917810080,27,168,0.4,8.55,3,2
2026-01-04 10:59:00,2026-01-04 11:24:15.625513806,251,141,0.47,23.56,1,2
2026-01-10 03:29:39,2026-01-10 03:34:59.218443468,23,32,0.59,25.14,1,2
2026-01-31 12:45:00,2026-01-31 13:00:19.408632180,10,249,4.43,2.37,3,1
2026-01-18 15:12:44,2026-01-18 15:13:44.000000000,233,81,1.22,30.62,4,2
2026-01-08 17:02:16,2026-01-08 17:03:16.000000000,53,210,12.29,12.17,4,1
2026-01-09 23:38:11,2026-01-09 23:39:57.578415272,50,259,3.51,2.07,4,1
2026-01-11 12:22:26,2026-01-11 12:23:46.252405514,103,154,1.56,31.53,1,1
2026-01-18 04:23:18,2026-01-18 04:54:57.313385754,176,222,1.16,38.61,1,2
2026-01-09 19:41:57,2026-01-09 19:43:34.779075132,253,212,2.72,0.33,1,1
2026-01-20 06:39:55,2026-01-20 06:40:56.298814228,74,227,1.45,0.23,1,1
2026-01-14 19:16:44,2026-01-14 19:20:27.096223832,19,251,0.47,1.08,2,2
2026-01-19 22:05:22,2026-01-19 22:25:44.559244732,68,109,2.15,11.97,3,1
2026-01-05 19:24:36,2026-01-05 19:47:20.020545666,63,238,3.16,45.7,4,2
2026-01-20 07:55:06,2026-01-20 08:02:00.325366722,230,35,0.36,30.38,2,1
2026-01-29 16:00:27,2026-01-29 16:26:18.805315392,102,21,4.43,3.24,3,2
2026-01-05 04:29:57,2026-01-05 04:42:51.256714446,123,196,1.7,2.27,2,2
2026-01-11 03:37:03,2026-01-11 03:38:48.951138588,54,42,5.58,3.66,2,1
2026-01-22 11:59:38,2026-01-22 12:30:30.581945072,158,64,3.2,11.08,3,1
2026-01-20 03:20:56,2026-01-20 03:43:04.932017876,259,70,-1.0,12.36,4,2
2026-01-21 22:00:51,2026-01-21 23:26:50.428647900,190,55,3.14,0.68,4,2
2026-01-18 08:18:57,2026-01-18 08:22:14.472513786,208,235,6.31,10.53,2,1
2026-01-22 03:50:44,2026-01-22 03:52:12.938684228,90,25,1.06,30.83,2,2
2026-01-19 21:23:03,2026-01-19 21:24:03.000000000,177,175,0.6,27.19,2,1
2026-01-03 07:06:30,2026-01-03 07:42:32.317752504,193,90,2.38,0.64,1,2
2026-01-24 06:57:17,2026-01-24 07:00:17.341917614,185,60,2.3,7.36,4,1
2026-01-14 20:26:53,2026-01-14 20:36:38.660801162,179,137,0.74,6.85,2,1
2026-01-02 14:16:45,2026-01-02 14:17:45.000000000,43,74,1.98,1.79,3,2
2026-01-13 16:19:19,2026-01-13 16:31:00.024488392,182,92,7.32,13.36,2,1
2026-01-14 11:46:25,2026-01-14 11:48:48.626743594,239,27,4.58,9.29,4,2
2026-01-03 16:30:48,2026-01-03 16:49:24.506844654,227,83,14.11,5.72,1,1
,2026-01-31 21:10:46.067335258,137,100,1.05,28.79,2,1
2026-01-07 21:26:30,2026-01-07 22:30:38.378624616,95,12,3.55,8.83,3,1
2026-01-11 06:00:33,2026-01-11 06:16:39.861480762,229,262,1.76,5.72,4,2
2026-01-14 16:04:34,2026-01-14 16:25:59.513359936,49,93,6.01,15.71,3,2
2026-01-26 19:23:04,2026-01-26 19:24:23.790557956,151,258,1.02,80.37,1,1
2026-01-24 00:43:20,2026-01-24 00:53:06.747324446,84,61,0.49,43.04,3,2
2026-01-24 21:35:47,2026-01-24 21:39:48.936952051,118,164,2.43,14.59,3,1
2026-01-08 08:22:27,2026-01-08 08:29:59.288314386,198,235,0.02,30.7,4,1
2026-01-27 05:00:12,2026-01-27 05:27:08.625906336,260,92,1.33,9.91,3,2
2026-01-26 17:20:02,2026-01-26 17:40:49.809153812,87,239,1.71,21.03,1,1
2026-01-15 09:06:40,2026-01-15 09:12:23.934969394,147,40,2.93,7.74,1,1
2026-01-17 22:04:26,2026-01-17 22:23:32.196449510,107,158,0.09,13.56,3,1
2026-01-02 03:37:55,2026-01-02 03:50:00.597803422,221,100,8.34,23.47,4,2
2026-01-24 13:45:13,2026-01-24 13:49:45.284601904,235,73,1.19,46.99,4,2
2026-01-30 18:55:35,2026-01-30 19:26:31.186979012,57,84,7.78,22.5,3,1
2026-01-15 15:34:53,2026-01-15 15:43:57.661739342,60,218,2.7,25.39,2,1
2026-01-17 18:07:58,2026-01-17 18:08:58.000000000,186,206,0.01,5.2,4,2
2026-01-16 11:24:01,2026-01-16 11:47:22.390532674,220,130,0.93,2.37,2,1
2026-01-03 13:29:15,2026-01-03 13:30:15.000000000,178,202,0.1,42.03,3,2
2026-01-20 05:04:16,2026-01-20 05:15:53.765527366,165,85,1.01,6.57,4,2
2026-01-23 08:45:20,2026-01-23 08:48:45.949956194,167,111,2.16,10.71,3,2
2026-01-29 18:24:36,2026-01-29 18:25:36.000000000,68,233,0.65,77.24,2,1
2026-01-29 19:45:38,2026-01-29 20:08:01.313932232,123,240,2.28,7.54,2,2
2026-01-16 05:54:30,2026-01-16 06:31:31.933775783,238,146,0.25,28.93,4,1
2026-01-30 17:29:01,2026-01-30 17:40:01.236417663,26,209,1.4,5.2,1,1
2026-01-17 09:19:16,2026-01-17 09:25:29.706189700,103,48,0.54,3.59,3,2
2026-01-20 21:40:51,2026-01-20 21:45:35.206541736,243,12,0.35,16.67,4,1
2026-01-19 15:53:08,2026-01-19 15:54:08.000000000,30,165,2.8,8.87,1,2
2026-01-31 23:01:10,2026-01-31 23:15:56.787261484,119,8,6.47,2.12,1,1
2026-01-23 20:42:40,2026-01-23 21:02:43.051654174,142,39,1.41,0.32,3,2
2026-01-04 17:17:00,2026-01-04 17:21:38.276049858,93,232,0.72,10.14,4,2
2026-01-03 05:27:23,2026-01-03 05:45:44.983204772,162,72,2.43,32.82,2,1
2026-01-13 16:57:04,2026-01-13 16:59:35.974162750,259,264,6.27,1.34,3,2
2026-01-16 23:40:17,2026-01-17 00:10:08.494149368,219,47,1.21,28.71,2,2
2026-01-21 17:27:21,2026-01-21 17:34:40.159178418,185,102,0.7,1.26,3,1
2026-01-15 22:18:14,2026-01-15 22:20:14.897396240,206,81,1.58,9.34,1,1
2026-01-16 22:53:33,2026-01-16 22:54:33.000000000,92,111,3.46,7.81,2,1
2026-01-29 13:44:01,2026-01-29 14:10:10.311749410,53,223,4.03,14.25,4,2
2026-01-11 09:08:59,2026-01-11 09:09:59.000000000,237,1,1.44,9.21,2,2
2026-01-16 07:10:08,2026-01-16 07:24:48.930130676,11,117,3.04,14.38,2,1
2026-01-18 06:41:40,2026-01-18 06:46:10.745427058,133,105,1.74,16.19,1,2
2026-01-15 12:25:49,2026-01-15 12:30:13.589635954,32,110,1.23,47.39,3,2
2026-01-31 00:16:53,2026-01-31 00:20:51.045599486,36,225,1.15,23.25,3,2
2026-01-30 19:52:36,2026-01-30 19:54:12.838430400,119,135,3.71,3.18,4,2
2026-01-16 21:45:43,2026-01-16 22:06:13.432965039,36,155,2.37,3.76,2,1
2026-01-14 23:13:43,2026-01-14 23:16:27.978734944,72,90,0.42,3.14,1,2
2026-01-19 06:11:34,2026-01-19 06:25:30.325404304,132,214,2.03,14.23,3,2
2026-01-06 14:34:40,2026-01-06 14:59:10.832171271,175,262,0.32,3.06,3,1
2026-01-14 04:55:47,2026-01-14 05:09:08.205997592,231,122,0.01,27.08,2,2
2026-01-07 17:23:08,2026-01-07 17:39:37.042531070,35,50,1.31,0.61,1,2
2026-01-05 11:10:24,2026-01-05 11:55:58.051351722,105,192,1.51,9.26,4,2
2026-01-03 22:49:10,2026-01-03 22:57:55.727315866,190,38,0.86,1.17,4,1
2026-01-19 04:46:41,2026-01-19 05:01:31.574306276,155,117,1.94,2.05,2,2
2026-01-01 00:25:21,2026-01-01 00:27:52.381631376,57,21,2.81,8.54,4,1
2026-01-21 00:45:09,2026-01-21 00:50:11.711423436,174,196,2.33,17.89,3,1
2026-01-14 09:22:03,2026-01-14 09:39:38.029802892,253,127,2.98,18.49,4,1
2026-01-12 08:39:47,2026-01-12 08:51:28.106198156,225,84,4.99,71.73,2,1
2026-01-24 20:18:59,2026-01-24 20:33:58.287627692,195,45,7.67,18.93,1,2
2026-01-17 16:49:47,2026-01-17 17:01:01.377067136,247,93,1.46,2.25,4,1
2026-01-23 17:41:56,2026-01-23 18:15:10.579921352,245,17,0.05,28.9,4,1
2026-01-22 23:50:56,2026-01-22 23:55:45.587062916,135,46,0.74,8.04,3,2
2026-01-01 23:55:08,2026-01-02 00:08:56.286216644,142,34,3.97,4.16,1,2
2026-01-07 16:19:34,2026-01-07 16:31:17.073549448,178,143,1.19,1.5,3,2
2026-01-18 16:04:02,2026-01-18 16:07:38.193857600,136,170,0.74,3.32,3,1
2026-01-31 05:48:22,2026-01-31 05:54:47.659446826,146,113,1.43,21.97,2,1
2026-01-05 18:47:11,2026-01-05 18:51:20.739674294,215,66,0.11,52.15,3,2
2026-01-04 06:32:06,2026-01-04 06:42:21.943831092,259,48,3.72,1.4,2,2
,2026-01-30 04:18:29.289007910,82,92,0.79,0.37,3,2
2026-01-30 23:18:02,2026-01-30 23:19:11.380241276,6,146,0.34,8.58,2,2
2026-01-06 04:31:10,2026-01-06 04:34:46.704580528,207,203,0.68,6.42,2,1
2026-01-13 10:52:14,2026-01-13 10:58:28.685588450,15,66,2.57,6.21,3,1
2026-01-20 10:13:10,2026-01-20 10:23:18.740186590,90,48,5.23,2.54,4,2
2026-01-07 01:14:58,2026-01-07 01:17:22.767987532,155,231,0.94,8.26,4,1
2026-01-11 02:43:16,2026-01-11 02:50:37.713281572,143,196,1.14,13.29,2,2
2026-01-13 06:05:41,2026-01-13 06:07:37.513466408,195,185,3.48,0.02,1,1
2026-01-20 21:19:17,2026-01-20 21:21:15.857304224,113,183,2.29,13.46,1,2
2026-01-10 13:11:59,2026-01-10 13:14:41.529544730,19,262,0.47,1.51,2,2
2026-01-13 18:43:13,2026-01-13 18:52:06.169555918,16,222,-1.0,2.5,4,2
2026-01-09 23:26:59,2026-01-09 23:46:10.001681522,109,54,0.7,9.16,4,1
2026-01-24 13:10:27,2026-01-24 13:15:20.221699482,238,240,2.36,17.13,4,2
2026-01-05 17:51:28,2026-01-05 18:02:00.473447524,227,245,0.24,13.42,3,1
2026-01-08 03:37:30,2026-01-08 03:43:48.318771198,133,140,0.83,7.94,1,2
2026-01-08 17:59:32,2026-01-08 18:40:18.230201084,260,140,0.61,20.96,3,2
2026-01-29 01:54:32,2026-01-29 02:32:44.648920022,22,243,0.22,5.43,4,2
2026-01-30 06:41:25,2026-01-30 06:49:18.318004744,201,183,0.0,7.77,2,1
2026-01-16 12:09:21,2026-01-16 12:29:35.394333396,194,239,3.63,11.88,1,2
2026-01-05 20:21:42,2026-01-05 20:29:20.412926946,189,29,1.42,1.63,1,1
2026-01-24 10:31:59,2026-01-24 10:38:46.586120912,47,240,2.4,4.59,4,1
2026-01-16 06:06:55,2026-01-16 06:18:14.835436642,222,187,4.21,61.67,2,2
2026-01-27 08:11:57,2026-01-27 08:34:35.477577942,168,45,3.98,2.0,2,1
2026-01-12 03:50:09,2026-01-12 04:19:43.209869261,76,116,0.76,11.11,1,1
2026-01-31 23:07:42,2026-01-31 23:10:39.077723418,178,168,2.72,27.91,1,1
2026-01-26 00:24:37,2026-01-26 00:40:15.642708556,111,97,1.57,5.71,3,2
2026-01-07 22:36:56,2026-01-07 22:41:18.003961886,242,151,2.4,5.19,2,2
2026-01-23 11:48:21,2026-01-23 11:53:31.704027636,193,152,0.02,4.14,4,1
2026-01-09 21:26:52,2026-01-09 21:28:18.067626802,167,194,2.98,4.07,2,2
2026-01-11 20:14:42,2026-01-11 20:27:32.761577808,248,65,0.06,2.61,2,2
2026-01-08 18:19:19,2026-01-08 18:47:53.517277762,63,238,3.04,1.98,4,1
2026-01-22 03:34:17,2026-01-22 03:36:59.547597002,170,129,0.18,6.49,3,1
2026-01-09 03:34:34,2026-01-09 03:43:28.104125818,122,68,1.99,5.01,1,1
2026-01-20 19:15:59,2026-01-20 19:28:17.609005568,30,209,1.8,9.05,1,1
2026-01-19 01:20:19,2026-01-19 02:23:38.089253968,106,117,1.96,13.27,1,1
2026-01-24 06:35:39,2026-01-24 06:37:55.964343210,46,16,1.13,4.24,3,1
2026-01-31 19:10:50,2026-01-31 19:33:20.143835168,56,79,1.22,20.97,2,2
2026-01-01 06:33:44,2026-01-01 07:25:32.771351546,90,244,4.19,1.71,2,1
2026-01-31 16:46:00,2026-01-31 16:54:08.644973358,81,210,2.18,19.2,4,2
2026-01-04 09:21:32,2026-01-04 09:31:56.259268538,161,170,2.82,0.09,4,2
2026-01-17 07:55:09,2026-01-17 07:56:32.417560530,105,143,2.28,20.72,3,2
2026-01-11 13:37:19,2026-01-11 13:40:53.991434518,159,140,0.39,6.96,4,1
2026-01-20 19:26:10,2026-01-20 19:58:29.544648418,18,27,5.25,19.05,2,1
2026-01-23 08:58:19,2026-01-23 09:32:23.087479582,231,141,2.05,42.42,2,1
2026-01-27 15:49:05,2026-01-27 15:51:21.380201474,3,234,2.78,1.97,3,1
2026-01-13 11:04:22,2026-01-13 11:16:41.924145550,88,116,6.44,27.38,4,2
2026-01-29 22:06:08,2026-01-29 22:09:49.091665226,153,210,0.1,13.52,3,1
2026-01-10 23:53:30,2026-01-10 23:59:45.061567902,208,259,0.17,15.27,4,1
2026-01-07 07:40:20,2026-01-07 07:41:30.424576214,139,221,3.32,18.59,2,2
2026-01-12 18:04:27,2026-01-12 18:09:56.623421868,108,240,1.67,7.16,1,1
2026-01-17 09:14:06,2026-01-17 09:27:07.842932196,57,130,4.85,33.8,4,1
2026-01-21 17:06:39,2026-01-21 17:09:04.426863516,263,168,5.66,1.69,1,2
2026-01-26 19:37:50,2026-01-26 19:40:46.219490930,149,264,0.57,0.55,2,2
2026-01-07 23:17:37,2026-01-07 23:28:20.063650078,223,211,0.53,14.84,2,2
2026-01-10 09:34:56,2026-01-10 09:57:33.272401748,48,41,3.06,6.7,3,2
2026-01-30 02:22:38,2026-01-30 02:31:31.196300786,97,136,0.51,14.9,2,1
2026-01-14 15:13:04,2026-01-14 15:16:04.150507408,168,213,1.86,9.69,1,1
2026-01-08 11:43:43,2026-01-08 12:28:31.161505288,172,96,1.69,35.56,3,1
2026-01-31 13:18:07,2026-01-31 13:42:17.430725758,247,150,0.82,25.25,3,1
2026-01-14 22:02:04,2026-01-14 22:08:29.789169898,37,35,2.51,28.16,2,2
2026-01-31 12:52:29,2026-01-31 13:05:24.832028600,121,249,1.97,1.68,3,2
2026-01-29 11:58:15,2026-01-29 11:59:55.808553726,173,108,5.79,-5.0,3,2
2026-01-29 02:08:36,2026-01-29 02:43:24.692125080,186,255,0.19,2.15,1,1
2026-01-19 00:53:16,2026-01-19 01:11:23.707725382,230,37,0.57,31.4,3,2
2026-01-25 18:02:44,2026-01-25 18:04:29.297841986,53,257,0.07,11.16,2,1
2026-01-30 18:39:11,2026-01-30 19:26:03.086958578,38,161,3.19,2.14,1,1
2026-01-09 08:13:59,2026-01-09 08:15:54.313821992,184,112,0.73,15.95,4,1
2026-01-02 04:05:04,2026-01-02 04:18:55.912382836,221,215,3.53,24.9,4,2
2026-01-10 22:42:44,2026-01-10 23:10:17.905346287,128,57,2.1,3.69,4,1
2026-01-20 17:51:08,2026-01-20 17:52:08.000000000,23,182,2.72,13.61,3,1
2026-01-17 23:10:42,2026-01-17 23:16:21.242795208,53,263,3.85,26.43,2,2
2026-01-03 11:57:17,2026-01-03 12:07:54.813405626,148,75,2.23,24.63,2,1
2026-01-18 09:13:06,2026-01-18 09:36:46.615985820,61,238,3.15,2.93,1,1
2026-01-06 09:45:09,2026-01-06 09:46:40.731166128,177,114,0.32,25.96,3,2
2026-01-16 16:05:38,2026-01-16 16:08:20.856734570,46,192,4.35,19.57,4,1
2026-01-18 20:19:16,2026-01-18 20:20:16.000000000,9,244,0.74,7.57,3,1
2026-01-20 17:40:57,2026-01-20 17:46:27.708212394,95,161,2.93,13.2,4,1
2026-01-13 18:56:26,2026-01-13 19:12:02.552607716,173,153,0.27,76.92,1,2
2026-01-13 15:47:32,2026-01-13 15:51:21.088309706,171,127,0.83,2.35,1,2
2026-01-22 00:51:30,2026-01-22 00:57:19.220377638,70,138,0.61,2.88,3,1
2026-01-24 05:23:08,2026-01-24 05:26:55.041173948,150,75,2.04,3.0,4,2
2026-01-26 00:57:32,2026-01-26 00:59:21.813476876,110,150,0.61,20.06,1,1
2026-01-11 08:09:40,2026-01-11 08:42:29.763134176,29,66,2.36,14.77,2,2
2026-01-14 03:30:45,2026-01-14 03:36:16.988870214,125,226,0.55,5.13,2,2
2026-01-11 06:01:25,2026-01-11 06:46:28.316364460,83,244,0.89,37.57,1,1
2026-01-17 08:29:33,2026-01-17 08:36:27.415589118,116,23,1.09,47.53,2,1
2026-01-04 22:39:22,2026-01-04 22:54:10.624606576,240,60,3.71,1.45,4,2
2026-01-14 07:59:16,2026-01-14 08:04:39.557218348,145,123,3.95,14.15,1,2
2026-01-06 20:24:06,2026-01-06 20:25:06.000000000,253,159,2.11,7.93,4,2
2026-01-17 12:06:39,2026-01-17 12:26:12.456181032,25,186,1.92,2.92,4,2
2026-01-27 08:47:15,2026-01-27 08:54:21.715481592,113,261,0.04,30.89,4,1
2026-01-31 13:08:03,2026-01-31 13:09:38.265385224,104,188,0.61,1.95,2,2
2026-01-14 20:02:02,2026-01-14 20:03:58.036467440,232,137,2.63,6.9,3,1
2026-01-02 17:54:34,2026-01-02 18:18:27.586987918,198,129,0.31,44.74,3,1
2026-01-08 01:32:01,2026-01-08 01:33:20.101429258,19,246,2.84,7.81,2,2
2026-01-04 05:59:06,2026-01-04 06:06:14.831294310,228,71,2.83,12.8,4,1
2026-01-24 12:56:59,2026-01-24 13:10:05.225340146,261,88,4.26,33.39,4,2
2026-01-31 12:35:47,2026-01-31 12:42:07.637194388,114,82,5.16,12.94,2,2
2026-01-18 04:09:43,2026-01-18 04:18:12.049928452,30,88,0.36,1.71,3,2
2026-01-06 11:34:30,2026-01-06 11:36:18.892630530,196,154,0.56,0.86,2,2
2026-01-01 15:44:24,2026-01-01 15:50:59.976345384,62,41,2.27,3.59,4,2
2026-01-31 06:12:42,2026-01-31 06:24:19.931880570,77,129,3.63,14.04,2,1
2026-01-10 19:22:22,2026-01-10 19:25:15.668324632,254,98,3.72,20.87,3,2
2026-01-04 11:20:09,2026-01-04 11:23:45.628077804,55,13,1.3,17.15,4,1
2026-01-06 11:41:20,2026-01-06 12:01:46.081317962,83,199,1.43,37.4,3,1
2026-01-08 21:54:34,2026-01-08 22:06:02.370079096,80,231,6.38,3.29,3,2
2026-01-21 07:58:09,2026-01-21 08:23:06.930446388,16,217,0.39,13.8,3,1
2026-01-28 15:29:12,2026-01-28 15:31:39.201470226,146,49,0.84,21.99,3,1
2026-01-09 12:37:23,2026-01-09 12:47:58.086847268,41,183,9.29,34.48,2,2
2026-01-22 07:18:26,2026-01-22 07:24:40.530266576,175,184,3.65,0.83,4,1
2026-01-03 00:19:13,2026-01-03 00:31:29.748493000,152,47,1.62,7.01,1,1
2026-01-01 07:30:59,2026-01-01 07:35:18.737892710,218,106,0.54,3.89,3,1
2026-01-02 16:52:17,2026-01-02 17:17:35.280429968,98,191,2.24,1.73,4,1
2026-01-29 14:48:27,2026-01-29 14:49:27.000000000,93,63,0.26,10.44,4,1
2026-01-19 00:48:18,2026-01-19 01:22:10.122725028,130,132,1.56,26.33,1,1
2026-01-25 23:02:46,2026-01-25 23:18:27.617978818,41,66,7.95,2.67,4,1
2026-01-01 16:09:44,2026-01-01 16:14:56.299857044,38,125,0.16,15.49,3,1
2026-01-01 16:32:29,2026-01-01 17:10:15.398448242,245,28,0.26,10.29,3,2
2026-01-27 07:30:04,2026-01-27 07:45:02.458731832,218,162,0.64,6.35,1,2
2026-01-04 04:20:32,2026-01-04 04:31:08.218450142,233,254,0.63,16.75,4,2
2026-01-05 19:36:55,2026-01-05 19:37:55.000000000,208,84,0.26,14.1,1,2
2026-01-17 02:05:42,2026-01-17 02:10:22.606157412,68,221,0.39,9.34,3,2
2026-01-19 19:17:07,2026-01-19 19:18:07.000000000,70,72,0.37,36.07,4,1
2026-01-08 02:17:25,2026-01-08 02:19:40.206587818,17,66,1.29,11.27,3,2
2026-01-14 18:50:52,2026-01-14 18:59:42.897426148,245,225,6.55,18.49,3,1
2026-01-21 22:06:15,2026-01-21 22:59:45.599007359,198,32,5.48,24.29,2,1
2026-01-14 17:28:53,2026-01-14 17:33:08.656076066,109,130,0.74,45.9,2,2
2026-01-12 20:41:38,2026-01-12 20:51:59.596054736,103,257,1.8,17.48,4,1
2026-01-03 05:25:01,2026-01-03 05:30:40.340780146,6,48,0.05,3.41,2,2
2026-01-15 00:11:42,2026-01-15 00:13:29.756515830,230,95,4.73,26.3,4,1
2026-01-25 21:14:51,2026-01-25 21:17:24.635160942,90,240,1.71,16.14,4,1
2026-01-20 10:18:30,2026-01-20 10:22:25.800531426,62,128,4.23,9.07,3,2
2026-01-28 16:25:51,2026-01-28 16:29:06.400065438,206,211,1.06,9.74,1,1
2026-01-04 21:52:17,2026-01-04 22:11:42.943552670,23,201,1.8,7.99,4,2
2026-01-01 08:11:47,2026-01-01 08:19:46.704674582,159,173,0.69,12.86,2,2
2026-01-17 23:49:48,2026-01-17 23:59:05.095438931,193,177,0.78,8.35,3,1
2026-01-06 12:52:53,2026-01-06 12:57:28.058293712,51,163,1.12,2.4,2,1
2026-01-19 09:55:46,2026-01-19 09:59:32.894330818,217,213,0.79,18.89,4,2
2026-01-29 00:30:16,2026-01-29 00:34:29.773395940,28,98,0.27,48.28,4,2
2026-01-11 10:49:48,2026-01-11 10:50:48.000000000,80,4,2.01,10.37,1,1
2026-01-18 00:49:23,2026-01-18 01:05:46.747983356,130,66,0.96,1.45,1,2
2026-01-22 03:10:53,2026-01-22 03:15:12.258223286,78,260,2.96,5.34,2,2
2026-01-05 15:37:46,2026-01-05 16:02:25.081474864,89,172,0.63,8.49,1,2
2026-01-28 19:38:49,2026-01-28 19:44:01.611792868,49,249,1.29,35.83,2,1
2026-01-07 06:52:33,2026-01-07 07:05:52.002033204,252,150,2.39,30.01,2,2
2026-01-26 01:21:21,2026-01-26 01:24:33.730102728,41,228,0.63,30.19,4,2
2026-01-21 11:01:47,2026-01-21 11:11:56.354357342,206,43,10.05,4.38,4,1
2026-01-05 08:52:40,2026-01-05 09:04:33.706807750,42,248,2.76,44.13,1,1
2026-01-23 11:15:49,2026-01-23 11:35:11.483870608,31,97,0.6,3.66,2,2
2026-01-07 02:10:36,2026-01-07 02:20:44.351567700,221,144,4.3,12.96,2,1
2026-01-19 13:58:24,2026-01-19 14:04:59.079645696,3,255,4.6,44.07,1,1
2026-01-30 18:00:11,2026-01-30 18:38:09.355561340,189,217,3.41,9.75,4,2
2026-01-30 13:08:32,2026-01-30 13:09:52.975080698,205,4,1.05,0.05,1,2
2026-01-28 00:12:05,2026-01-28 00:55:51.787041200,228,9,1.01,12.32,3,2
2026-01-16 07:34:59,2026-01-16 07:36:55.670126486,196,175,0.87,15.02,3,2
2026-01-18 08:17:45,2026-01-18 08:24:32.460187956,198,183,0.86,17.64,1,2
2026-01-10 07:24:08,2026-01-10 07:37:55.039599842,83,6,5.24,6.8,1,1
2026-01-29 13:11:34,2026-01-29 13:34:47.918903554,150,142,2.48,4.01,1,1
2026-01-15 19:03:40,2026-01-15 19:30:23.443002442,100,122,12.64,8.43,4,1
2026-01-24 22:05:23,2026-01-24 22:06:23.000000000,22,199,1.14,14.82,4,1
2026-01-12 03:35:30,2026-01-12 03:36:39.694430832,249,214,0.55,11.2,1,1
2026-01-23 22:52:32,2026-01-23 23:11:14.989986548,174,188,3.06,11.18,2,1
2026-01-07 22:57:55,2026-01-07 23:09:10.908969238,163,79,0.68,0.3,1,2
2026-01-23 17:56:38,2026-01-23 18:06:24.818219234,20,3,3.79,1.37,1,2
2026-01-02 10:11:47,2026-01-02 10:12:54.024009176,217,235,1.39,13.68,3,2
2026-01-04 05:59:06,2026-01-04 06:01:26.617587318,262,4,1.69,14.11,3,1
2026-01-11 22:02:45,2026-01-11 22:05:22.537516284,186,123,2.29,7.1,2,2
2026-01-15 22:38:04,2026-01-15 22:41:30.715978036,130,223,5.67,8.1,3,2
,2026-01-23 01:34:51.145636524,26,162,0.8,25.43,4,2
2026-01-12 03:08:05,2026-01-12 03:13:52.349756360,37,34,0.38,0.13,4,1
2026-01-01 13:43:03,2026-01-01 13:58:36.678078570,15,164,5.8,4.54,2,1
2026-01-11 02:05:34,2026-01-11 02:07:48.540725512,29,248,1.37,16.9,1,1
2026-01-14 14:44:55,2026-01-14 14:49:05.555879632,158,170,2.23,19.83,2,1
2026-01-17 20:31:39,2026-01-17 20:32:39.000000000,131,97,6.66,14.52,3,1
2026-01-20 23:08:34,2026-01-20 23:12:29.218743160,37,217,1.27,3.08,3,2
2026-01-08 16:15:40,2026-01-08 16:23:40.742467114,147,227,0.15,8.23,3,2
2026-01-19 22:08:26,2026-01-19 22:22:09.747315800,186,77,0.42,6.06,1,2
2026-01-20 13:54:04,2026-01-20 13:57:47.483189050,158,130,0.26,0.89,1,1
2026-01-25 01:49:35,2026-01-25 01:50:56.736361760,175,84,1.44,4.16,4,1
2026-01-17 04:24:18,2026-01-17 05:01:14.209411068,125,231,2.7,2.38,3,1
2026-01-26 03:01:36,2026-01-26 03:19:03.621662598,85,13,0.34,1.18,2,1
2026-01-07 20:52:23,2026-01-07 21:00:58.135086470,21,258,3.11,2.61,1,2
2026-01-23 01:30:32,2026-01-23 01:39:10.573904018,223,69,4.6,27.06,1,1
2026-01-02 10:06:29,2026-01-02 10:15:28.279420814,167,219,0.7,17.78,3,1
2026-01-04 04:28:53,2026-01-04 04:29:53.000000000,224,170,0.5,4.93,2,1
2026-01-27 19:21:08,2026-01-27 19:37:45.408713000,181,130,1.16,3.43,3,1
2026-01-15 17:25:00,2026-01-15 17:32:33.536009730,61,136,1.83,5.68,3,2
2026-01-20 05:54:33,2026-01-20 06:10:04.743927534,1,10,2.06,9.87,4,2
2026-01-19 16:56:02,2026-01-19 17:23:12.687291302,79,206,2.08,11.32,4,2
2026-01-22 12:58:38,2026-01-22 12:59:38.000000000,141,104,0.66,40.38,4,2
2026-01-08 14:42:04,2026-01-08 14:43:48.912454582,143,132,1.86,3.65,2,2
2026-01-06 12:37:34,2026-01-06 12:38:53.273106148,239,132,1.72,29.77,1,2
2026-01-02 07:39:30,2026-01-02 07:44:27.695590542,222,99,0.31,54.11,1,1
2026-01-27 19:23:14,2026-01-27 19:28:33.853114154,45,65,4.02,7.46,2,2
2026-01-07 22:21:04,2026-01-07 22:22:04.000000000,118,118,0.35,9.02,1,1
2026-01-18 19:55:34,2026-01-18 19:56:34.000000000,185,68,2.95,4.16,4,2
2026-01-15 02:26:29,2026-01-15 02:30:37.463741516,22,131,6.68,11.05,3,1
2026-01-06 00:47:36,2026-01-06 00:51:09.470399405,163,57,5.36,21.47,3,1
2026-01-13 19:57:50,2026-01-13 20:14:29.834519300,242,38,0.09,31.55,4,2
2026-01-03 13:54:08,2026-01-03 14:22:43.210322654,230,136,0.16,4.77,3,1
2026-01-06 11:26:24,2026-01-06 11:39:54.696853026,222,54,0.71,26.7,4,2
2026-01-05 07:55:56,2026-01-05 08:02:49.315929974,251,71,0.75,9.66,2,2
2026-01-26 13:21:54,2026-01-26 13:27:25.852536929,259,214,3.49,46.64,1,1
2026-01-18 14:09:32,2026-01-18 14:13:38.753813984,233,29,0.94,2.56,3,1
2026-01-29 16:42:39,2026-01-29 17:03:09.069470315,56,140,3.16,31.29,1,2
2026-01-14 12:22:23,2026-01-14 12:24:40.289481224,251,160,2.25,2.38,1,2
2026-01-07 05:48:11,2026-01-07 06:03:12.320318162,52,77,4.47,27.55,4,1
2026-01-19 20:47:17,2026-01-19 20:53:13.401658268,250,227,2.34,0.36,1,1
2026-01-29 19:36:08,2026-01-29 19:37:27.866564054,242,137,-1.0,9.07,4,1
2026-01-17 12:14:56,2026-01-17 12:16:00.360101426,16,195,1.12,22.02,3,1
2026-01-01 13:17:18,2026-01-01 13:22:00.443263602,81,63,2.44,7.88,1,1
2026-01-10 09:53:45,2026-01-10 09:56:02.456949744,75,31,0.74,3.8,4,1
2026-01-29 16:10:19,2026-01-29 16:15:33.488266696,12,187,2.73,11.53,1,2
2026-01-17 01:39:06,2026-01-17 01:47:11.835792216,91,243,1.91,0.32,4,2
2026-01-30 12:14:06,2026-01-30 12:19:13.308428118,8,110,1.14,3.96,2,1
2026-01-16 18:53:51,2026-01-16 18:55:03.879235014,175,253,0.55,1.59,4,2
2026-01-01 08:57:59,2026-01-01 09:01:59.332176314,239,262,0.75,8.2,4,2
2026-01-28 01:33:01,2026-01-28 01:37:45.298707406,133,115,1.67,53.35,1,2
2026-01-24 15:41:10,2026-01-24 15:43:54.139610302,69,232,2.16,29.31,4,1
2026-01-23 04:08:40,2026-01-23 04:12:16.706404312,205,253,0.23,4.26,3,2
2026-01-31 01:49:47,2026-01-31 01:54:50.222836376,181,228,1.53,24.98,4,2
2026-01-07 01:58:06,2026-01-07 02:05:08.293493862,200,251,0.99,16.91,2,2
2026-01-29 01:59:28,2026-01-29 02:35:50.304390370,27,180,0.05,2.5,4,2
2026-01-08 05:04:18,2026-01-08 06:00:52.462920552,168,217,0.0,0.05,2,2
2026-01-31 02:12:30,2026-01-31 02:14:38.151119412,123,71,2.65,24.0,2,1
2026-01-06 22:25:28,2026-01-06 23:13:17.830913338,247,232,1.86,38.16,3,1
2026-01-18 01:26:26,2026-01-18 01:38:45.315578834,79,168,1.62,0.2,2,2
2026-01-25 11:16:19,2026-01-25 11:32:00.716434402,193,17,2.98,1.15,4,1
2026-01-03 10:08:53,2026-01-03 10:34:01.107205748,6,24,4.37,29.09,4,2
2026-01-03 01:37:43,2026-01-03 01:38:43.000000000,89,105,1.31,1.96,1,2
2026-01-27 08:14:35,2026-01-27 08:18:18.755295098,168,151,0.41,12.73,1,1
2026-01-02 20:57:26,2026-01-02 21:26:12.849532742,145,15,4.21,13.11,1,1
2026-01-20 00:41:17,2026-01-20 01:26:19.202176988,135,261,1.09,1.95,4,1
2026-01-30 02:02:08,2026-01-30 02:21:40.239555848,193,70,9.39,42.78,4,2
2026-01-20 01:21:50,2026-01-20 01:30:39.186590540,181,32,0.09,9.17,1,1
2026-01-15 21:51:52,2026-01-15 22:00:03.552575848,178,171,1.56,31.29,4,2
2026-01-13 22:26:12,2026-01-13 22:28:47.142091038,92,63,0.26,18.43,4,1
2026-01-20 18:47:37,2026-01-20 18:58:10.803095830,107,113,1.06,0.46,4,1
2026-01-18 17:27:01,2026-01-18 17:40:01.497116145,176,62,1.28,20.62,4,2
2026-01-16 13:18:52,2026-01-16 13:19:52.000000000,134,114,6.46,11.31,2,1
2026-01-05 18:15:48,2026-01-05 18:31:54.344810730,74,200,0.17,35.67,2,1
2026-01-21 13:01:27,2026-01-21 13:06:03.860829522,84,225,3.31,14.56,1,2
2026-01-23 22:23:20,2026-01-23 22:37:41.220767384,138,264,1.21,17.66,3,2
2026-01-22 23:23:16,2026-01-22 23:32:22.334408116,240,214,1.34,17.88,1,2
2026-01-03 07:48:46,2026-01-03 08:03:03.407510944,38,206,0.12,8.75,3,1
2026-01-22 18:56:38,2026-01-22 19:04:55.252386092,71,259,1.76,13.45,1,1
2026-01-23 14:57:24,2026-01-23 14:59:22.961228766,78,226,9.06,15.62,4,2
2026-01-06 16:27:38,2026-01-06 16:39:37.016691098,260,92,0.81,30.79,1,2
2026-01-27 07:38:23,2026-01-27 07:52:54.779879228,256,224,0.8,15.19,3,2
2026-01-17 05:44:28,2026-01-17 05:59:34.482415534,117,110,2.22,7.24,2,2
2026-01-15 15:31:00,2026-01-15 15:40:58.494586062,147,76,3.09,6.81,3,1
2026-01-23 09:42:55,2026-01-23 10:01:39.444877660,51,174,1.58,4.08,1,1
2026-01-16 19:18:49,2026-01-16 19:30:29.711911678,183,28,0.41,6.1,4,2
2026-01-17 21:17:24,2026-01-17 21:54:31.659831978,77,197,1.51,3.78,2,2
2026-01-10 16:17:14,2026-01-10 16:26:01.161202028,128,185,0.43,0.92,3,2
2026-01-29 18:20:24,2026-01-29 18:30:53.092946886,59,203,3.86,10.22,1,2
2026-01-31 01:16:37,2026-01-31 01:34:57.237481828,136,134,4.25,6.79,4,2
2026-01-05 01:02:27,2026-01-05 01:04:03.882867348,47,41,0.83,9.11,3,1
2026-01-23 17:26:40,2026-01-23 17:32:48.328774036,197,172,1.2,8.0,4,1
2026-01-01 17:21:39,2026-01-01 17:30:23.689397238,232,155,2.31,26.21,4,1
2026-01-12 10:31:38,2026-01-12 10:42:55.996568828,42,4,1.97,2.21,4,2
2026-01-31 01:40:41,2026-01-31 02:01:16.146968084,129,229,6.52,1.82,3,2
2026-01-06 10:03:24,2026-01-06 10:04:24.000000000,67,74,0.51,10.58,4,1
2026-01-12 16:29:14,2026-01-12 16:39:35.433896690,12,103,4.32,2.31,3,1
2026-01-07 19:22:01,2026-01-07 19:24:11.003626324,137,18,1.34,8.95,1,1
2026-01-23 13:47:44,2026-01-23 13:51:43.184432336,166,216,1.8,0.45,2,2
2026-01-15 09:09:29,2026-01-15 09:12:26.706982406,8,253,0.46,42.59,3,1
2026-01-19 09:16:45,2026-01-19 09:43:59.507190234,196,45,0.36,53.26,3,2
2026-01-30 05:16:15,2026-01-30 05:18:24.518498052,6,47,1.7,7.0,3,2
2026-01-17 03:39:44,2026-01-17 03:59:41.867726498,8,32,3.94,5.37,4,1
2026-01-23 18:12:17,2026-01-23 18:14:23.209026008,202,248,3.1,7.27,4,1
2026-01-04 00:50:37,2026-01-04 00:56:42.727007692,83,57,10.07,14.32,4,2
2026-01-07 16:08:28,2026-01-07 16:51:31.230574258,68,93,1.5,25.71,4,2
2026-01-30 08:27:49,2026-01-30 08:34:22.889720902,130,92,0.88,39.38,4,2
2026-01-27 15:30:48,2026-01-27 15:33:33.610983300,174,122,0.47,8.76,1,2
2026-01-21 08:34:01,2026-01-21 08:36:25.334054056,260,202,0.32,2.69,3,1
2026-01-12 17:22:52,2026-01-12 17:47:02.792181382,116,2,4.05,9.49,2,1
2026-01-07 04:39:12,2026-01-07 04:41:31.077634662,56,11,3.45,7.51,2,1
2026-01-27 09:40:52,2026-01-27 09:51:09.335428846,104,95,0.07,36.32,2,1
2026-01-25 08:16:01,2026-01-25 08:17:07.382052592,241,262,0.29,49.85,4,2
2026-01-08 11:49:28,2026-01-08 11:51:53.312282878,66,144,6.28,12.51,2,2
2026-01-19 06:50:05,2026-01-19 07:03:19.080738584,166,172,7.53,9.04,1,1
2026-01-20 04:17:00,2026-01-20 04:18:24.684380094,163,118,1.22,6.84,2,2
2026-01-15 19:13:59,2026-01-15 19:19:33.851530832,185,147,0.21,10.09,1,1
2026-01-29 17:26:34,2026-01-29 17:28:50.050737928,245,89,4.68,0.18,3,1
2026-01-04 20:19:51,2026-01-04 20:30:13.837069404,95,154,7.09,16.96,2,1
2026-01-08 23:52:23,2026-01-08 23:57:23.802433028,158,21,0.49,3.01,3,1
2026-01-03 22:42:04,2026-01-03 22:44:02.802538600,250,93,1.58,1.35,3,1
2026-01-22 11:32:14,2026-01-22 12:02:41.861500316,203,123,0.73,56.58,2,1
2026-01-20 23:08:35,2026-01-20 23:26:36.092126954,249,233,3.83,12.65,2,1
2026-01-31 14:33:38,2026-01-31 14:34:53.125586468,134,18,3.41,0.29,2,2
2026-01-17 19:28:55,2026-01-17 19:52:49.309612222,184,142,0.24,5.76,3,1
2026-01-05 16:02:42,2026-01-05 16:03:42.000000000,17,65,1.0,8.03,4,2
2026-01-14 23:27:21,2026-01-14 23:47:50.368908246,17,182,0.37,5.2,4,2
2026-01-03 17:46:16,2026-01-03 17:55:56.840519740,46,251,1.3,31.88,4,2
2026-01-21 19:09:30,2026-01-21 19:21:30.934138206,118,243,1.25,29.89,3,1
2026-01-21 21:36:04,2026-01-21 21:38:26.062937920,171,256,0.44,25.12,4,1
2026-01-27 14:05:31,2026-01-27 14:09:30.877366576,44,5,2.24,5.59,4,2
2026-01-11 12:45:48,2026-01-11 12:47:17.678461842,256,251,0.63,2.41,1,2
2026-01-10 14:43:49,2026-01-10 14:47:49.730419660,110,115,2.69,23.82,3,2
2026-01-03 05:00:21,2026-01-03 05:03:44.815628514,31,6,0.36,1.07,4,2
2026-01-13 20:52:25,2026-01-13 21:03:07.912782976,263,195,0.5,12.85,4,2
2026-01-15 17:37:38,2026-01-15 18:18:14.457402092,50,165,5.53,2.51,2,2
2026-01-24 09:20:07,2026-01-24 09:32:06.676555300,30,261,1.01,32.25,4,2
2026-01-24 08:48:19,2026-01-24 08:49:19.000000000,258,189,3.12,18.64,4,1
2026-01-05 08:20:52,2026-01-05 08:23:26.711300470,99,5,1.81,2.31,1,1
2026-01-09 20:07:51,2026-01-09 20:20:25.944774528,258,60,2.08,4.15,1,2
2026-01-16 20:32:06,2026-01-16 20:49:40.049349636,218,79,6.49,4.29,4,1
2026-01-11 09:16:29,2026-01-11 09:20:36.878852216,101,28,0.37,1.65,3,1
2026-01-01 19:00:24,2026-01-01 19:06:22.580544612,114,188,1.36,6.2,2,1
2026-01-27 05:12:01,2026-01-27 05:35:30.545480386,232,54,1.33,21.88,1,1
2026-01-23 16:04:01,2026-01-23 16:38:30.863046406,182,15,0.46,18.78,4,2
2026-01-17 02:56:00,2026-01-17 03:11:39.072238452,94,147,1.21,7.36,1,1
2026-01-10 20:12:45,2026-01-10 20:33:52.845532854,128,134,2.46,19.07,3,2
2026-01-27 02:59:33,2026-01-27 03:03:14.979062238,20,41,7.59,13.38,3,2
2026-01-02 02:14:57,2026-01-02 02:19:14.483675550,62,178,1.35,23.02,4,1
2026-01-14 20:06:49,2026-01-14 20:09:25.350065050,216,127,0.48,14.99,1,2
2026-01-25 19:54:53,2026-01-25 19:59:06.123031424,206,90,3.58,14.71,4,2
2026-01-30 13:00:48,2026-01-30 13:04:00.973635438,244,33,1.67,5.58,2,1
2026-01-08 19:03:16,2026-01-08 19:06:19.139874466,136,86,1.62,15.54,1,2
2026-01-21 04:11:28,2026-01-21 04:20:26.010870862,197,156,0.37,0.02,2,1
2026-01-06 21:07:32,2026-01-06 21:09:56.721492926,239,216,0.85,3.23,3,1
2026-01-04 14:13:43,2026-01-04 14:28:28.246538668,158,253,1.9,16.81,2,1
2026-01-11 22:38:55,2026-01-11 22:57:25.018571824,11,237,2.93,24.56,4,1
2026-01-28 10:30:33,2026-01-28 11:23:58.689906354,59,95,5.39,18.76,3,1
2026-01-22 08:58:11,2026-01-22 09:06:38.734297418,67,67,2.44,16.47,4,2
2026-01-16 04:00:47,2026-01-16 04:15:07.302042974,37,3,0.57,12.47,4,2
2026-01-09 18:25:00,2026-01-09 18:27:28.332883608,151,74,1.46,58.45,4,2
2026-01-05 09:22:45,2026-01-05 09:48:41.631241908,38,45,0.29,3.79,2,1
2026-01-09 09:26:56,2026-01-09 09:27:56.000000000,210,174,1.65,1.37,3,2
2026-01-05 17:36:05,2026-01-05 17:45:38.442248450,105,30,5.54,28.76,1,2
2026-01-06 19:11:30,2026-01-06 19:15:00.345246461,206,1,2.41,2.44,2,1
2026-01-22 07:31:30,2026-01-22 07:51:36.901056174,253,100,4.19,26.8,4,2
2026-01-05 02:43:39,2026-01-05 03:06:33.289026396,249,109,5.38,6.62,1,2
2026-01-02 11:14:42,2026-01-02 11:17:18.019650060,16,19,0.56,3.48,1,1
2026-01-17 19:30:04,2026-01-17 19:43:29.981188084,51,194,0.62,13.9,4,2
2026-01-09 21:13:32,2026-01-09 21:24:51.351126080,256,135,3.89,15.54,2,1
2026-01-15 02:18:56,2026-01-15 02:26:48.575700284,89,237,12.79,11.64,3,2
2026-01-05 08:00:07,2026-01-05 08:06:54.358755232,211,184,0.57,14.37,4,2
2026-01-07 12:13:24,2026-01-07 12:31:13.712684514,249,79,2.9,3.25,1,1
2026-01-14 16:09:41,2026-01-14 16:18:02.007491486,236,241,0.22,1.81,1,1
2026-01-22 09:22:36,2026-01-22 09:35:06.887654159,15,132,1.02,13.87,4,1
2026-01-13 20:16:45,2026-01-13 20:42:18.603362100,52,40,1.5,8.71,1,2
2026-01-17 19:02:12,2026-01-17 19:26:39.675780552,124,41,5.09,23.0,3,1
2026-01-17 04:16:33,2026-01-17 04:19:45.957542376,254,143,1.99,18.74,3,1
2026-01-09 08:01:55,2026-01-09 08:13:49.159112980,107,164,0.39,18.32,2,2
2026-01-09 16:02:57,2026-01-09 16:24:48.219343590,155,228,5.65,32.29,3,1
2026-01-14 04:44:19,2026-01-14 05:11:23.485212862,21,16,0.38,0.96,1,1
2026-01-01 23:50:25,2026-01-02 00:02:35.436293140,176,94,4.04,26.31,4,2
2026-01-22 05:56:02,2026-01-22 06:15:51.532244666,108,132,2.34,0.64,2,1
2026-01-20 01:06:11,2026-01-20 01:14:15.690807854,161,39,0.3,2.27,1,2
2026-01-10 11:45:46,2026-01-10 11:50:20.811627544,75,77,1.73,0.56,2,2
2026-01-12 14:02:46,2026-01-12 14:03:49.214840248,204,149,3.55,8.96,1,2
2026-01-11 04:33:12,2026-01-11 04:39:30.035200050,108,62,5.42,50.96,4,2
2026-01-21 04:35:35,2026-01-21 04:53:54.942375092,127,227,0.02,13.8,1,1
2026-01-24 13:13:54,2026-01-24 13:16:59.065463322,233,25,1.86,6.55,4,1
2026-01-04 08:50:53,2026-01-04 08:54:37.732532600,170,47,1.57,1.09,3,1
2026-01-13 19:30:33,2026-01-13 19:38:11.291489994,74,62,2.64,2.31,1,1
2026-01-01 10:15:01,2026-01-01 10:27:24.754035916,26,30,1.93,21.8,2,2
2026-01-15 00:28:26,2026-01-15 00:45:28.386951500,233,104,1.11,16.31,2,1
2026-01-08 16:43:51,2026-01-08 16:55:27.459800550,69,251,0.08,6.85,4,2
2026-01-11 09:50:15,2026-01-11 10:32:48.557322258,81,241,4.59,0.6,1,1
2026-01-15 03:40:16,2026-01-15 04:18:58.920826522,253,110,0.05,4.87,2,1
2026-01-11 00:51:01,2026-01-11 01:13:24.514898272,204,131,2.87,30.49,4,2
2026-01-13 05:11:22,2026-01-13 05:24:16.382898526,234,55,0.93,4.93,4,1
2026-01-24 16:59:21,2026-01-24 17:07:47.053719948,191,138,6.93,18.92,1,2
2026-01-26 02:51:54,2026-01-26 03:03:41.484568038,155,153,0.65,49.64,4,1
2026-01-01 04:21:44,2026-01-01 04:42:31.729672178,89,99,7.62,27.11,4,1
2026-01-12 17:06:40,2026-01-12 17:08:21.257601160,146,158,0.65,11.24,1,2
2026-01-27 06:05:00,2026-01-27 06:18:55.906202976,6,111,0.85,8.4,2,2
2026-01-17 10:38:53,2026-01-17 10:42:52.849227938,60,54,0.42,71.76,3,2
2026-01-07 08:43:43,2026-01-07 08:59:00.208231960,38,211,0.48,27.26,3,1
2026-01-19 09:34:32,2026-01-19 09:51:01.458240422,175,54,3.32,23.51,1,1
2026-01-05 11:49:37,2026-01-05 12:03:03.726178204,160,156,4.31,52.82,3,2
2026-01-01 16:14:33,2026-01-01 16:16:42.056732910,239,68,3.78,12.2,3,1
2026-01-20 14:31:28,2026-01-20 14:51:21.978547660,64,249,4.14,14.15,1,1
2026-01-16 23:15:33,2026-01-16 23:43:45.825016572,258,12,0.31,2.85,2,1
2026-01-24 10:50:13,2026-01-24 10:56:34.463209558,174,260,1.92,23.17,3,2
2026-01-11 16:33:16,2026-01-11 16:37:09.167613130,137,165,0.73,5.26,1,1
2026-01-27 11:35:12,2026-01-27 11:47:26.529270486,113,37,0.29,0.5,4,2
2026-01-14 01:25:56,2026-01-14 01:48:06.128098760,18,112,3.57,12.25,4,1
2026-01-23 21:05:11,2026-01-23 21:08:10.263903056,7,86,1.55,5.88,2,2
2026-01-04 02:36:49,2026-01-04 02:47:49.910778136,173,259,0.21,3.28,2,1
2026-01-04 00:16:52,2026-01-04 00:57:54.390287446,166,64,0.18,14.48,2,1
2026-01-25 06:25:06,2026-01-25 07:06:15.754770960,124,71,8.93,16.49,1,2
2026-01-26 20:29:08,2026-01-26 20:39:04.837287806,79,198,2.05,13.98,1,2
2026-01-30 05:08:55,2026-01-30 05:23:07.537961026,195,179,0.32,28.9,2,2
2026-01-11 01:31:08,2026-01-11 01:36:53.934812042,61,101,3.48,1.09,2,2
2026-01-01 16:34:04,2026-01-01 16:35:04.000000000,151,200,2.89,2.21,2,1
2026-01-31 09:02:56,2026-01-31 09:22:16.008668096,92,257,0.81,36.38,1,2
2026-01-19 15:25:16,2026-01-19 15:28:12.194398120,69,246,0.2,40.67,2,2
2026-01-08 15:51:30,2026-01-08 15:57:30.601297308,167,211,1.69,1.49,2,2
2026-01-24 16:17:59,2026-01-24 16:32:24.793081664,217,8,0.19,39.61,3,1
2026-01-29 00:29:54,2026-01-29 00:40:25.709303328,71,10,0.51,7.28,2,2
2026-01-09 19:53:48,2026-01-09 20:01:35.570145192,106,136,1.12,1.33,4,1
2026-01-24 20:38:00,2026-01-24 20:56:02.359239468,243,86,0.24,25.91,3,2
2026-01-25 09:56:28,2026-01-25 10:00:50.566008286,84,238,0.65,27.08,3,2
2026-01-16 13:15:10,2026-01-16 13:46:33.700670110,140,245,2.91,1.16,4,1
2026-01-20 14:28:19,2026-01-20 14:51:52.899391833,174,80,5.85,10.15,1,1
2026-01-09 08:31:22,2026-01-09 08:47:41.510922004,87,238,3.91,28.87,3,1
2026-01-29 19:17:49,2026-01-29 19:26:58.885900726,187,127,3.92,39.51,4,1
2026-01-31 11:25:45,2026-01-31 11:49:21.966735840,212,194,0.0,19.14,1,2
2026-01-31 09:52:03,2026-01-31 10:11:49.612580880,253,128,1.72,9.03,3,2
2026-01-23 20:25:15,2026-01-23 21:01:34.095453270,28,104,0.74,49.66,4,2
2026-01-02 07:30:19,2026-01-02 07:35:44.678062300,146,28,3.9,5.96,3,2
2026-01-12 08:38:33,2026-01-12 09:12:20.906267772,126,64,0.13,18.77,1,2
2026-01-14 19:02:01,2026-01-14 19:07:31.695173956,67,70,6.17,8.25,1,1
2026-01-30 18:07:21,2026-01-30 18:19:34.324170996,64,109,3.22,8.39,4,1
2026-01-17 22:57:32,2026-01-17 22:58:32.000000000,192,227,9.27,9.99,4,1
2026-01-17 14:54:34,2026-01-17 15:02:39.987550432,66,264,8.03,18.2,3,2
2026-01-05 13:10:37,2026-01-05 13:16:33.626518360,263,256,0.15,10.88,4,1
2026-01-25 14:31:40,2026-01-25 14:47:42.812700802,78,258,0.52,12.65,3,1
2026-01-11 10:11:47,2026-01-11 10:24:28.765729946,220,51,2.87,8.76,4,1
2026-01-03 20:21:09,2026-01-03 20:26:18.471042210,227,165,1.14,3.34,3,2
2026-01-31 14:48:34,2026-01-31 14:53:04.979225506,209,108,3.56,3.38,1,1
2026-01-06 21:24:45,2026-01-06 21:25:45.000000000,104,53,0.53,5.12,2,2
2026-01-01 12:04:31,2026-01-01 12:07:05.352195952,228,118,0.25,0.4,3,1
2026-01-03 09:54:39,2026-01-03 10:08:20.977400112,54,256,1.15,16.45,1,1
2026-01-15 00:39:57,2026-01-15 01:14:07.302758280,129,126,0.51,7.96,1,2
2026-01-04 04:33:37,2026-01-04 04:37:09.997115014,212,105,3.65,43.79,4,2
2026-01-27 02:56:06,2026-01-27 03:22:00.341123622,245,80,0.09,7.43,2,1
2026-01-16 21:15:40,2026-01-16 21:17:03.599136514,198,113,6.36,0.54,1,1
2026-01-11 00:58:57,2026-01-11 01:00:37.863615996,226,13,0.69,13.22,1,2
2026-01-01 02:20:36,2026-01-01 02:35:54.528358908,135,21,2.09,16.57,4,1
2026-01-15 20:58:12,2026-01-15 21:01:25.842281736,7,71,0.94,5.75,3,1
2026-01-05 16:34:12,2026-01-05 16:36:56.092443984,128,133,1.97,47.96,1,2
2026-01-31 07:39:57,2026-01-31 07:45:01.424675496,35,120,0.96,10.76,1,1
2026-01-10 00:34:11,2026-01-10 00:58:21.456772808,226,78,1.16,21.43,1,1
2026-01-15 17:18:30,2026-01-15 17:21:41.736594642,45,18,0.48,29.64,2,2
2026-01-01 13:51:15,2026-01-01 14:55:56.986165410,96,194,0.29,5.4,4,2
2026-01-05 01:24:19,2026-01-05 01:35:52.557571678,165,202,0.07,10.46,1,1
2026-01-07 10:22:11,2026-01-07 10:23:11.000000000,233,7,1.97,6.57,4,2
2026-01-02 14:28:50,2026-01-02 14:39:27.169578368,13,2,9.94,20.21,3,2
2026-01-23 12:08:21,2026-01-23 12:10:09.086730222,74,178,3.79,7.41,4,1
2026-01-30 07:23:23,2026-01-30 08:05:39.053641069,228,221,1.89,2.56,2,2
2026-01-31 13:06:15,2026-01-31 13:34:49.868482716,258,187,4.35,5.89,1,1
2026-01-09 05:45:43,2026-01-09 06:00:00.422252380,84,62,0.79,6.87,4,2
2026-01-25 10:49:38,2026-01-25 11:07:26.389854128,38,264,3.55,0.47,1,2
2026-01-16 15:01:24,2026-01-16 15:02:24.000000000,192,38,5.99,22.02,2,2
2026-01-02 10:07:04,2026-01-02 10:12:47.740502458,174,22,1.19,0.15,1,1
2026-01-03 19:28:55,2026-01-03 19:35:47.404412170,19,65,1.24,30.18,1,1
2026-01-17 23:33:11,2026-01-17 23:42:02.344062062,205,3,4.46,21.83,4,1
2026-01-14 03:11:57,2026-01-14 03:14:02.920387518,136,85,4.43,2.65,2,2
2026-01-01 06:14:09,2026-01-01 06:25:51.523724730,208,112,1.45,31.41,2,2
2026-01-29 19:59:54,2026-01-29 20:33:27.858101082,147,129,0.32,13.15,2,1
2026-01-23 15:22:14,2026-01-23 16:11:05.124697532,64,5,2.61,6.13,2,2
2026-01-16 13:47:42,2026-01-16 13:48:42.000000000,243,199,2.48,4.37,1,2
2026-01-31 14:19:24,2026-01-31 14:50:20.716241346,69,7,1.29,16.91,2,2
2026-01-31 02:31:28,2026-01-31 02:32:28.000000000,78,200,2.79,17.15,2,2
2026-01-31 04:37:12,2026-01-31 04:48:00.393257124,149,47,1.14,20.96,2,1
2026-01-09 00:34:25,2026-01-09 00:48:59.507733340,34,43,1.76,5.8,3,1
2026-01-28 07:22:58,2026-01-28 07:32:27.855573484,215,70,1.38,20.61,2,2
2026-01-16 15:22:53,2026-01-16 15:25:57.911372954,160,133,4.08,11.69,2,2
2026-01-23 12:10:16,2026-01-23 12:19:55.054708756,224,185,1.75,26.61,1,1
2026-01-27 15:29:27,2026-01-27 15:36:13.954094694,220,85,2.69,2.41,1,2
2026-01-06 01:30:54,2026-01-06 01:56:25.431912216,208,198,4.69,11.03,1,1
2026-01-14 21:29:59,2026-01-14 21:34:00.301389758,132,147,3.99,30.53,3,2
2026-01-04 23:54:03,2026-01-04 23:58:56.829483960,62,149,4.4,18.09,1,1
2026-01-09 15:56:18,2026-01-09 16:09:27.735414660,156,261,0.04,23.55,4,2
2026-01-13 19:39:23,2026-01-13 19:45:42.355516112,56,107,0.49,6.06,3,2
2026-01-27 12:28:25,2026-01-27 12:31:20.197016596,264,108,4.21,14.71,4,2
2026-01-27 17:49:24,2026-01-27 18:07:34.361779944,1,98,1.85,3.11,1,2
2026-01-13 02:04:39,2026-01-13 02:05:39.000000000,132,252,0.31,17.21,1,2
2026-01-11 04:55:15,2026-01-11 05:04:26.466997974,262,147,4.86,11.67,1,2
2026-01-17 10:51:29,2026-01-17 11:09:32.748001286,178,174,4.05,2.28,4,1
2026-01-29 06:25:54,2026-01-29 06:33:35.675554632,241,105,0.21,1.76,4,2
2026-01-31 06:32:10,2026-01-31 06:34:45.273841516,105,101,4.32,4.71,2,2
2026-01-08 00:42:45,2026-01-08 01:10:35.364736326,126,237,1.52,4.16,4,2
2026-01-06 18:44:36,2026-01-06 18:48:59.352066402,259,10,2.6,33.5,3,2
2026-01-22 21:50:25,2026-01-22 21:54:50.401105426,158,31,5.32,11.5,3,1
2026-01-10 08:14:31,2026-01-10 08:19:51.729194428,26,63,0.76,25.18,3,1
2026-01-07 04:37:23,2026-01-07 04:40:51.877912034,120,183,1.9,8.11,4,1
2026-01-01 23:06:56,2026-01-01 23:29:03.810451592,135,146,1.41,8.71,4,1
2026-01-13 11:59:22,2026-01-13 12:02:32.714212792,52,119,1.45,21.16,4,1
2026-01-13 03:31:38,2026-01-13 03:35:53.266184282,139,174,0.75,2.24,4,1
2026-01-18 10:54:55,2026-01-18 10:59:43.118800180,234,135,6.43,32.72,1,2
2026-01-07 04:56:11,2026-01-07 04:57:31.847344802,234,69,1.63,1.8,2,1
2026-01-23 03:29:17,2026-01-23 03:30:17.000000000,206,138,2.62,16.76,1,2
2026-01-22 01:56:45,2026-01-22 02:07:22.884784626,58,181,2.53,3.04,1,2
2026-01-15 07:59:15,2026-01-15 08:07:41.346081180,8,44,4.68,23.52,3,2
2026-01-06 14:54:11,2026-01-06 15:13:07.092745718,236,174,16.85,54.18,3,1
2026-01-16 17:10:31,2026-01-16 17:13:30.161789344,109,168,1.47,7.5,1,1
2026-01-21 22:03:38,2026-01-21 22:17:58.289782712,3,147,2.59,13.6,1,1
2026-01-12 13:18:02,2026-01-12 13:24:35.236356655,161,180,1.91,2.21,3,2
2026-01-09 04:01:32,2026-01-09 04:21:41.580877712,36,210,0.07,4.93,1,1
2026-01-16 16:50:25,2026-01-16 16:52:02.802964210,166,23,1.88,6.5,1,1
2026-01-12 00:16:55,2026-01-12 00:34:49.484044444,132,133,1.53,14.41,2,2
2026-01-13 09:58:53,2026-01-13 10:33:33.279724070,166,41,1.03,9.28,1,2
2026-01-11 19:33:08,2026-01-11 19:53:02.721595292,225,68,3.47,2.84,2,1
2026-01-10 09:46:40,2026-01-10 09:50:11.697988137,58,227,3.28,24.71,3,2
2026-01-23 05:15:47,2026-01-23 05:20:30.326394854,78,157,0.93,8.59,3,2
2026-01-15 06:25:12,2026-01-15 06:26:13.600822458,76,231,3.3,23.35,4,1
2026-01-15 11:04:58,2026-01-15 11:12:01.229899348,211,97,4.84,9.59,3,1
2026-01-21 05:53:45,2026-01-21 05:54:45.000000000,115,160,5.07,21.68,2,2
2026-01-12 04:48:22,2026-01-12 04:49:26.310745132,5,74,0.8,1.53,3,1
2026-01-04 03:10:09,2026-01-04 03:25:59.479196004,241,8,-1.0,23.98,2,2
2026-01-27 10:21:04,2026-01-27 10:26:32.872900210,241,123,1.21,28.6,1,2
2026-01-02 17:26:40,2026-01-02 17:30:34.912798294,239,121,0.17,8.21,1,1
2026-01-18 17:31:52,2026-01-18 17:52:08.399352232,261,86,6.85,4.13,4,2
2026-01-09 05:46:16,2026-01-09 05:49:57.479814202,130,165,0.56,0.89,4,2
2026-01-07 15:05:24,2026-01-07 15:10:03.334132326,220,113,3.51,0.25,1,1
2026-01-02 07:12:56,2026-01-02 07:15:45.906713252,84,226,2.64,1.98,1,1
2026-01-28 21:40:04,2026-01-28 21:41:21.421127374,65,102,0.41,5.73,2,2
2026-01-14 07:19:43,2026-01-14 07:27:56.869781230,124,106,6.14,5.15,2,2
2026-01-11 14:55:54,2026-01-11 15:22:04.885173696,131,201,1.42,6.06,3,2
2026-01-23 23:28:26,2026-01-23 23:33:30.191781536,109,110,0.77,19.19,4,1
2026-01-02 05:00:02,2026-01-02 05:17:13.069271096,62,152,1.18,18.16,3,2
2026-01-18 12:01:32,2026-01-18 12:03:39.223792412,178,62,1.23,39.82,2,2
2026-01-16 07:58:57,2026-01-16 08:00:40.427992308,148,59,2.69,15.84,4,2
2026-01-18 03:45:27,2026-01-18 03:47:17.381397354,138,14,6.13,9.84,3,1
2026-01-04 20:12:35,2026-01-04 20:36:28.844927528,145,91,4.43,4.07,3,2
2026-01-30 12:41:20,2026-01-30 13:02:13.140516386,67,175,1.23,3.63,3,1
2026-01-08 09:25:08,2026-01-08 09:36:58.993918250,8,186,0.3,10.79,1,1
2026-01-22 00:46:01,2026-01-22 00:53:17.832673558,106,215,0.06,11.53,4,2
2026-01-24 03:51:01,2026-01-24 03:55:18.826320604,58,182,0.26,0.89,2,2
2026-01-11 15:55:26,2026-01-11 15:56:42.706644242,189,97,1.03,11.98,4,1
2026-01-05 01:16:45,2026-01-05 01:29:22.883557818,214,28,0.49,4.79,2,1
2026-01-10 04:43:21,2026-01-10 04:45:36.055477031,242,74,6.87,12.57,3,1
2026-01-26 00:21:59,2026-01-26 00:24:18.823006604,48,108,5.07,6.13,2,2
2026-01-29 02:25:56,2026-01-29 03:01:01.668575720,213,9,0.87,15.9,3,1
2026-01-30 01:03:32,2026-01-30 01:08:36.188857370,198,203,4.3,12.66,3,1
2026-01-08 00:22:31,2026-01-08 00:25:22.073589442,214,203,1.09,1.77,1,1
2026-01-19 19:15:35,2026-01-19 19:33:15.265826054,112,235,0.32,2.27,3,2
2026-01-05 16:22:14,2026-01-05 16:31:28.933989080,12,55,0.14,30.54,1,2
2026-01-23 00:30:26,2026-01-23 00:42:46.476614540,245,17,0.13,17.68,4,2
2026-01-13 21:24:19,2026-01-13 21:26:22.778603848,46,90,1.18,1.54,2,2
2026-01-23 02:54:30,2026-01-23 03:06:18.552827256,27,75,2.42,17.31,3,2
2026-01-22 05:44:03,2026-01-22 05:49:06.549040680,52,262,0.65,62.78,4,1
2026-01-31 18:38:56,2026-01-31 18:50:59.963036312,48,81,3.22,2.36,1,2
2026-01-16 03:33:02,2026-01-16 03:46:46.906667630,175,153,0.12,4.74,2,2
2026-01-11 14:06:16,2026-01-11 14:17:00.389451148,224,119,6.13,23.86,3,1
2026-01-17 07:54:21,2026-01-17 08:11:15.957158742,23,42,3.63,5.95,4,1
2026-01-06 01:09:54,2026-01-06 01:16:39.004250184,4,208,0.66,2.39,3,1
2026-01-04 11:08:58,2026-01-04 11:22:29.589798202,50,83,1.28,43.01,1,1
2026-01-17 02:15:37,2026-01-17 02:17:21.556957924,8,91,1.04,2.14,2,2
2026-01-26 14:06:08,2026-01-26 14:15:38.160273608,139,34,2.73,17.52,4,2
2026-01-17 12:44:16,2026-01-17 12:46:51.751421164,106,258,0.16,6.02,2,1
2026-01-25 05:45:04,2026-01-25 06:00:46.114542520,152,135,7.56,47.3,2,1
2026-01-06 12:22:00,2026-01-06 12:57:36.124927716,179,100,3.42,12.0,3,1
2026-01-14 22:20:48,2026-01-14 22:24:26.800917204,57,197,0.16,5.21,3,1
2026-01-20 00:09:12,2026-01-20 00:12:12.718644828,212,247,0.85,7.58,3,2
2026-01-11 18:40:14,2026-01-11 18:51:20.424173072,123,107,0.84,26.26,4,2
2026-01-01 10:30:31,2026-01-01 10:34:09.540197092,6,213,2.36,5.02,2,2
2026-01-03 06:38:42,2026-01-03 06:40:33.157204614,100,9,1.66,6.56,3,1
2026-01-29 18:11:07,2026-01-29 18:29:27.259207558,243,63,1.68,26.14,1,1
2026-01-19 18:13:18,2026-01-19 18:16:43.375693872,40,202,0.62,24.53,2,1
2026-01-09 04:50:35,2026-01-09 05:09:46.948596212,23,88,0.9,9.13,1,2
2026-01-09 00:33:40,2026-01-09 00:42:38.302267678,21,215,2.66,3.58,1,1
2026-01-02 05:25:58,2026-01-02 05:38:46.980656932,237,36,4.14,18.73,3,1
2026-01-30 06:54:51,2026-01-30 06:59:01.416270270,127,255,7.16,3.21,4,1
2026-01-04 08:32:15,2026-01-04 08:56:58.307272140,205,225,1.13,0.0,1,1
2026-01-24 13:02:09,2026-01-24 13:03:36.245784882,164,189,6.75,9.74,1,1
2026-01-08 10:44:42,2026-01-08 10:53:16.747010820,84,74,2.16,19.72,1,1
2026-01-11 09:42:21,2026-01-11 09:56:20.540561262,161,163,1.39,1.65,1,1
2026-01-09 11:47:10,2026-01-09 12:24:21.241592182,158,240,3.21,4.61,4,2
2026-01-26 13:26:37,2026-01-26 13:50:03.237900550,126,98,2.5,9.46,3,2
2026-01-02 00:24:38,2026-01-02 00:31:19.170897200,184,176,2.23,0.07,1,1
2026-01-11 22:06:11,2026-01-11 22:08:52.944056084,63,147,1.88,39.96,3,2
2026-01-09 15:50:23,2026-01-09 16:12:07.498054934,162,154,1.28,13.87,2,1
2026-01-09 11:04:44,2026-01-09 11:08:55.667101880,232,247,12.7,18.67,2,1
2026-01-06 23:32:55,2026-01-06 23:39:03.896000866,91,157,4.88,14.75,4,2
2026-01-29 06:51:37,2026-01-29 07:13:08.356743604,77,205,0.09,13.97,4,1
2026-01-12 17:41:38,2026-01-12 17:56:08.438870162,261,85,1.04,11.33,2,1
2026-01-13 23:08:41,2026-01-13 23:10:37.834538468,16,188,3.31,4.78,1,2
2026-01-12 22:33:53,2026-01-12 22:45:37.995139310,36,260,3.92,26.59,4,1
2026-01-31 09:16:54,2026-01-31 09:34:36.876984978,159,6,2.41,8.41,2,2
2026-01-11 12:13:18,2026-01-11 12:24:29.174054388,207,215,0.42,7.86,3,2
2026-01-11 14:12:54,2026-01-11 14:49:40.078916232,71,186,5.6,1.42,1,1
2026-01-11 03:58:31,2026-01-11 04:25:04.570725790,39,75,1.27,2.91,2,2
2026-01-11 03:15:48,2026-01-11 03:17:11.454440412,16,135,0.5,1.82,1,1
2026-01-03 18:45:36,2026-01-03 19:05:34.747357968,9,190,4.11,3.34,1,1
2026-01-19 17:34:52,2026-01-19 17:39:33.155658118,98,22,6.03,7.15,1,1
2026-01-01 18:45:08,2026-01-01 19:03:15.834186056,198,231,1.98,9.37,2,1
2026-01-08 00:06:29,2026-01-08 00:26:31.780527110,10,82,0.33,8.04,4,2
2026-01-07 06:22:22,2026-01-07 06:30:32.679342100,106,215,-1.0,13.45,3,1
2026-01-10 00:52:03,2026-01-10 00:57:04.968785106,249,82,1.96,11.11,3,1
2026-01-24 10:56:49,2026-01-24 11:05:34.632159376,91,236,0.64,4.04,2,2
2026-01-19 14:01:32,2026-01-19 14:02:32.000000000,186,209,7.69,6.99,3,1
2026-01-31 17:09:44,2026-01-31 17:34:47.412565496,202,87,4.69,19.72,3,1
2026-01-11 21:17:32,2026-01-11 21:19:58.395029600,227,161,2.74,29.24,2,2
2026-01-29 18:49:24,2026-01-29 18:56:11.099189118,9,53,0.33,22.28,2,1
2026-01-02 09:24:55,2026-01-02 09:42:59.081429332,129,19,0.35,0.35,2,2
2026-01-16 15:08:21,2026-01-16 15:11:42.526633932,25,259,0.79,1.63,2,1
2026-01-25 18:20:35,2026-01-25 18:28:11.468313572,184,105,0.38,10.45,2,2
2026-01-17 11:40:37,2026-01-17 11:53:19.913443498,25,39,1.18,39.76,3,2
2026-01-29 22:22:58,2026-01-29 22:44:32.205078154,86,148,0.84,8.34,2,1
2026-01-10 18:02:55,2026-01-10 18:04:15.402694330,238,102,4.3,4.2,4,1
2026-01-02 00:47:58,2026-01-02 01:01:07.918050232,224,56,2.33,14.76,1,2
2026-01-24 23:48:39,2026-01-24 23:49:39.000000000,51,208,4.46,4.3,4,2
2026-01-03 02:35:42,2026-01-03 02:41:22.333636320,55,29,2.45,2.09,3,1
2026-01-24 16:58:44,2026-01-24 17:30:00.827598301,68,29,2.44,29.05,1,2
2026-01-23 17:39:44,2026-01-23 17:40:44.000000000,24,64,0.3,0.59,2,2
2026-01-27 04:08:19,2026-01-27 04:17:22.266409402,24,123,2.85,13.63,3,1
2026-01-15 20:19:15,2026-01-15 20:28:30.464479242,22,53,1.73,12.08,1,2
2026-01-28 18:15:19,2026-01-28 18:42:16.618789984,236,113,2.76,11.48,1,1
2026-01-06 06:21:17,2026-01-06 06:22:17.000000000,106,31,2.54,10.26,4,1
2026-01-14 11:09:21,2026-01-14 11:14:12.103829652,123,61,0.67,13.83,3,2
2026-01-04 18:38:41,2026-01-04 18:44:20.733438110,239,129,3.66,23.35,4,2
2026-01-24 18:33:19,2026-01-24 19:17:05.428096690,148,87,0.26,10.49,4,2
2026-01-23 03:25:06,2026-01-23 04:09:32.060592144,70,65,3.71,50.74,2,2
2026-01-25 23:57:38,2026-01-26 00:02:26.969601584,168,14,6.82,24.38,1,2
2026-01-24 16:40:16,2026-01-24 16:43:49.500027735,124,239,0.12,4.38,3,2
2026-01-10 13:29:38,2026-01-10 13:39:45.180226046,204,33,0.48,19.7,4,1
2026-01-03 02:38:29,2026-01-03 02:43:13.658161238,30,253,2.02,5.32,1,2
2026-01-29 19:21:22,2026-01-29 19:39:36.375431290,170,203,1.77,12.95,4,1
2026-01-16 06:39:24,2026-01-16 07:30:53.693806500,48,169,2.95,6.71,3,2
2026-01-03 22:11:24,2026-01-03 22:20:43.517775702,228,113,4.72,7.11,4,2
2026-01-29 17:44:09,2026-01-29 17:47:09.781324020,109,252,9.2,0.72,3,2
2026-01-31 19:44:10,2026-01-31 19:52:36.171399892,258,139,1.58,6.09,4,1
2026-01-14 19:27:01,2026-01-14 19:55:36.816734716,29,96,0.01,3.03,4,2
2026-01-24 20:56:50,2026-01-24 21:09:51.966152204,231,223,7.94,5.51,4,2
2026-01-02 03:00:20,2026-01-02 03:04:30.671821148,170,200,0.73,18.11,4,2
2026-01-03 21:23:36,2026-01-03 21:37:45.302552442,97,200,1.35,25.6,4,2
2026-01-09 13:45:54,2026-01-09 13:58:50.692582920,170,32,3.21,21.0,1,2
2026-01-21 08:14:05,2026-01-21 08:18:51.336652748,135,68,1.44,15.34,1,1
2026-01-05 03:15:59,2026-01-05 03:50:39.778903280,122,98,1.15,4.14,1,2
2026-01-02 01:25:46,2026-01-02 01:28:33.044627860,11,84,0.01,0.63,3,2
2026-01-21 17:33:55,2026-01-21 17:44:12.215959366,5,71,0.88,17.49,3,1
2026-01-24 21:01:08,2026-01-24 21:05:15.909791162,74,195,1.37,34.36,4,2
2026-01-23 21:58:27,2026-01-23 22:11:05.479145376,86,244,3.81,-5.0,3,1
2026-01-25 18:37:18,2026-01-25 18:58:09.816312702,24,12,0.43,7.31,4,2
2026-01-25 21:19:16,2026-01-25 21:35:55.039417288,46,7,1.54,22.99,3,2
2026-01-19 16:11:35,2026-01-19 16:27:44.623395788,19,255,1.49,71.46,3,1
2026-01-17 02:26:36,2026-01-17 02:29:50.598703032,258,238,0.7,21.74,4,1
2026-01-27 13:30:14,2026-01-27 13:52:38.512378448,167,125,0.58,21.97,1,1
2026-01-11 18:55:54,2026-01-11 19:05:41.952326802,129,263,1.02,15.19,3,1
2026-01-04 00:49:30,2026-01-04 00:56:03.976014108,53,29,0.45,58.19,4,1
2026-01-24 07:27:37,2026-01-24 07:39:11.818871206,61,213,1.23,15.57,1,2
2026-01-09 13:17:14,2026-01-09 13:26:10.484951642,63,201,2.58,1.83,4,2
2026-01-31 08:16:02,2026-01-31 08:32:53.083994654,208,220,1.31,11.28,2,1
2026-01-13 20:08:53,2026-01-13 20:13:59.302161248,99,70,1.52,26.2,4,1
2026-01-27 09:44:02,2026-01-27 09:45:56.326143440,19,80,0.58,8.76,4,1
2026-01-02 07:35:19,2026-01-02 07:38:00.581039788,238,109,0.48,24.88,4,1
2026-01-21 10:28:03,2026-01-21 10:34:25.428746706,42,233,1.69,8.52,1,1
2026-01-14 21:28:21,2026-01-14 22:05:07.387628670,69,56,0.2,4.67,1,2
2026-01-15 08:10:33,2026-01-15 08:12:49.902048948,118,51,1.4,10.68,2,1
2026-01-09 05:19:07,2026-01-09 05:52:13.500204580,129,22,0.54,7.06,2,1
2026-01-31 02:34:04,2026-01-31 02:44:19.169820922,6,249,10.36,3.95,1,1
2026-01-13 04:11:41,2026-01-13 04:14:36.531767894,149,259,2.65,12.73,4,1
2026-01-27 08:45:25,2026-01-27 09:41:32.912140582,70,179,0.24,2.33,3,2
2026-01-14 04:16:34,2026-01-14 04:57:29.859154816,89,121,6.27,21.25,4,1
2026-01-02 11:55:02,2026-01-02 12:08:40.294318646,223,33,0.4,34.1,2,1
2026-01-28 06:16:56,2026-01-28 06:17:56.000000000,236,98,0.12,33.32,4,1
2026-01-06 17:43:17,2026-01-06 17:44:17.000000000,44,74,1.74,14.22,1,2
2026-01-09 09:08:01,2026-01-09 09:11:48.716857828,203,1,2.84,18.86,3,1
2026-01-27 16:39:48,2026-01-27 16:40:48.000000000,3,213,0.25,8.18,1,1
2026-01-28 16:56:41,2026-01-28 17:05:20.047979480,68,262,1.16,1.53,4,2
2026-01-29 10:03:55,2026-01-29 10:06:27.087964107,62,80,2.04,56.1,4,2
2026-01-14 04:55:20,2026-01-14 05:42:10.232177396,208,81,1.1,4.53,3,2
2026-01-24 11:11:15,2026-01-24 11:18:15.238821767,123,104,0.49,0.13,2,1
2026-01-11 03:53:20,2026-01-11 03:54:20.000000000,254,251,1.65,14.62,3,1
2026-01-23 22:51:02,2026-01-23 22:58:54.151293248,211,209,2.28,6.48,2,1
2026-01-16 13:52:08,2026-01-16 13:57:50.000751518,29,70,4.16,4.12,4,1
2026-01-02 14:39:27,2026-01-02 14:57:10.604637036,238,143,1.97,2.15,2,2
2026-01-13 22:48:03,2026-01-13 23:03:59.249434698,17,40,0.93,6.63,4,2
2026-01-15 11:59:18,2026-01-15 12:06:50.948221776,212,187,1.38,8.34,1,2
2026-01-08 23:29:06,2026-01-08 23:30:06.000000000,242,113,0.24,1.67,2,2
2026-01-12 14:36:19,2026-01-12 14:48:09.394396384,177,234,0.21,3.57,1,1
2026-01-16 13:59:36,2026-01-16 14:24:35.878593222,259,262,0.73,1.36,1,2
2026-01-02 12:58:41,2026-01-02 13:08:42.750015452,109,154,1.31,13.49,3,2
2026-01-05 16:56:25,2026-01-05 17:02:17.970171592,211,21,0.35,1.92,4,2
2026-01-24 18:29:12,2026-01-24 18:35:01.255549512,61,36,0.64,26.55,2,1
2026-01-11 21:50:09,2026-01-11 22:13:21.255602394,99,54,1.93,23.55,2,1
2026-01-19 20:38:18,2026-01-19 20:49:30.128595426,12,29,2.54,3.51,2,2
2026-01-18 12:56:52,2026-01-18 13:19:31.810768756,217,13,7.21,12.1,1,2
2026-01-18 02:06:23,2026-01-18 02:25:36.379237454,84,15,0.81,4.58,3,2
2026-01-13 19:34:32,2026-01-13 19:39:16.038862316,192,167,0.99,3.7,3,2
2026-01-15 23:35:10,2026-01-15 23:40:35.545899724,23,14,0.45,9.01,1,1
2026-01-26 12:59:26,2026-01-26 13:11:21.419700602,13,130,3.25,33.98,2,2
2026-01-30 21:59:49,2026-01-30 22:07:44.798418214,138,166,0.3,2.58,2,2
2026-01-08 23:00:03,2026-01-08 23:23:53.547401616,127,160,1.0,0.3,2,2
2026-01-21 18:05:19,2026-01-21 18:20:43.257320494,245,125,0.02,5.6,1,2
2026-01-31 01:30:36,2026-01-31 02:05:25.589620272,58,262,11.77,2.61,1,1
2026-01-01 05:38:33,2026-01-01 05:57:51.035480364,174,259,4.6,1.98,2,2
2026-01-25 07:49:59,2026-01-25 07:59:15.084856298,11,244,0.93,32.69,2,1
2026-01-16 09:38:05,2026-01-16 09:53:19.580059076,250,257,0.94,17.44,4,1
2026-01-30 23:53:21,2026-01-30 23:54:21.000000000,50,120,1.08,7.46,4,1
,2026-01-18 22:38:15.021712530,163,54,1.5,10.97,4,1
2026-01-26 23:34:24,2026-01-26 23:39:00.612105264,48,142,1.27,1.02,2,1
2026-01-06 03:30:53,2026-01-06 03:57:45.355277018,263,171,0.02,62.55,3,1
2026-01-05 09:43:31,2026-01-05 09:58:54.430385764,67,209,2.18,2.52,2,1
2026-01-29 17:22:31,2026-01-29 17:27:00.559635976,92,207,0.33,10.53,4,2
2026-01-17 07:41:10,2026-01-17 07:42:10.000000000,263,174,0.09,1.13,3,1
2026-01-18 07:24:24,2026-01-18 07:25:24.000000000,64,107,2.01,6.71,1,2
2026-01-06 06:27:50,2026-01-06 06:36:55.762908686,139,176,0.75,60.95,2,1
2026-01-08 00:41:14,2026-01-08 01:14:23.090409272,90,116,1.15,7.31,1,2
2026-01-26 08:45:40,2026-01-26 08:57:18.927475642,166,151,0.9,2.3,4,1
2026-01-10 09:40:36,2026-01-10 09:41:36.000000000,256,161,4.1,17.13,2,2
2026-01-19 02:36:59,2026-01-19 02:40:01.036514036,12,125,0.87,12.4,2,1
2026-01-10 19:30:04,2026-01-10 19:36:14.473733794,3,145,2.94,8.73,3,1
2026-01-09 04:00:22,2026-01-09 04:24:07.887978430,1,217,4.8,14.99,4,1
2026-01-06 03:31:09,2026-01-06 03:40:42.245175594,241,30,6.16,19.88,2,2
2026-01-29 19:37:17,2026-01-29 19:43:34.521774236,19,31,0.5,9.95,4,2
2026-01-30 03:24:23,2026-01-30 03:29:20.016531074,52,124,0.83,3.24,4,2
2026-01-04 13:41:54,2026-01-04 14:17:59.609578086,137,46,2.83,27.42,2,1
2026-01-11 22:49:06,2026-01-11 23:03:49.141476504,199,200,0.31,11.04,3,1
2026-01-18 11:30:49,2026-01-18 11:33:05.304536457,216,211,1.88,5.43,4,2
2026-01-12 21:09:53,2026-01-12 21:10:53.000000000,18,64,0.55,2.59,1,2
2026-01-23 08:27:15,2026-01-23 08:29:49.631372334,103,143,0.94,1.2,4,1
2026-01-09 01:36:40,2026-01-09 01:38:23.647529992,32,164,0.62,5.73,2,2
2026-01-02 19:46:59,2026-01-02 19:47:59.000000000,137,112,0.25,6.09,3,1
2026-01-11 10:40:46,2026-01-11 10:53:22.283878060,125,246,6.96,14.64,2,2
2026-01-19 12:48:17,2026-01-19 12:51:00.566152820,5,202,2.7,3.58,1,1
2026-01-06 14:23:43,2026-01-06 14:30:43.613564908,120,178,0.66,3.83,2,1
2026-01-26 07:01:49,2026-01-26 07:10:59.576283742,208,155,2.13,36.89,2,1
2026-01-01 09:06:47,2026-01-01 09:17:13.969026758,47,252,4.97,0.26,3,1
2026-01-03 02:14:25,2026-01-03 02:18:42.744126676,45,101,0.08,7.31,4,1
2026-01-16 18:34:27,2026-01-16 18:41:02.646915870,88,207,6.16,2.0,1,2
2026-01-16 21:06:31,2026-01-16 21:17:48.438522124,122,3,1.02,34.23,1,2
2026-01-10 03:23:38,2026-01-10 03:40:12.643375190,126,140,3.32,2.71,1,2
2026-01-09 00:21:59,2026-01-09 00:25:31.061585642,212,237,2.35,10.63,2,1
2026-01-03 03:56:24,2026-01-03 04:37:54.876376379,97,249,4.96,45.47,4,2
2026-01-21 13:12:56,2026-01-21 13:18:49.397231564,34,138,5.93,8.53,2,1
2026-01-12 17:59:44,2026-01-12 18:03:04.060240028,120,129,0.56,34.11,3,2
2026-01-04 16:17:45,2026-01-04 16:40:24.943934460,2,121,2.03,11.85,1,1
2026-01-13 09:28:48,2026-01-13 09:39:49.453487124,42,241,3.96,12.45,4,2
2026-01-30 01:09:58,2026-01-30 01:16:43.614713524,22,212,0.04,1.57,1,1
2026-01-09 02:21:36,2026-01-09 02:29:36.287930640,136,17,1.23,43.32,1,2
2026-01-28 17:40:41,2026-01-28 17:47:14.623503026,215,207,1.28,23.59,1,2
2026-01-09 00:30:18,2026-01-09 00:32:13.620061116,137,85,1.06,7.1,3,1
2026-01-06 18:21:53,2026-01-06 18:33:06.680200172,226,161,3.97,19.22,3,2
2026-01-09 01:55:04,2026-01-09 02:03:22.070119774,193,213,3.58,-5.0,1,1
2026-01-11 00:30:35,2026-01-11 00:36:06.885200492,177,79,1.29,3.67,2,1
2026-01-04 17:43:59,2026-01-04 17:56:25.839847364,32,118,1.25,7.83,4,1
2026-01-19 05:12:01,2026-01-19 05:21:02.628702436,138,89,0.97,3.71,1,1
2026-01-11 08:05:08,2026-01-11 08:09:40.241634278,106,37,6.65,2.85,2,1
2026-01-23 06:14:18,2026-01-23 06:22:05.416291272,250,56,3.26,11.6,4,2
2026-01-16 05:17:46,2026-01-16 05:19:13.167193690,60,193,0.49,2.32,3,2
2026-01-14 17:20:09,2026-01-14 17:31:05.014690584,176,255,1.28,5.54,4,1
2026-01-15 14:25:12,2026-01-15 14:28:11.080531068,81,55,1.27,22.34,4,2
2026-01-05 20:16:50,2026-01-05 20:22:48.395902838,98,189,0.75,19.39,1,2
2026-01-23 02:22:58,2026-01-23 02:28:36.205242346,263,50,1.36,0.35,1,1
2026-01-04 05:29:19,2026-01-04 05:35:07.323267586,75,5,6.64,24.16,3,2
2026-01-23 08:49:02,2026-01-23 09:02:08.828504726,222,34,1.68,47.83,3,1
2026-01-31 23:49:31,2026-01-31 23:51:13.718536066,38,253,1.91,25.35,4,2
2026-01-24 16:24:52,2026-01-24 16:39:25.410451864,264,130,1.27,0.57,2,1
2026-01-15 02:46:55,2026-01-15 03:02:19.059051784,125,2,11.61,36.07,3,1
2026-01-10 17:58:11,2026-01-10 18:15:38.677757138,163,32,0.48,13.5,1,1
2026-01-28 01:09:49,2026-01-28 01:13:18.211109038,219,52,4.1,9.29,1,1
2026-01-08 23:21:00,2026-01-08 23:31:07.507222620,42,138,3.97,3.88,4,2
2026-01-15 22:53:15,2026-01-15 23:03:28.842600738,68,119,0.13,13.8,3,2
2026-01-24 21:31:46,2026-01-24 21:34:27.070565254,149,102,3.93,43.38,1,2
2026-01-29 14:14:02,2026-01-29 14:24:35.896970276,72,109,1.01,1.56,3,1
2026-01-29 13:11:28,2026-01-29 13:27:58.754457945,130,10,3.12,12.2,3,1
2026-01-03 17:17:34,2026-01-03 17:34:28.254690418,148,86,0.65,0.03,3,2
2026-01-28 20:18:28,2026-01-28 20:35:19.303208308,116,37,12.19,1.11,1,2
2026-01-04 12:49:49,2026-01-04 12:54:55.637253478,263,6,0.68,39.21,4,2
2026-01-19 02:51:00,2026-01-19 02:52:53.241254136,27,216,1.22,12.59,2,2
,2026-01-29 19:43:22.847680678,50,190,1.15,5.87,3,1
2026-01-21 07:10:32,2026-01-21 07:16:22.933748528,71,3,1.71,29.82,2,2
2026-01-30 08:56:05,2026-01-30 09:15:08.940645932,34,186,1.57,31.93,2,2
2026-01-11 16:11:04,2026-01-11 16:19:10.644974182,103,120,6.64,21.81,3,2
2026-01-10 18:08:59,2026-01-10 18:34:10.860532844,10,73,2.11,3.53,1,2
2026-01-11 02:42:15,2026-01-11 02:49:28.547735808,112,32,2.74,31.18,2,1
2026-01-12 00:14:33,2026-01-12 00:16:32.513647602,150,246,2.67,5.15,4,1
2026-01-22 04:00:27,2026-01-22 04:06:52.236728226,101,138,4.26,2.93,2,2
2026-01-15 00:37:22,2026-01-15 00:41:32.590755922,25,18,2.89,40.36,2,2
2026-01-23 20:38:51,2026-01-23 21:02:31.982540490,26,27,2.5,3.96,2,1
2026-01-13 21:37:27,2026-01-13 21:51:46.602418374,106,62,1.58,1.45,3,1
2026-01-10 12:56:51,2026-01-10 12:59:37.815259302,240,55,5.41,18.93,4,2
2026-01-06 21:23:37,2026-01-06 21:43:40.309306918,113,220,0.3,12.08,4,1
2026-01-18 01:59:12,2026-01-18 02:10:30.706579152,9,261,1.33,3.37,3,1
2026-01-28 20:23:28,2026-01-28 20:25:55.517575678,107,62,5.41,35.98,3,1
2026-01-27 15:04:15,2026-01-27 15:51:48.704137200,61,171,1.33,15.48,3,1
2026-01-08 20:27:39,2026-01-08 20:42:47.252868954,152,93,2.33,11.74,1,2
2026-01-15 19:21:35,2026-01-15 19:23:15.663497648,143,59,5.8,30.92,2,1
2026-01-22 20:43:21,2026-01-22 20:46:55.634833374,39,238,1.41,1.81,2,1
2026-01-19 23:38:36,2026-01-19 23:42:13.477121388,14,130,0.59,0.42,3,2
2026-01-03 01:57:49,2026-01-03 02:06:46.941973054,34,46,0.84,6.2,3,2
2026-01-19 07:44:50,2026-01-19 07:49:16.185556010,184,78,1.08,20.48,1,1
2026-01-02 04:49:51,2026-01-02 05:19:02.229702660,187,108,5.35,8.3,2,2
2026-01-04 14:40:31,2026-01-04 14:43:53.003377126,240,176,0.11,0.93,3,1
2026-01-21 06:22:31,2026-01-21 06:27:23.384629792,106,227,4.13,10.82,4,2
2026-01-04 04:17:42,2026-01-04 04:18:51.609757038,137,221,0.41,11.71,4,2
2026-01-11 12:13:40,2026-01-11 12:51:12.670127134,167,189,3.5,16.94,4,2
2026-01-19 05:47:21,2026-01-19 05:53:30.185221992,198,22,6.2,10.8,1,2
2026-01-21 07:39:42,2026-01-21 07:41:47.763883704,43,245,0.69,24.29,2,2
2026-01-14 19:37:25,2026-01-14 19:39:23.627718340,2,174,1.62,16.14,2,2
2026-01-03 21:57:06,2026-01-03 22:12:36.930352452,108,116,5.38,16.57,4,2
2026-01-25 18:32:01,2026-01-25 18:38:46.450047436,32,108,5.57,5.47,1,1
2026-01-30 10:41:21,2026-01-30 10:53:39.409972344,175,109,1.61,6.16,3,1
2026-01-28 13:12:27,2026-01-28 13:15:45.871347012,34,64,2.0,40.4,3,2
2026-01-24 04:53:41,2026-01-24 05:05:52.994170136,237,214,0.56,12.44,4,2
2026-01-13 11:15:03,2026-01-13 11:53:36.974884548,107,40,0.05,2.68,3,2
2026-01-28 03:56:34,2026-01-28 04:02:32.338434202,53,142,1.81,2.21,2,1
2026-01-16 03:12:07,2026-01-16 03:21:41.725940776,141,111,2.3,1.26,4,1
2026-01-05 05:32:02,2026-01-05 06:18:51.258304322,205,131,0.51,5.65,4,1
2026-01-27 08:48:26,2026-01-27 08:53:44.529627824,181,108,0.8,15.85,1,1
2026-01-10 22:11:59,2026-01-10 22:29:50.437273262,201,41,6.01,8.75,3,1
2026-01-30 02:23:38,2026-01-30 02:34:40.531382840,122,77,0.18,4.04,2,1
2026-01-12 10:02:53,2026-01-12 10:08:01.688041946,18,8,0.16,6.53,4,1
2026-01-27 22:49:47,2026-01-27 22:59:49.259294816,231,62,0.58,17.32,1,1
2026-01-17 15:39:23,2026-01-17 15:45:26.473895276,180,249,1.97,17.38,2,1
2026-01-15 11:44:29,2026-01-15 11:45:29.000000000,245,239,5.81,35.97,1,1
2026-01-10 04:52:12,2026-01-10 05:34:25.990148466,3,196,1.15,8.06,4,1
2026-01-26 21:45:46,2026-01-26 22:50:05.077256314,199,252,4.78,0.53,4,1
2026-01-02 21:06:33,2026-01-02 21:19:07.655809158,118,20,1.96,11.36,3,2
2026-01-15 12:50:29,2026-01-15 13:20:26.764612514,228,106,1.18,19.94,1,1
2026-01-12 10:26:43,2026-01-12 10:43:05.438038984,144,59,0.2,9.48,1,1
2026-01-17 20:16:59,2026-01-17 20:26:43.628696252,130,2,0.95,14.03,2,1
2026-01-08 21:23:04,2026-01-08 21:36:16.922942440,178,133,6.7,10.09,4,2
2026-01-21 14:27:23,2026-01-21 14:28:37.653199520,183,230,1.79,10.24,3,2
2026-01-12 23:07:31,2026-01-12 23:18:35.835099802,78,115,1.76,24.44,2,2
2026-01-07 02:32:16,2026-01-07 02:56:30.517068700,109,245,3.5,5.31,1,1
2026-01-22 14:11:59,2026-01-22 14:18:12.131945030,109,167,1.29,3.65,1,2
2026-01-09 02:51:03,2026-01-09 02:55:54.413299068,166,195,3.16,9.92,4,2
2026-01-10 12:35:46,2026-01-10 12:41:51.004202326,123,257,2.72,7.35,3,2
2026-01-20 10:27:09,2026-01-20 10:45:58.532288232,74,122,0.33,4.87,1,2
2026-01-11 05:21:33,2026-01-11 05:38:16.504457976,65,189,0.39,1.49,4,1
2026-01-13 00:47:11,2026-01-13 00:56:19.565610566,187,204,1.29,21.07,2,1
2026-01-08 13:53:31,2026-01-08 14:26:44.512612246,55,130,4.22,14.08,3,1
2026-01-11 16:57:54,2026-01-11 17:04:52.755316848,229,173,2.27,12.52,4,1
2026-01-22 11:25:40,2026-01-22 11:35:26.379736828,257,240,6.91,25.91,2,2
2026-01-17 13:13:32,2026-01-17 13:22:55.780383536,196,254,6.11,9.08,2,2
2026-01-31 22:09:54,2026-01-31 22:17:35.898297132,129,245,1.52,6.38,4,1
2026-01-24 22:15:51,2026-01-24 22:21:31.162154742,129,116,1.39,47.58,3,2
2026-01-01 12:31:22,2026-01-01 12:32:22.000000000,236,89,0.34,17.39,1,2
2026-01-12 17:52:39,2026-01-12 18:05:26.776506510,145,77,5.75,28.69,4,2
2026-01-09 23:38:56,2026-01-09 23:43:38.278843436,111,106,7.83,3.58,4,2
2026-01-19 05:06:52,2026-01-19 05:08:45.311716822,140,214,4.01,11.91,1,2
2026-01-09 05:38:56,2026-01-09 05:43:51.379962626,188,126,0.04,69.43,4,1
2026-01-30 22:51:17,2026-01-30 22:54:07.437463430,92,34,3.17,5.31,4,1
2026-01-10 06:44:08,2026-01-10 07:13:32.293758848,234,106,0.33,2.32,4,1
2026-01-17 04:21:11,2026-01-17 04:24:54.423817862,8,179,4.42,17.58,1,1
2026-01-04 19:26:45,2026-01-04 19:30:20.449879572,222,7,0.07,43.61,2,1
2026-01-29 04:53:21,2026-01-29 04:55:25.051710708,93,188,2.75,0.38,2,2
2026-01-29 06:24:59,2026-01-29 06:32:20.956242086,114,11,3.11,37.89,3,1
2026-01-25 14:29:32,2026-01-25 14:40:44.583113942,158,226,2.58,15.28,3,1
2026-01-11 21:36:41,2026-01-11 21:40:35.964692954,131,37,0.41,24.02,1,2
2026-01-02 19:41:12,2026-01-02 19:46:10.377082878,178,221,1.35,19.33,3,1
2026-01-23 00:57:31,2026-01-23 00:58:33.913388590,165,85,1.03,6.18,3,2
2026-01-14 07:14:58,2026-01-14 07:22:19.165358122,112,216,0.84,6.37,2,2
2026-01-31 16:50:20,2026-01-31 17:26:01.860888158,103,43,0.0,20.12,4,1
2026-01-22 15:32:56,2026-01-22 15:45:15.792342290,177,237,1.31,23.38,3,2
2026-01-17 16:44:37,2026-01-17 16:45:37.000000000,249,139,8.26,4.99,2,2
2026-01-31 14:06:49,2026-01-31 14:08:19.109621506,222,245,11.05,21.72,4,1
2026-01-25 19:32:59,2026-01-25 20:05:09.066618542,43,141,1.88,4.61,3,1
2026-01-15 05:01:55,2026-01-15 05:08:41.562090256,104,256,0.01,2.67,3,2
2026-01-01 14:01:39,2026-01-01 14:06:08.480357136,78,82,0.27,32.19,2,1
2026-01-03 21:01:56,2026-01-03 21:18:07.038314516,18,157,1.25,13.22,1,1
2026-01-14 18:07:33,2026-01-14 18:56:09.106403214,2,8,2.06,0.76,4,2
2026-01-18 10:08:05,2026-01-18 10:12:38.161257848,210,54,2.28,0.97,4,2
2026-01-01 22:25:59,2026-01-01 22:26:59.000000000,132,218,1.13,17.25,2,2
2026-01-04 22:09:48,2026-01-04 22:16:38.287321554,236,61,2.4,13.05,1,2
2026-01-22 19:59:44,2026-01-22 20:01:21.409760162,210,49,0.24,32.66,2,1
2026-01-24 07:07:49,2026-01-24 07:10:25.040706922,238,35,2.15,6.75,4,1
2026-01-01 22:10:46,2026-01-01 22:15:38.554427530,231,38,0.36,28.48,3,1
2026-01-16 17:42:42,2026-01-16 17:56:41.982773562,253,205,4.4,18.89,2,2
2026-01-03 12:14:42,2026-01-03 12:22:28.218305400,50,27,1.45,6.87,1,1
2026-01-23 10:13:58,2026-01-23 10:25:46.396823296,36,179,0.04,4.71,2,2
2026-01-26 20:33:02,2026-01-26 20:42:04.031141864,252,60,0.13,6.44,4,2
2026-01-27 22:48:18,2026-01-27 23:18:23.787127050,248,43,5.74,3.92,2,1
2026-01-19 13:02:31,2026-01-19 13:26:12.115080598,72,156,4.19,4.82,3,1
2026-01-20 11:56:14,2026-01-20 11:57:57.658188128,6,11,0.42,0.58,1,1
2026-01-29 17:23:01,2026-01-29 17:28:37.616278792,19,135,0.26,3.94,1,2
2026-01-19 23:39:17,2026-01-19 23:51:56.077558526,42,103,0.56,38.41,4,2
2026-01-14 20:01:41,2026-01-14 20:03:46.737675476,163,110,2.64,6.88,4,2
2026-01-24 09:24:01,2026-01-24 09:28:17.968126444,219,203,4.69,1.53,2,2
2026-01-19 07:35:03,2026-01-19 07:44:45.861848220,234,192,3.54,17.6,2,1
2026-01-27 02:47:11,2026-01-27 02:49:36.707403002,94,80,3.74,7.23,2,1
2026-01-17 06:22:38,2026-01-17 06:24:12.835447250,109,69,0.05,3.15,1,1
2026-01-27 22:34:33,2026-01-27 22:44:25.380747306,6,175,0.37,16.98,4,1
2026-01-02 09:22:44,2026-01-02 09:38:07.898442668,223,237,0.92,9.63,2,1
2026-01-02 03:06:14,2026-01-02 03:15:08.705981198,182,228,8.23,4.73,4,2
2026-01-04 01:41:04,2026-01-04 01:44:22.514296342,252,166,1.13,3.92,4,1
2026-01-18 05:48:20,2026-01-18 06:03:27.510777428,161,232,0.8,21.43,1,1
2026-01-22 23:28:41,2026-01-22 23:36:02.096911820,172,151,3.02,8.96,2,1
2026-01-07 16:54:15,2026-01-07 17:12:51.865819602,37,169,11.45,10.91,4,2
2026-01-05 19:52:34,2026-01-05 19:57:40.034797930,258,241,12.35,65.38,2,2
2026-01-27 16:05:50,2026-01-27 16:11:20.618126774,66,106,1.37,0.39,2,2
2026-01-24 06:24:04,2026-01-24 06:34:53.217038284,159,44,1.87,8.69,3,2
2026-01-21 02:24:28,2026-01-21 02:58:14.290610932,139,166,0.25,3.1,2,1
2026-01-16 03:20:44,2026-01-16 03:23:42.256103456,88,173,0.83,34.44,3,1
2026-01-14 00:38:43,2026-01-14 00:49:36.535575616,39,59,0.99,6.34,1,1
2026-01-01 15:16:21,2026-01-01 15:31:42.229762194,112,2,2.7,5.41,2,2
2026-01-06 19:56:58,2026-01-06 20:12:31.029054712,195,241,0.2,7.48,4,2
2026-01-28 19:21:45,2026-01-28 19:23:18.053401284,17,49,0.25,4.95,4,1
2026-01-11 12:14:00,2026-01-11 12:15:00.000000000,211,202,0.56,23.48,1,1
2026-01-22 20:10:46,2026-01-22 20:14:49.236523576,157,146,1.96,10.86,4,2
2026-01-22 19:36:38,2026-01-22 19:48:05.642339954,215,104,1.45,15.9,4,1
2026-01-10 14:12:36,2026-01-10 14:31:00.498670002,40,222,1.42,6.49,2,2
2026-01-07 08:02:36,2026-01-07 08:09:50.999329464,121,100,2.3,25.38,2,2
2026-01-22 10:36:00,2026-01-22 10:46:37.480868160,250,105,1.92,0.12,4,1
2026-01-03 21:37:32,2026-01-03 21:41:36.882868394,110,166,0.52,22.86,4,1
2026-01-16 08:08:53,2026-01-16 08:32:44.247189230,67,39,1.45,36.46,4,1
2026-01-28 12:41:36,2026-01-28 12:49:25.450142004,21,227,0.08,54.72,1,2
2026-01-23 01:13:44,2026-01-23 01:23:42.026735120,71,39,2.83,14.85,3,1
2026-01-24 16:34:20,2026-01-24 16:48:26.987247872,15,139,2.42,0.22,3,2
2026-01-03 13:57:03,2026-01-03 13:58:03.000000000,227,15,0.87,14.27,2,2
2026-01-07 04:38:50,2026-01-07 04:44:04.675907636,214,236,1.0,9.47,1,2
2026-01-09 12:40:22,2026-01-09 12:58:29.250943234,96,75,1.13,5.84,3,2
2026-01-10 01:28:47,2026-01-10 01:35:29.846801552,48,92,0.65,4.66,2,2
2026-01-07 00:23:47,2026-01-07 00:32:17.289868520,10,238,0.74,38.85,1,1
2026-01-31 03:13:12,2026-01-31 04:01:39.533435796,41,14,5.87,18.85,1,2
2026-01-06 02:43:34,2026-01-06 03:02:56.949698242,17,246,2.72,3.83,1,2
2026-01-22 22:53:21,2026-01-22 23:03:58.939613214,44,142,1.12,6.53,2,1
2026-01-19 04:32:35,2026-01-19 04:39:28.482428744,87,262,2.02,5.49,4,2
2026-01-19 22:13:42,2026-01-19 22:18:24.946077672,44,216,0.74,38.57,1,1
2026-01-07 15:42:06,2026-01-07 15:46:14.746371042,64,120,1.99,22.06,4,1
2026-01-10 12:52:32,2026-01-10 13:04:57.739871354,107,43,0.73,50.21,1,2
2026-01-19 19:14:05,2026-01-19 19:18:10.537605410,56,204,0.22,18.76,4,2
2026-01-10 06:32:56,2026-01-10 06:56:52.317988088,223,70,0.88,55.15,1,1
2026-01-22 12:25:15,2026-01-22 12:26:23.681066670,214,225,2.43,10.32,2,2
2026-01-02 05:24:20,2026-01-02 06:11:37.492874210,172,67,1.81,10.52,3,1
2026-01-03 06:10:42,2026-01-03 06:18:24.679910718,27,74,3.38,7.72,4,1
2026-01-23 13:59:25,2026-01-23 14:05:35.269546900,13,107,1.91,13.9,4,2
2026-01-20 02:52:07,2026-01-20 02:56:21.886893946,21,173,0.48,14.39,4,1
2026-01-02 08:07:20,2026-01-02 08:35:19.339646168,208,67,1.36,1.65,4,2
2026-01-28 20:53:06,2026-01-28 21:22:28.343001132,172,13,1.24,5.86,4,1
2026-01-01 03:36:49,2026-01-01 03:40:00.747244924,247,157,1.13,20.72,1,1
2026-01-30 14:55:51,2026-01-30 14:57:12.719024610,181,244,1.06,10.92,4,1
2026-01-23 14:44:39,2026-01-23 14:58:54.104819328,178,32,0.13,2.33,4,2
2026-01-31 15:10:34,2026-01-31 15:29:07.903742734,190,17,1.05,14.63,1,2
2026-01-30 09:57:43,2026-01-30 09:58:43.000000000,21,95,7.21,44.55,2,1
2026-01-10 16:57:55,2026-01-10 17:00:36.383843650,86,261,2.26,6.68,2,2
2026-01-24 10:50:17,2026-01-24 10:53:27.211555436,206,191,8.04,4.75,1,1
2026-01-07 12:55:07,2026-01-07 12:57:35.898778618,247,72,5.29,8.3,4,1
2026-01-15 14:54:01,2026-01-15 15:16:33.590728870,255,209,0.42,11.12,4,1
2026-01-08 10:38:25,2026-01-08 10:50:42.057740002,249,163,0.0,17.15,4,2
2026-01-16 01:37:03,2026-01-16 01:38:27.354193476,172,52,1.7,7.65,3,1
2026-01-28 01:01:18,2026-01-28 01:13:09.090856332,41,73,2.2,7.81,2,1
2026-01-14 12:29:07,2026-01-14 13:09:43.275035770,80,218,2.73,3.45,3,2
2026-01-03 20:44:28,2026-01-03 20:45:28.000000000,2,111,0.33,9.35,3,1
2026-01-11 01:32:05,2026-01-11 01:38:07.286530580,143,213,0.51,12.19,4,2
2026-01-25 09:10:22,2026-01-25 09:12:11.764104478,165,191,0.03,1.73,3,2
2026-01-17 04:09:19,2026-01-17 04:12:47.497436068,42,55,1.06,48.29,4,1
2026-01-18 08:46:44,2026-01-18 08:51:42.317267102,107,158,1.29,-5.0,2,2
2026-01-14 08:46:34,2026-01-14 09:09:54.758235094,263,198,0.72,30.1,2,1
2026-01-10 01:49:38,2026-01-10 02:22:37.975005602,58,243,1.53,5.61,4,2
2026-01-19 13:02:12,2026-01-19 13:04:23.222117556,263,59,1.24,25.81,1,2
2026-01-20 15:01:04,2026-01-20 15:27:38.227591804,156,22,0.78,36.02,1,1
2026-01-28 20:12:04,2026-01-28 20:24:11.265248038,134,263,0.7,20.2,3,2
2026-01-20 03:37:45,2026-01-20 03:42:52.054641522,199,30,0.82,8.36,3,2
2026-01-31 20:17:13,2026-01-31 20:37:32.491888798,263,164,1.65,3.46,1,1
2026-01-26 14:58:23,2026-01-26 15:02:42.503066156,242,68,1.16,2.37,2,2
2026-01-03 10:35:06,2026-01-03 10:55:48.883947846,218,184,3.05,19.3,1,1
2026-01-13 03:46:32,2026-01-13 03:53:14.746251200,243,158,0.16,37.34,3,2
2026-01-12 22:12:16,2026-01-12 22:16:02.334177976,151,106,3.15,3.41,4,1
2026-01-01 02:14:50,2026-01-01 02:15:50.000000000,14,207,0.77,8.82,2,1
2026-01-06 14:26:43,2026-01-06 14:29:13.195247134,262,133,2.52,3.84,3,1
2026-01-24 15:04:04,2026-01-24 15:24:08.005759270,119,56,3.62,0.21,2,1
2026-01-11 21:58:39,2026-01-11 22:31:21.654157368,225,10,0.13,6.26,2,1
2026-01-05 14:01:17,2026-01-05 14:17:53.906981582,62,148,1.82,4.26,3,2
2026-01-09 21:52:47,2026-01-09 22:10:53.970228818,195,194,9.44,9.06,2,2
2026-01-09 12:22:44,2026-01-09 12:33:06.700373210,72,66,2.39,11.04,1,2
2026-01-06 09:51:20,2026-01-06 09:59:00.959987786,7,85,0.13,3.04,3,2
2026-01-04 03:17:12,2026-01-04 03:20:34.946760414,74,94,3.98,18.13,3,2
2026-01-24 16:28:21,2026-01-24 16:32:06.766645734,157,8,3.67,33.76,4,2
2026-01-26 13:26:41,2026-01-26 13:39:42.319426184,259,155,0.29,4.67,1,2
2026-01-16 09:14:19,2026-01-16 09:25:34.531337938,118,5,5.12,16.8,2,1
2026-01-20 01:54:18,2026-01-20 01:57:47.220140400,174,17,5.35,13.62,1,1
2026-01-29 11:55:07,2026-01-29 12:05:14.223611854,222,25,0.18,9.13,1,2
2026-01-27 02:56:29,2026-01-27 03:02:38.432956574,239,46,12.38,1.08,3,1
2026-01-02 00:14:55,2026-01-02 00:56:31.219692466,8,199,1.07,2.95,1,2
2026-01-30 12:59:55,2026-01-30 13:15:03.738321868,75,91,0.07,4.5,1,2
2026-01-03 01:49:53,2026-01-03 01:50:53.000000000,134,245,3.45,5.63,2,2
2026-01-01 19:46:10,2026-01-01 19:57:18.941454664,225,69,0.0,23.64,4,2
2026-01-13 12:02:07,2026-01-13 12:08:38.556804094,91,216,0.91,0.14,1,2
2026-01-24 02:54:52,2026-01-24 02:55:52.000000000,22,161,1.1,14.9,2,2
2026-01-03 11:43:34,2026-01-03 11:46:20.171564128,255,73,3.13,2.38,3,2
2026-01-10 01:59:02,2026-01-10 02:06:49.443980018,176,20,2.1,18.05,2,1
2026-01-09 03:28:14,2026-01-09 03:30:00.020455028,170,170,0.92,5.16,3,2
2026-01-13 07:39:06,2026-01-13 07:48:18.830699898,130,21,0.12,1.16,4,1
2026-01-31 13:36:22,2026-01-31 13:37:56.443061302,145,230,1.08,29.9,4,2
2026-01-11 06:34:20,2026-01-11 06:58:03.009218780,3,151,0.24,12.63,2,2
2026-01-07 11:27:57,2026-01-07 11:48:27.562278726,147,254,3.17,11.99,2,1
2026-01-04 19:00:07,2026-01-04 19:14:32.319913390,41,248,0.31,12.06,1,1
2026-01-07 03:23:58,2026-01-07 03:40:12.309594232,194,202,7.62,7.58,2,1
2026-01-05 03:03:17,2026-01-05 03:04:17.000000000,255,131,0.22,16.43,2,1
2026-01-18 18:47:19,2026-01-18 18:49:25.302688186,85,80,7.9,6.44,4,2
2026-01-14 00:51:24,2026-01-14 01:19:26.565935316,167,240,4.79,17.33,1,2
2026-01-16 10:30:38,2026-01-16 10:39:40.237049132,201,34,4.94,0.88,4,1
2026-01-26 19:07:01,2026-01-26 19:14:32.016939645,237,106,3.05,3.16,4,1
2026-01-18 23:50:45,2026-01-18 23:55:27.860995236,194,24,1.6,14.67,4,1
2026-01-05 19:26:46,2026-01-05 19:28:36.912329668,57,30,2.18,7.95,3,1
2026-01-12 16:17:27,2026-01-12 16:36:50.251663068,6,45,1.65,2.49,3,1
2026-01-10 16:33:33,2026-01-10 16:48:57.462266658,31,206,3.51,8.71,3,2
2026-01-26 15:06:40,2026-01-26 15:07:47.716981816,2,225,1.69,1.18,2,2
2026-01-10 12:25:32,2026-01-10 12:26:32.000000000,236,20,2.02,58.93,4,1
2026-01-05 07:06:14,2026-01-05 07:08:21.326681312,67,161,0.98,20.85,2,2
2026-01-23 19:35:17,2026-01-23 19:47:59.478847214,2,148,0.79,13.23,2,2
2026-01-14 06:43:26,2026-01-14 06:52:57.131117444,202,37,1.75,25.03,4,1
2026-01-03 23:19:18,2026-01-03 23:25:17.983293378,33,64,0.34,13.19,2,2
2026-01-22 09:10:58,2026-01-22 09:11:58.000000000,122,162,0.09,0.95,1,2
2026-01-07 12:37:14,2026-01-07 12:59:38.303466344,107,212,0.14,3.06,1,2
2026-01-27 21:58:04,2026-01-27 22:17:59.025780064,235,128,2.14,10.88,3,1
2026-01-26 19:21:01,2026-01-26 19:31:39.676398826,227,140,0.09,11.92,2,2
2026-01-12 10:57:40,2026-01-12 10:58:52.608458080,63,183,0.16,22.37,2,2
2026-01-18 05:21:46,2026-01-18 05:25:25.971826624,124,260,3.64,23.62,3,2
2026-01-18 14:24:09,2026-01-18 14:29:52.579564296,203,36,0.04,-5.0,2,1
2026-01-21 06:08:58,2026-01-21 06:10:55.677807598,69,176,2.29,23.21,1,2
2026-01-03 03:26:24,2026-01-03 04:34:37.230161412,260,65,1.58,3.65,2,2
2026-01-11 01:41:12,2026-01-11 01:42:12.000000000,123,259,0.06,17.25,1,2
2026-01-06 06:43:02,2026-01-06 06:49:30.870323282,8,63,0.83,31.6,2,2
2026-01-22 14:56:14,2026-01-22 15:35:48.698020262,236,213,4.23,4.61,3,2
2026-01-03 03:26:19,2026-01-03 03:31:53.783837248,199,82,7.34,28.97,2,1
2026-01-17 00:37:05,2026-01-17 00:43:09.946578752,7,98,0.3,4.77,1,1
2026-01-23 13:32:36,2026-01-23 13:39:21.469206804,99,221,0.81,1.93,1,2
2026-01-30 09:35:34,2026-01-30 09:43:41.639190981,2,48,5.17,1.65,1,2
2026-01-09 22:18:59,2026-01-09 22:52:17.777943380,109,211,1.24,0.39,3,2
2026-01-01 05:55:55,2026-01-01 06:03:02.488448410,75,256,0.55,31.6,1,2
2026-01-23 10:27:59,2026-01-23 10:32:05.032168838,86,259,1.19,18.81,1,1
2026-01-01 01:09:02,2026-01-01 01:40:59.608372856,193,126,3.58,31.93,4,2
2026-01-03 01:24:01,2026-01-03 01:30:05.595766540,136,181,2.58,15.29,2,2
2026-01-31 16:55:38,2026-01-31 16:56:55.921061048,89,185,2.13,2.89,2,1
2026-01-27 17:44:08,2026-01-27 18:03:49.841821646,238,222,1.8,26.01,2,2
2026-01-22 22:24:34,2026-01-22 22:30:12.297335248,128,157,1.0,23.88,4,1
2026-01-26 21:38:04,2026-01-26 22:12:43.135282582,212,209,5.03,4.96,4,1
2026-01-03 08:03:41,2026-01-03 08:09:20.634959738,76,17,1.67,1.92,1,1
2026-01-03 18:09:46,2026-01-03 18:15:29.629811626,227,189,6.5,1.93,3,2
2026-01-10 07:49:00,2026-01-10 08:16:16.677847799,203,120,0.05,7.51,3,2
2026-01-01 17:40:29,2026-01-01 18:21:59.406338954,199,126,0.27,2.25,1,2
2026-01-28 12:54:16,2026-01-28 13:06:43.559313130,128,204,6.47,5.05,4,1
2026-01-02 17:52:43,2026-01-02 17:59:01.835101744,206,5,3.18,3.38,3,1
2026-01-17 20:45:56,2026-01-17 20:46:56.000000000,186,30,0.43,23.57,2,2
2026-01-27 11:06:03,2026-01-27 11:10:04.895059973,222,251,1.97,1.75,1,1
2026-01-23 18:49:47,2026-01-23 18:55:13.717275620,221,59,2.46,5.83,1,1
2026-01-08 06:37:09,2026-01-08 06:52:10.435153800,100,202,2.02,35.01,4,1
2026-01-15 13:55:41,2026-01-15 14:08:45.374512166,213,3,0.18,19.98,1,1
2026-01-17 23:54:55,2026-01-18 00:35:37.104231892,215,51,1.92,22.92,1,1
2026-01-24 19:20:04,2026-01-24 20:19:19.756228414,229,95,2.53,0.31,3,2
2026-01-14 05:07:32,2026-01-14 05:12:57.851066816,114,60,3.2,3.5,2,1
2026-01-09 20:04:00,2026-01-09 20:29:52.112822634,65,180,0.76,7.58,4,2
2026-01-25 15:52:15,2026-01-25 16:03:18.432883500,42,59,0.09,9.0,3,1
2026-01-28 11:32:25,2026-01-28 11:54:06.570297880,252,245,1.65,5.44,2,2
2026-01-16 03:44:25,2026-01-16 03:47:55.879366887,57,166,1.25,9.81,4,1
2026-01-01 20:50:50,2026-01-01 20:59:54.227605634,127,73,5.54,1.53,4,1
2026-01-16 12:29:29,2026-01-16 12:41:26.962636892,87,134,1.97,11.68,1,1
2026-01-28 13:37:58,2026-01-28 14:01:15.885358978,248,234,1.18,40.02,1,1
2026-01-31 15:53:03,2026-01-31 16:25:00.830166588,56,188,0.31,32.86,3,2
2026-01-13 10:22:13,2026-01-13 10:23:28.981521490,145,140,7.56,42.68,4,2
2026-01-05 15:41:47,2026-01-05 15:48:22.907320772,228,97,3.3,27.14,1,1
2026-01-18 17:41:21,2026-01-18 17:56:22.887060036,217,246,0.14,23.44,2,1
2026-01-26 18:02:37,2026-01-26 18:03:37.000000000,222,243,2.45,8.27,2,2
2026-01-30 07:05:01,2026-01-30 07:07:27.044844466,215,82,1.12,3.89,1,2
2026-01-02 14:30:06,2026-01-02 14:41:20.050720686,221,195,2.41,41.03,3,1
2026-01-10 00:10:07,2026-01-10 00:14:15.015752260,236,66,0.76,21.6,4,1
2026-01-15 19:22:14,2026-01-15 19:23:14.000000000,249,187,0.73,2.16,4,2
2026-01-04 01:06:05,2026-01-04 01:15:51.619227806,91,7,1.03,19.04,1,2
2026-01-28 11:25:59,2026-01-28 11:30:54.198871130,192,196,2.99,4.68,1,2
2026-01-04 11:27:16,2026-01-04 11:40:13.353405700,74,189,1.17,17.74,4,2
2026-01-21 14:55:09,2026-01-21 14:59:23.597545548,105,168,3.1,0.73,2,1
2026-01-29 11:27:37,2026-01-29 11:41:34.854539302,118,248,2.22,1.95,4,2
2026-01-22 05:47:58,2026-01-22 05:59:49.867583638,28,175,0.63,2.44,1,2
2026-01-24 15:49:33,2026-01-24 16:06:36.002395074,99,111,0.79,5.93,2,2
2026-01-09 03:54:29,2026-01-09 04:10:09.653180552,20,246,-1.0,0.5,2,2
2026-01-26 15:38:14,2026-01-26 15:43:48.793643516,214,25,4.77,7.09,4,2
2026-01-13 23:25:10,2026-01-13 23:30:21.090356656,13,8,0.47,0.6,2,2
2026-01-02 21:37:22,2026-01-02 21:42:03.486960886,48,190,3.76,4.57,4,1
2026-01-12 08:44:10,2026-01-12 08:49:22.111649038,59,97,1.37,12.29,4,1
2026-01-11 20:16:52,2026-01-11 20:24:13.363030168,192,218,3.57,55.89,3,1
2026-01-17 03:57:13,2026-01-17 04:14:49.527848614,136,252,0.26,11.1,1,1
2026-01-09 05:01:53,2026-01-09 05:14:53.999443352,135,153,0.55,12.0,2,2
2026-01-15 07:53:51,2026-01-15 07:55:01.157990670,111,143,0.22,5.19,4,1
2026-01-14 06:24:33,2026-01-14 06:51:10.812022314,43,176,0.87,13.87,1,1
2026-01-11 03:12:44,2026-01-11 03:13:44.000000000,5,116,13.3,5.4,1,1
2026-01-22 13:59:39,2026-01-22 14:06:21.327694008,179,43,1.21,2.43,3,1
2026-01-10 11:16:39,2026-01-10 11:44:47.652424452,195,94,3.4,0.0,4,1
2026-01-24 17:44:28,2026-01-24 17:45:28.000000000,193,241,3.23,3.53,1,1
2026-01-08 18:38:04,2026-01-08 18:39:50.115719812,33,238,2.29,5.88,2,2
2026-01-27 19:28:02,2026-01-27 19:32:30.676855628,234,143,1.74,10.51,2,1
2026-01-12 07:35:42,2026-01-12 07:36:42.000000000,168,258,4.07,27.05,1,2
2026-01-02 06:16:41,2026-01-02 06:31:05.429044478,46,11,4.04,6.71,2,2
2026-01-05 15:33:23,2026-01-05 15:41:23.980868624,158,148,4.92,1.08,1,2
2026-01-25 23:51:19,2026-01-25 23:54:53.676952534,188,63,1.08,2.71,1,1
2026-01-28 00:50:44,2026-01-28 00:54:21.818934038,152,28,4.31,1.89,2,2
2026-01-07 13:42:46,2026-01-07 13:46:00.036940042,82,5,0.94,47.29,3,1
2026-01-19 15:58:36,2026-01-19 16:26:01.969856256,142,33,3.64,3.98,4,1
2026-01-18 19:18:49,2026-01-18 19:35:50.856212920,245,112,0.67,9.92,4,2
2026-01-05 03:32:13,2026-01-05 04:07:43.639411659,204,178,0.41,4.68,4,1
2026-01-15 00:17:04,2026-01-15 00:53:05.973688090,124,155,2.58,9.9,3,1
2026-01-22 12:13:52,2026-01-22 12:54:08.255019292,255,178,5.23,1.17,2,2
2026-01-30 23:32:29,2026-01-30 23:43:19.431296144,232,148,0.23,38.6,4,2
2026-01-27 06:39:49,2026-01-27 06:49:33.401792488,27,122,1.0,-5.0,1,2
2026-01-04 00:47:17,2026-01-04 00:57:53.539897682,13,120,7.29,11.82,2,1
2026-01-08 08:43:35,2026-01-08 08:49:32.559005684,122,230,0.45,2.44,4,1
2026-01-14 12:54:47,2026-01-14 13:09:00.292776404,234,64,0.39,27.37,4,1
2026-01-05 16:02:48,2026-01-05 16:09:32.953169340,83,165,0.73,0.28,3,1
2026-01-18 16:35:30,2026-01-18 17:16:42.623869788,50,79,1.39,5.07,3,2
2026-01-01 06:24:40,2026-01-01 06:28:20.276676670,195,194,1.02,4.57,2,2
2026-01-04 12:27:37,2026-01-04 12:34:08.431277512,151,133,5.06,1.48,1,2
2026-01-02 11:09:15,2026-01-02 11:10:25.223578836,138,211,0.2,6.19,3,2
2026-01-10 03:50:34,2026-01-10 04:16:32.563565344,172,4,0.02,11.87,2,1
2026-01-24 15:06:54,2026-01-24 15:19:09.554490906,83,157,3.74,0.88,1,2
2026-01-06 11:53:26,2026-01-06 11:54:41.662460624,21,165,7.9,5.48,2,2
2026-01-31 14:27:59,2026-01-31 14:29:59.415923690,243,259,0.54,19.06,3,2
2026-01-09 08:32:21,2026-01-09 08:56:08.508551772,264,75,2.58,5.57,3,1
2026-01-02 09:23:27,2026-01-02 09:40:47.499624798,247,35,0.09,7.44,2,2
2026-01-11 09:36:24,2026-01-11 09:59:33.178336458,235,41,9.45,25.75,1,1
2026-01-24 04:33:53,2026-01-24 04:38:28.196398454,76,101,0.03,8.4,2,1
2026-01-04 07:20:57,2026-01-04 07:38:33.452937198,82,66,1.89,8.1,4,2
2026-01-03 05:27:55,2026-01-03 05:35:32.250249364,34,135,2.34,9.83,3,2
2026-01-27 07:54:42,2026-01-27 07:58:32.752212300,11,10,0.12,10.61,4,1
2026-01-19 08:32:48,2026-01-19 09:18:25.335329658,175,26,1.33,44.06,1,1
2026-01-11 15:22:27,2026-01-11 15:57:13.874704890,255,230,1.2,35.15,2,2
2026-01-24 10:31:12,2026-01-24 10:36:25.877374302,229,8,3.14,15.5,4,1
2026-01-27 04:10:41,2026-01-27 04:16:57.219680276,10,37,0.54,0.72,3,2
2026-01-12 03:14:53,2026-01-12 03:49:42.380737016,213,160,0.92,28.42,4,1
2026-01-18 09:31:08,2026-01-18 09:42:03.663185318,78,69,0.99,1.44,3,2
2026-01-01 08:08:07,2026-01-01 08:11:36.284764036,209,160,5.15,17.55,1,1
2026-01-10 11:45:45,2026-01-10 11:51:58.686287466,147,62,0.68,4.08,4,2
2026-01-19 10:49:15,2026-01-19 10:50:15.000000000,33,37,7.1,8.39,2,2
2026-01-07 02:38:34,2026-01-07 02:43:02.211800044,212,70,7.67,13.06,1,1
2026-01-31 17:29:09,2026-01-31 18:23:46.742889888,46,110,2.1,7.8,2,2
2026-01-31 02:31:49,2026-01-31 02:51:10.860944506,34,88,0.07,4.18,4,2
2026-01-08 23:40:02,2026-01-08 23:45:50.903535434,206,95,1.03,3.42,4,2
2026-01-13 06:53:38,2026-01-13 06:57:19.599185336,66,184,3.78,5.16,4,1
2026-01-06 20:58:53,2026-01-06 21:00:08.466807170,108,152,0.57,7.11,4,2
2026-01-16 14:56:20,2026-01-16 15:08:21.079844828,192,165,5.1,6.58,2,2
2026-01-04 20:12:03,2026-01-04 20:16:26.587464162,222,70,3.57,10.94,4,2
2026-01-13 02:51:55,2026-01-13 03:01:55.068181894,154,82,1.77,12.51,1,2
2026-01-18 05:06:36,2026-01-18 05:36:35.165074002,41,198,4.25,22.26,4,2
2026-01-19 23:12:45,2026-01-19 23:19:46.375511826,255,121,1.47,2.66,3,1
2026-01-19 11:45:18,2026-01-19 11:48:14.560244190,254,48,1.29,6.84,2,2
2026-01-07 20:44:09,2026-01-07 22:03:40.553866613,118,35,3.71,8.67,1,2
2026-01-25 13:26:58,2026-01-25 13:32:36.261750640,47,147,4.1,24.86,4,2
2026-01-22 10:39:40,2026-01-22 10:57:48.015183129,232,14,0.72,0.68,3,2
2026-01-24 08:17:11,2026-01-24 09:05:35.335351682,196,26,4.76,4.58,1,1
2026-01-15 12:04:59,2026-01-15 12:09:45.964971338,61,145,0.04,1.17,4,2
2026-01-28 16:03:03,2026-01-28 16:18:04.247613330,150,48,3.78,24.04,4,2
2026-01-13 02:03:15,2026-01-13 02:37:20.519668782,250,21,1.92,8.07,1,1
2026-01-25 23:29:41,2026-01-25 23:45:56.847154310,91,121,0.97,11.93,3,1
2026-01-07 07:25:32,2026-01-07 07:45:54.947144120,37,18,1.43,3.12,4,1
2026-01-08 15:58:00,2026-01-08 16:08:33.796226958,156,144,1.93,-5.0,4,1
2026-01-17 07:53:53,2026-01-17 08:11:50.071325624,80,244,0.92,33.09,3,1
2026-01-18 05:34:22,2026-01-18 05:38:22.587285580,8,66,0.21,-5.0,4,1
2026-01-24 03:11:04,2026-01-24 03:18:36.525891412,174,112,5.75,4.46,4,1
2026-01-10 05:16:28,2026-01-10 05:34:10.811949838,89,214,0.7,3.29,3,2
2026-01-28 01:15:06,2026-01-28 01:19:49.001368236,226,15,0.81,9.97,1,2
2026-01-11 05:21:37,2026-01-11 05:22:37.000000000,147,191,9.19,9.88,4,1
2026-01-17 13:25:56,2026-01-17 13:28:46.040302598,156,245,5.08,0.69,2,1
2026-01-29 21:21:59,2026-01-29 21:42:50.733274958,203,206,2.87,4.11,2,2
2026-01-17 17:18:53,2026-01-17 17:44:11.130501614,248,193,1.24,11.61,2,2
2026-01-22 03:19:49,2026-01-22 03:21:13.104180532,37,108,1.18,4.84,3,1
2026-01-29 04:01:00,2026-01-29 04:42:41.666746176,138,230,0.71,8.98,4,2
2026-01-31 05:05:42,2026-01-31 05:13:38.647720986,67,226,1.33,2.73,3,1
2026-01-16 11:33:32,2026-01-16 11:42:25.808523680,25,141,1.26,4.6,1,2
2026-01-13 22:10:58,2026-01-13 22:29:18.701397754,154,227,0.01,9.37,2,1
2026-01-07 02:30:59,2026-01-07 02:53:38.618997770,241,239,2.23,22.11,1,2
2026-01-17 15:51:12,2026-01-17 15:57:24.936363762,177,159,2.57,14.61,3,2
2026-01-29 11:14:37,2026-01-29 12:00:01.550858818,141,167,2.13,3.84,3,2
2026-01-16 02:24:49,2026-01-16 02:26:42.412957930,218,251,1.35,6.47,3,1
2026-01-11 19:16:03,2026-01-11 19:33:33.092008422,113,34,0.38,2.53,4,2
2026-01-04 07:49:17,2026-01-04 08:02:58.120957826,114,240,2.0,35.98,1,1
2026-01-13 01:57:39,2026-01-13 01:58:43.817552952,196,169,0.62,38.85,3,1
2026-01-08 08:06:22,2026-01-08 08:16:52.240300095,251,183,2.06,13.67,4,2
2026-01-31 06:40:30,2026-01-31 06:45:44.248157310,224,41,0.0,1.43,3,2
2026-01-17 08:33:41,2026-01-17 08:36:16.953746894,190,231,4.34,3.26,1,1
2026-01-05 05:55:05,2026-01-05 06:37:49.665168608,143,55,1.41,48.4,3,2
,2026-01-03 02:12:37.401486686,20,257,4.83,7.95,4,1
2026-01-27 08:57:11,2026-01-27 09:08:31.490006678,71,185,3.0,17.77,1,2
2026-01-29 21:00:27,2026-01-29 21:02:01.142719812,42,138,0.6,0.19,3,1
2026-01-24 15:40:28,2026-01-24 15:43:33.479505508,97,35,2.12,9.58,3,1
2026-01-04 20:08:22,2026-01-04 20:18:05.657681584,227,50,3.36,6.41,2,2
2026-01-04 01:07:27,2026-01-04 01:17:09.034660572,204,215,0.4,2.51,3,1
2026-01-07 03:17:51,2026-01-07 03:19:21.279336726,93,130,0.45,6.37,4,2
2026-01-24 06:50:43,2026-01-24 06:53:54.805876174,197,142,1.78,0.88,3,2
2026-01-24 17:23:56,2026-01-24 17:24:56.000000000,254,135,1.01,1.77,4,1
2026-01-26 23:21:32,2026-01-26 23:23:04.940077393,176,202,0.23,2.48,2,2
2026-01-04 00:07:09,2026-01-04 00:19:20.892481788,49,120,3.19,12.05,3,2
2026-01-05 17:59:27,2026-01-05 18:19:22.347422520,195,37,1.48,11.46,4,2
2026-01-28 21:48:24,2026-01-28 21:53:12.064490454,137,41,0.07,11.36,4,1
2026-01-29 18:59:08,2026-01-29 19:00:08.000000000,159,57,1.09,5.39,3,2
2026-01-23 11:55:17,2026-01-23 12:16:55.437884228,114,63,3.79,13.58,3,1
2026-01-04 06:53:32,2026-01-04 07:11:54.466075394,54,142,0.04,7.32,2,2
2026-01-03 03:03:14,2026-01-03 03:19:30.902211050,72,105,1.81,0.26,2,1
2026-01-02 17:21:24,2026-01-02 17:26:35.493793416,132,78,2.1,8.98,2,1
2026-01-22 10:44:03,2026-01-22 10:58:06.063379872,134,263,1.87,23.42,1,2
2026-01-27 05:23:58,2026-01-27 05:45:39.948826486,186,178,1.37,29.29,2,1
2026-01-20 13:55:53,2026-01-20 14:09:01.701515684,95,183,2.99,13.98,3,1
2026-01-09 03:00:14,2026-01-09 03:04:01.507157180,203,230,1.1,5.87,3,2
2026-01-24 11:28:04,2026-01-24 11:33:37.829791024,54,138,0.27,5.44,2,1
2026-01-02 19:59:34,2026-01-02 20:00:34.000000000,108,163,0.37,8.76,2,1
2026-01-26 16:10:45,2026-01-26 16:18:10.681467768,204,223,3.23,5.68,2,2
2026-01-28 15:33:39,2026-01-28 15:35:22.231281540,210,99,5.79,18.13,1,2
2026-01-23 06:27:10,2026-01-23 06:28:46.497894682,130,205,5.6,10.39,2,1
2026-01-28 06:10:21,2026-01-28 06:32:43.993308042,251,10,5.03,6.1,4,1
2026-01-19 04:06:54,2026-01-19 04:12:35.787699924,247,32,-1.0,12.07,4,1
2026-01-15 12:27:47,2026-01-15 12:34:44.562112880,87,204,0.63,30.13,4,1
2026-01-10 23:54:45,2026-01-10 23:55:45.000000000,228,78,5.06,5.81,3,1
2026-01-29 13:45:05,2026-01-29 14:03:53.685169154,197,110,1.75,11.49,3,1
2026-01-22 14:46:17,2026-01-22 15:31:37.734147020,208,259,1.06,15.86,4,1
2026-01-06 21:43:40,2026-01-06 21:51:08.047953718,246,168,1.02,7.25,4,2
2026-01-30 15:59:12,2026-01-30 16:25:30.308145468,191,154,0.64,6.24,2,2
2026-01-02 20:02:54,2026-01-02 20:11:06.150260094,102,228,1.33,20.5,1,2
2026-01-19 05:06:58,2026-01-19 05:14:54.045331222,259,125,3.5,7.64,4,2
2026-01-06 21:45:50,2026-01-06 21:57:58.117113332,31,228,1.0,1.72,3,1
2026-01-21 14:16:21,2026-01-21 14:59:55.695407514,52,134,4.35,8.31,3,1
2026-01-13 19:00:48,2026-01-13 19:06:14.763008118,18,247,0.91,27.44,1,1
2026-01-14 13:13:23,2026-01-14 13:15:02.516942114,222,222,2.4,38.02,1,2
2026-01-21 19:37:40,2026-01-21 19:43:27.449927740,66,116,5.21,6.41,4,2
2026-01-24 10:33:13,2026-01-24 10:36:55.573136320,220,153,0.25,17.35,2,2
2026-01-12 18:45:05,2026-01-12 19:19:09.688825700,48,74,2.68,12.93,4,2
2026-01-31 22:15:52,2026-01-31 22:29:26.186433502,242,68,1.32,14.48,3,2
2026-01-16 10:51:48,2026-01-16 11:18:17.494255614,235,237,0.78,12.7,2,2
2026-01-05 23:19:46,2026-01-05 23:29:20.507250778,56,109,0.2,11.35,2,2
2026-01-01 04:45:38,2026-01-01 04:47:20.231332340,226,84,0.36,9.08,2,1
2026-01-07 06:35:22,2026-01-07 06:39:58.625876584,154,262,3.58,2.68,4,2
2026-01-22 10:10:25,2026-01-22 10:11:54.637104328,44,118,1.28,0.89,2,2
2026-01-17 17:20:30,2026-01-17 17:41:31.933600937,61,32,1.55,24.17,4,1
2026-01-11 11:20:45,2026-01-11 11:32:11.548467258,131,38,5.26,53.83,1,1
2026-01-15 22:08:35,2026-01-15 22:17:52.273922024,144,155,1.5,71.69,2,1
2026-01-26 23:33:53,2026-01-26 23:48:16.411682930,150,30,0.22,0.38,3,1
2026-01-18 17:14:52,2026-01-18 17:28:15.473794450,34,116,10.29,26.51,1,2
2026-01-02 19:13:25,2026-01-02 19:50:46.747913038,41,123,5.66,7.22,2,2
2026-01-02 12:30:39,2026-01-02 13:12:12.141635076,106,104,2.73,13.97,4,1
2026-01-15 22:38:44,2026-01-15 22:58:57.810706328,168,147,1.81,4.13,2,2
2026-01-13 12:46:54,2026-01-13 12:47:54.000000000,254,243,0.23,9.37,4,1
2026-01-27 08:46:22,2026-01-27 08:47:22.000000000,2,261,1.72,63.98,3,2
2026-01-19 01:44:08,2026-01-19 01:45:35.931051746,21,55,4.45,4.4,4,1
2026-01-24 11:06:19,2026-01-24 11:25:37.312088248,94,247,1.77,47.19,4,2
2026-01-19 03:22:56,2026-01-19 03:23:56.000000000,249,71,2.67,28.87,3,2
2026-01-11 16:53:15,2026-01-11 17:08:36.088212960,56,155,0.11,44.98,1,1
2026-01-21 09:03:23,2026-01-21 09:07:53.377699658,6,144,0.95,10.31,4,2
2026-01-20 06:20:34,2026-01-20 06:26:31.439193838,28,37,1.29,17.52,3,2
2026-01-23 07:50:26,2026-01-23 08:01:16.908324284,129,107,2.05,10.78,2,2
2026-01-06 20:47:43,2026-01-06 20:59:26.765897668,148,45,1.49,19.44,3,2
2026-01-20 21:18:40,2026-01-20 21:31:02.047914154,62,21,0.52,21.8,3,1
2026-01-09 20:23:22,2026-01-09 20:33:59.102298088,32,124,1.36,0.72,4,2
2026-01-25 11:56:27,2026-01-25 11:59:49.419069660,142,48,7.37,6.33,4,1
2026-01-25 18:06:08,2026-01-25 18:07:08.000000000,7,238,8.11,1.42,3,1
2026-01-20 08:49:18,2026-01-20 08:59:19.634100144,189,246,6.48,17.52,3,1
2026-01-30 08:20:36,2026-01-30 08:22:00.539646132,204,102,0.66,34.97,4,2
2026-01-17 15:54:20,2026-01-17 16:00:29.343878090,231,174,0.17,24.35,3,1
2026-01-01 18:42:09,2026-01-01 18:46:11.115293183,54,264,0.95,6.8,1,2
2026-01-19 19:00:36,2026-01-19 19:19:33.736298934,199,47,0.37,9.71,3,2
2026-01-25 02:36:22,2026-01-25 02:41:09.420012394,4,129,2.81,6.41,4,2
2026-01-04 03:17:16,2026-01-04 03:34:14.542023058,162,104,1.14,8.9,1,2
2026-01-04 05:49:22,2026-01-04 06:14:41.573163364,81,256,3.08,5.02,2,2
2026-01-09 11:13:42,2026-01-09 11:15:11.983105848,109,244,6.9,3.89,2,2
2026-01-27 04:07:11,2026-01-27 04:35:08.052947504,23,202,0.84,4.65,3,2
2026-01-17 08:23:07,2026-01-17 08:54:55.115699866,10,162,1.26,18.63,1,2
2026-01-31 06:28:16,2026-01-31 07:02:33.882163138,74,242,1.34,9.71,1,1
2026-01-28 01:30:08,2026-01-28 01:39:35.226860708,41,261,0.02,33.98,1,2
2026-01-18 04:47:46,2026-01-18 04:53:22.038229762,99,94,1.11,45.9,1,1
2026-01-22 01:12:51,2026-01-22 01:13:51.000000000,145,216,12.3,3.43,3,2
2026-01-11 06:15:55,2026-01-11 06:17:46.256938522,3,127,0.48,14.28,4,1
2026-01-03 19:15:48,2026-01-03 19:50:35.150755854,42,260,0.17,3.48,2,2
2026-01-13 08:39:39,2026-01-13 08:41:38.515872600,159,106,0.19,4.39,1,2
2026-01-19 08:39:09,2026-01-19 08:52:16.028556774,198,116,0.59,-5.0,4,2
2026-01-06 15:33:04,2026-01-06 16:12:35.494314190,250,120,0.31,15.36,4,1
2026-01-07 20:58:23,2026-01-07 21:05:43.871295032,128,41,1.22,1.41,2,1
2026-01-01 11:09:20,2026-01-01 11:12:42.549821438,257,92,3.98,1.83,4,2
2026-01-23 18:06:29,2026-01-23 18:31:11.931620888,163,262,2.47,19.91,1,2
2026-01-28 21:10:30,2026-01-28 21:12:54.116930310,237,143,1.65,0.97,1,2
2026-01-26 15:36:57,2026-01-26 15:47:02.506611552,264,93,0.13,40.36,3,2
2026-01-12 18:43:04,2026-01-12 19:14:57.381979258,148,66,3.97,29.16,3,1
2026-01-19 09:31:53,2026-01-19 10:27:08.661224462,62,4,3.57,2.45,1,1
2026-01-30 18:50:17,2026-01-30 18:51:27.774603266,230,164,4.09,1.21,2,2
2026-01-19 07:58:25,2026-01-19 08:16:06.279528934,209,200,0.84,4.84,4,2
2026-01-10 04:08:25,2026-01-10 04:10:50.294099410,66,171,1.67,3.3,2,2
2026-01-11 11:54:43,2026-01-11 11:56:54.491611462,71,250,1.21,1.68,2,1
2026-01-23 12:59:10,2026-01-23 13:10:25.540966942,109,141,1.59,4.04,1,1
2026-01-14 20:00:36,2026-01-14 20:03:01.616769990,141,229,1.38,3.83,4,2
2026-01-26 22:57:19,2026-01-26 23:21:46.058189818,76,128,2.06,6.05,1,1
2026-01-27 18:53:47,2026-01-27 18:54:47.000000000,122,156,4.44,21.62,3,2
2026-01-02 02:39:37,2026-01-02 02:43:39.274160584,139,18,1.33,16.42,2,2
2026-01-23 10:09:01,2026-01-23 10:10:01.000000000,101,54,1.1,5.05,1,1
2026-01-12 11:14:59,2026-01-12 11:24:09.409735412,138,119,7.64,4.83,4,1
2026-01-17 02:41:48,2026-01-17 02:54:04.121283078,226,119,2.0,4.72,1,2
2026-01-09 05:00:23,2026-01-09 05:32:03.233573918,118,111,0.2,13.64,2,1
2026-01-12 09:57:53,2026-01-12 09:59:11.793769016,17,256,0.94,11.7,4,1
2026-01-11 05:48:10,2026-01-11 05:52:05.674120678,200,144,0.42,12.43,4,2
2026-01-02 13:28:57,2026-01-02 13:40:00.129709080,205,129,6.5,20.22,3,1
2026-01-25 06:22:54,2026-01-25 06:26:58.783643952,77,90,4.35,13.51,1,1
2026-01-05 10:23:51,2026-01-05 10:24:57.566509122,122,247,1.27,17.01,4,1
2026-01-12 15:35:38,2026-01-12 16:01:21.368737730,260,110,0.42,13.99,1,1
2026-01-06 23:36:38,2026-01-07 00:18:47.324806244,141,80,3.65,13.8,1,1
2026-01-05 23:29:36,2026-01-05 23:31:10.197285641,205,26,3.74,17.66,3,1
2026-01-12 13:47:50,2026-01-12 13:57:10.696210058,106,50,0.0,3.21,4,2
2026-01-29 11:33:42,2026-01-29 12:02:47.575368366,54,38,1.71,15.26,1,1
2026-01-30 06:26:34,2026-01-30 06:35:36.266871454,152,163,10.3,30.9,1,1
2026-01-12 19:59:05,2026-01-12 20:22:37.699300832,237,182,3.93,14.52,2,2
2026-01-16 15:50:02,2026-01-16 15:52:27.345556910,85,193,1.03,4.06,3,2
2026-01-31 13:21:35,2026-01-31 13:31:48.593949098,254,75,4.69,12.22,3,1
2026-01-08 06:43:15,2026-01-08 06:49:17.377850286,50,237,2.22,20.97,2,2
2026-01-30 06:51:44,2026-01-30 07:12:43.907789258,211,109,2.74,1.64,2,2
2026-01-04 06:40:41,2026-01-04 06:41:54.927919544,14,242,0.8,1.27,4,2
2026-01-08 00:02:07,2026-01-08 00:13:22.973062461,50,161,0.06,12.89,4,1
2026-01-11 11:41:57,2026-01-11 11:53:51.709356132,83,122,0.9,1.78,1,2
2026-01-02 03:35:26,2026-01-02 03:48:44.514294380,68,40,10.01,12.71,1,2
2026-01-26 06:54:12,2026-01-26 07:19:35.389707822,81,88,0.31,69.42,3,2
2026-01-27 12:25:46,2026-01-27 12:30:37.425418960,175,161,0.83,53.0,2,1
2026-01-12 21:12:25,2026-01-12 21:30:36.522125776,148,72,0.88,29.68,2,1
2026-01-26 22:16:16,2026-01-26 22:17:16.000000000,118,145,0.26,2.55,2,2
2026-01-24 22:44:39,2026-01-24 22:56:09.527801694,38,10,0.04,1.26,4,2
2026-01-25 20:14:44,2026-01-25 20:23:20.814478442,3,135,0.48,14.06,2,1
2026-01-25 21:12:45,2026-01-25 21:26:47.810925960,47,250,1.12,4.3,4,1
2026-01-18 18:40:14,2026-01-18 18:41:14.000000000,72,179,1.35,8.37,2,1
2026-01-04 10:27:02,2026-01-04 10:34:18.070319846,10,215,0.89,26.46,4,1
2026-01-29 15:04:26,2026-01-29 15:05:45.376820918,202,186,4.82,17.35,3,1
2026-01-19 20:50:34,2026-01-19 20:52:04.948974250,126,53,5.72,18.52,4,1
2026-01-28 22:32:26,2026-01-28 22:48:59.636954768,225,159,0.27,4.59,1,1
2026-01-30 17:34:02,2026-01-30 17:39:56.311035662,140,212,1.33,29.5,2,1
2026-01-06 19:14:56,2026-01-06 19:15:56.000000000,74,198,0.83,10.72,1,2
2026-01-13 11:11:26,2026-01-13 11:14:11.968272116,115,80,0.98,15.53,1,1
2026-01-06 23:12:55,2026-01-06 23:18:50.745206560,225,135,1.06,2.86,4,1
2026-01-02 13:54:08,2026-01-02 14:10:38.441833676,2,145,2.57,20.59,4,2
2026-01-30 23:00:22,2026-01-30 23:32:18.849120100,247,154,0.45,41.47,4,1
2026-01-29 14:56:13,2026-01-29 14:59:55.742879176,114,94,0.39,0.92,1,1
2026-01-29 21:12:57,2026-01-29 21:32:02.439545052,247,246,0.51,24.41,2,2
2026-01-28 09:26:51,2026-01-28 09:27:51.000000000,55,206,2.26,5.25,4,1
2026-01-21 02:41:15,2026-01-21 02:52:21.195435294,61,75,4.49,1.3,1,2
2026-01-17 04:28:23,2026-01-17 04:35:56.154796586,177,72,5.52,64.15,2,2
2026-01-31 17:39:23,2026-01-31 18:00:30.278526182,136,19,0.75,4.1,3,2
2026-01-18 02:52:34,2026-01-18 02:55:15.046484230,159,244,0.48,2.7,4,1
2026-01-20 21:58:08,2026-01-20 22:12:20.718518456,174,187,2.32,5.59,3,1
2026-01-07 13:32:07,2026-01-07 13:42:40.137099190,38,161,2.77,21.15,3,1
2026-01-24 03:33:03,2026-01-24 03:43:21.852388422,228,116,0.99,13.95,2,2
2026-01-26 09:40:16,2026-01-26 10:09:17.797956268,147,262,0.03,2.84,4,1
2026-01-22 00:49:28,2026-01-22 01:10:11.279906200,130,165,6.45,5.2,1,2
2026-01-16 10:57:30,2026-01-16 11:17:53.960305818,229,196,1.71,52.5,4,1
2026-01-07 03:12:49,2026-01-07 03:36:36.993625972,47,149,3.69,8.78,3,2
2026-01-02 01:12:18,2026-01-02 01:25:13.237663866,221,113,8.17,12.56,2,2
